source_row	uniprot_A	uniprot_B	label	a_sequence	b_sequence	decision	reason
2	A1L4W5	Q8H1E4	positive	True	True	kept	both_sequences_available
3	A8R7E6	A8R7E6	positive	True	True	kept	both_sequences_available
4	A9LNK9	O82312	positive	True	True	kept	both_sequences_available
5	A9LNK9	Q8GUP1	positive	True	True	kept	both_sequences_available
6	A9LNK9	Q9LKF9	positive	True	True	kept	both_sequences_available
7	B4F7R9	P17839	positive	True	True	kept	both_sequences_available
8	B7U179	Q710E8	positive	True	True	kept	both_sequences_available
9	B7U179	Q9C758	positive	True	True	kept	both_sequences_available
10	B7U179	Q9M1S9	positive	True	True	kept	both_sequences_available
11	B7U179	Q9SJW9	positive	True	True	kept	both_sequences_available
12	B7U179	Q9SU24	positive	True	True	kept	both_sequences_available
13	B9DG86	F4K210	positive	True	True	kept	both_sequences_available
14	B9DGI8	B9DGI8	positive	True	True	kept	both_sequences_available
15	B9DGI8	Q9LZP8	positive	True	True	kept	both_sequences_available
16	C0LGH4	O23320	positive	True	True	kept	both_sequences_available
17	C0LGH4	P25071	positive	True	True	kept	both_sequences_available
18	C0LGH4	P25854	positive	True	False	removed	sequence_missing_B
19	C0LGH4	P30187	positive	True	True	kept	both_sequences_available
20	C0LGH4	P59220	positive	True	True	kept	both_sequences_available
21	C0LGH4	Q03509	positive	True	True	kept	both_sequences_available
22	C0LGH4	Q9S744	positive	True	True	kept	both_sequences_available
23	C0LGU7	Q4VP08	positive	True	True	kept	both_sequences_available
24	C0LGU7	Q8VZG8	positive	True	True	kept	both_sequences_available
25	C0LGU7	Q9M0G7	positive	True	True	kept	both_sequences_available
26	C6KIE6	Q9XIB5	positive	True	True	kept	both_sequences_available
27	D3K0M2	O23320	positive	True	True	kept	both_sequences_available
28	D3K0M2	P25071	positive	True	True	kept	both_sequences_available
29	D3K0M2	P25854	positive	True	False	removed	sequence_missing_B
30	D3K0M2	P30187	positive	True	True	kept	both_sequences_available
31	D3K0M2	P59220	positive	True	True	kept	both_sequences_available
32	D3K0M2	Q03509	positive	True	True	kept	both_sequences_available
33	D3K0M2	Q9S744	positive	True	True	kept	both_sequences_available
34	F4HTH8	Q9SEX2	positive	True	True	kept	both_sequences_available
35	F4HZB2	Q9SJF3	positive	True	True	kept	both_sequences_available
36	F4HZY9	Q944A6	positive	True	True	kept	both_sequences_available
37	F4IAG2	F4IAG2	positive	True	True	kept	both_sequences_available
38	F4IEM5	P18064	positive	True	True	kept	both_sequences_available
39	F4IFC5	P82805	positive	True	True	kept	both_sequences_available
40	F4IHS2	O22456	positive	True	True	kept	both_sequences_available
41	F4IHS2	Q00958	positive	True	True	kept	both_sequences_available
42	F4IIM1	O48946	positive	True	True	kept	both_sequences_available
43	F4IIM1	Q941L0	positive	True	True	kept	both_sequences_available
44	F4IIM1	Q94JQ6	positive	True	True	kept	both_sequences_available
45	F4IIU4	Q9FHN8	positive	True	True	kept	both_sequences_available
46	F4IS56	P25854	positive	True	False	removed	sequence_missing_B
47	F4IS56	Q9S744	positive	True	True	kept	both_sequences_available
48	F4IZC5	Q8H0X6	positive	True	True	kept	both_sequences_available
49	F4J8D3	F4J8D3	positive	True	True	kept	both_sequences_available
50	F4J8D3	O04209	positive	True	True	kept	both_sequences_available
51	F4J8D3	Q0WLB5	positive	True	True	kept	both_sequences_available
52	F4JS25	Q9FPR2	positive	True	True	kept	both_sequences_available
53	F4K210	O49160	positive	True	True	kept	both_sequences_available
54	F4K210	Q42347	positive	True	True	kept	both_sequences_available
55	F4K210	Q9LD55	positive	True	True	kept	both_sequences_available
56	F4K6B8	O23320	positive	True	True	kept	both_sequences_available
57	F4K6B8	P25071	positive	True	True	kept	both_sequences_available
58	F4K6B8	P25854	positive	True	False	removed	sequence_missing_B
59	F4K6B8	P30187	positive	True	True	kept	both_sequences_available
60	F4K6B8	P59220	positive	True	True	kept	both_sequences_available
61	F4K6B8	Q03509	positive	True	True	kept	both_sequences_available
62	F4K6B8	Q9S744	positive	True	True	kept	both_sequences_available
63	F4KBF5	F4KBF5	positive	True	True	kept	both_sequences_available
64	F4KCL7	Q9LHE5	positive	True	True	kept	both_sequences_available
65	O04027	Q9LX49	positive	True	True	kept	both_sequences_available
66	O04197	Q39255	positive	True	True	kept	both_sequences_available
67	O04197	Q8W4J8	positive	True	True	kept	both_sequences_available
68	O04197	Q9LMA8	positive	True	True	kept	both_sequences_available
69	O04197	Q9LVI4	positive	True	True	kept	both_sequences_available
70	O04203	Q944A6	positive	True	True	kept	both_sequences_available
71	O04204	Q8LEQ0	positive	True	False	removed	sequence_missing_B
72	O04209	O04209	positive	True	True	kept	both_sequences_available
73	O04209	Q0WLB5	positive	True	True	kept	both_sequences_available
74	O04292	Q9LEZ3	positive	True	True	kept	both_sequences_available
75	O04292	Q9SAD4	positive	True	True	kept	both_sequences_available
76	O04336	P25069	positive	True	False	removed	sequence_missing_B
77	O04336	P59220	positive	True	True	kept	both_sequences_available
78	O04492	O04492	positive	True	True	kept	both_sequences_available
79	O04492	Q3EBC8	positive	True	True	kept	both_sequences_available
80	O04492	Q8GY79	positive	True	True	kept	both_sequences_available
81	O04492	Q9SP32	positive	True	True	kept	both_sequences_available
82	O04567	P25854	positive	True	False	removed	sequence_missing_B
83	O04567	P30187	positive	True	True	kept	both_sequences_available
84	O04567	P59220	positive	True	True	kept	both_sequences_available
85	O04567	Q03509	positive	True	True	kept	both_sequences_available
86	O04567	Q9S744	positive	True	True	kept	both_sequences_available
87	O04603	Q67XX3	positive	True	True	kept	both_sequences_available
88	O04663	P38418	positive	True	True	kept	both_sequences_available
89	O04663	Q9SMW7	positive	True	True	kept	both_sequences_available
90	O04714	P18064	positive	True	True	kept	both_sequences_available
91	O04719	Q84JG2	positive	True	True	kept	both_sequences_available
92	O04719	Q84MC7	positive	True	True	kept	both_sequences_available
93	O04719-1	O49686	positive	False	True	removed	sequence_missing_A
94	O04719-1	O80920	positive	False	True	removed	sequence_missing_A
95	O04719-1	O80992	positive	False	True	removed	sequence_missing_A
96	O04719-1	Q39192	positive	False	True	removed	sequence_missing_A
97	O04719-1	Q39193	positive	False	True	removed	sequence_missing_A
98	O04719-1	Q8S8E3	positive	False	True	removed	sequence_missing_A
99	O04719-1	Q8VZS8	positive	False	True	removed	sequence_missing_A
100	O04719-1	Q940H6	positive	False	True	removed	sequence_missing_A
101	O04719-1	Q9FLB1	positive	False	True	removed	sequence_missing_A
102	O04719-1	Q9SSM7	positive	False	True	removed	sequence_missing_A
103	O22042	Q03509	positive	True	True	kept	both_sequences_available
104	O22176	P25069	positive	True	False	removed	sequence_missing_B
105	O22179	O23320	positive	True	True	kept	both_sequences_available
106	O22179	P25071	positive	True	True	kept	both_sequences_available
107	O22179	P25854	positive	True	False	removed	sequence_missing_B
108	O22179	P30187	positive	True	True	kept	both_sequences_available
109	O22179	P59220	positive	True	True	kept	both_sequences_available
110	O22179	Q03509	positive	True	True	kept	both_sequences_available
111	O22179	Q9S744	positive	True	True	kept	both_sequences_available
112	O22265	O22265	positive	True	True	kept	both_sequences_available
113	O22265	P37107	positive	True	True	kept	both_sequences_available
114	O22265	Q01667	positive	True	True	kept	both_sequences_available
115	O22265	Q8LBP4	positive	True	True	kept	both_sequences_available
116	O22265	Q9XF89	positive	True	True	kept	both_sequences_available
117	O22267	Q05609	positive	True	True	kept	both_sequences_available
118	O22286	Q8H1E4	positive	True	True	kept	both_sequences_available
119	O22446	Q8GWF1	positive	True	True	kept	both_sequences_available
120	O22446	Q9LZV6	positive	True	True	kept	both_sequences_available
121	O22456	Q6EVK6	positive	True	True	kept	both_sequences_available
122	O22456	Q8W234	positive	True	True	kept	both_sequences_available
123	O22456	Q9FUY2	positive	True	True	kept	both_sequences_available
124	O22467	Q9LKZ3	positive	True	True	kept	both_sequences_available
125	O22467	Q9M0V3-1	positive	True	False	removed	sequence_missing_B
126	O22476	Q94AG2	positive	True	True	kept	both_sequences_available
127	O22607	O49552	positive	True	True	kept	both_sequences_available
128	O22607	P93831	positive	True	True	kept	both_sequences_available
129	O22607	Q9M0V3	positive	True	True	kept	both_sequences_available
130	O22609	O22609	positive	True	True	kept	both_sequences_available
131	O22763	O23320	positive	True	True	kept	both_sequences_available
132	O22763	P25071	positive	True	True	kept	both_sequences_available
133	O22763	P25854	positive	True	False	removed	sequence_missing_B
134	O22763	P30187	positive	True	True	kept	both_sequences_available
135	O22763	P59220	positive	True	True	kept	both_sequences_available
136	O22763	Q03509	positive	True	True	kept	both_sequences_available
137	O22763	Q9LZP8	positive	True	True	kept	both_sequences_available
138	O22763	Q9S744	positive	True	True	kept	both_sequences_available
139	O22971	Q8LAS7	positive	True	True	kept	both_sequences_available
140	O23144	P20649	positive	True	True	kept	both_sequences_available
141	O23145	O23320	positive	True	True	kept	both_sequences_available
142	O23145	P25071	positive	True	True	kept	both_sequences_available
143	O23145	P25854	positive	True	False	removed	sequence_missing_B
144	O23145	P30187	positive	True	True	kept	both_sequences_available
145	O23145	Q03509	positive	True	True	kept	both_sequences_available
146	O23145	Q9S744	positive	True	True	kept	both_sequences_available
147	O23171	Q9LFT6	positive	True	True	kept	both_sequences_available
148	O23320	O23552	positive	True	False	removed	sequence_missing_B
149	O23320	O48814	positive	True	True	kept	both_sequences_available
150	O23320	O64817	positive	True	True	kept	both_sequences_available
151	O23320	O65469	positive	True	True	kept	both_sequences_available
152	O23320	O80651	positive	True	True	kept	both_sequences_available
153	O23320	O81292	positive	True	True	kept	both_sequences_available
154	O23320	P27450	positive	True	True	kept	both_sequences_available
155	O23320	P29383	positive	True	True	kept	both_sequences_available
156	O23320	P43294	positive	True	True	kept	both_sequences_available
157	O23320	P55737	positive	True	True	kept	both_sequences_available
158	O23320	P93050	positive	True	True	kept	both_sequences_available
159	O23320	Q2V359	positive	True	True	kept	both_sequences_available
160	O23320	Q38876	positive	True	True	kept	both_sequences_available
161	O23320	Q39010	positive	True	True	kept	both_sequences_available
162	O23320	Q39050	positive	True	True	kept	both_sequences_available
163	O23320	Q42479	positive	True	True	kept	both_sequences_available
164	O23320	Q4PSU4	positive	True	True	kept	both_sequences_available
165	O23320	Q5XXJ3	positive	True	True	kept	both_sequences_available
166	O23320	Q70E96	positive	True	True	kept	both_sequences_available
167	O23320	Q7X9N2	positive	True	True	kept	both_sequences_available
168	O23320	Q84MD8	positive	True	True	kept	both_sequences_available
169	O23320	Q84WC8	positive	True	True	kept	both_sequences_available
170	O23320	Q8GY11	positive	True	True	kept	both_sequences_available
171	O23320	Q8GY88	positive	True	True	kept	both_sequences_available
172	O23320	Q8GYF5	positive	True	True	kept	both_sequences_available
173	O23320	Q8GZ99	positive	True	True	kept	both_sequences_available
174	O23320	Q8H1D6	positive	True	True	kept	both_sequences_available
175	O23320	Q8LE56	positive	True	False	removed	sequence_missing_B
176	O23320	Q8LG64	positive	True	False	removed	sequence_missing_B
177	O23320	Q8LPR4	positive	True	False	removed	sequence_missing_B
178	O23320	Q8RWQ8	positive	True	False	removed	sequence_missing_B
179	O23320	Q93XM6	positive	True	True	kept	both_sequences_available
180	O23320	Q93Z27	positive	True	True	kept	both_sequences_available
181	O23320	Q93Z30	positive	True	True	kept	both_sequences_available
182	O23320	Q9C960	positive	True	True	kept	both_sequences_available
183	O23320	Q9FGX2	positive	True	True	kept	both_sequences_available
184	O23320	Q9FGZ5	positive	True	True	kept	both_sequences_available
185	O23320	Q9FIW6	positive	True	True	kept	both_sequences_available
186	O23320	Q9FJK3	positive	True	True	kept	both_sequences_available
187	O23320	Q9FKR2	positive	True	True	kept	both_sequences_available
188	O23320	Q9FM43	positive	True	True	kept	both_sequences_available
189	O23320	Q9FMC2	positive	True	True	kept	both_sequences_available
190	O23320	Q9LDI3	positive	True	True	kept	both_sequences_available
191	O23320	Q9LEZ2	positive	True	False	removed	sequence_missing_B
192	O23320	Q9LFU3	positive	True	True	kept	both_sequences_available
193	O23320	Q9LHI7	positive	True	True	kept	both_sequences_available
194	O23320	Q9LJY7	positive	True	True	kept	both_sequences_available
195	O23320	Q9LKA4	positive	True	True	kept	both_sequences_available
196	O23320	Q9LQ65	positive	True	True	kept	both_sequences_available
197	O23320	Q9LSI9	positive	True	True	kept	both_sequences_available
198	O23320	Q9LV04	positive	True	True	kept	both_sequences_available
199	O23320	Q9LW66	positive	True	True	kept	both_sequences_available
200	O23320	Q9LX56	positive	True	True	kept	both_sequences_available
201	O23320	Q9LYL6	positive	True	True	kept	both_sequences_available
202	O23320	Q9LZV7	positive	True	True	kept	both_sequences_available
203	O23320	Q9M2K4	positive	True	True	kept	both_sequences_available
204	O23320	Q9M5K2	positive	True	True	kept	both_sequences_available
205	O23320	Q9M7Q2	positive	True	True	kept	both_sequences_available
206	O23320	Q9MAB4	positive	True	True	kept	both_sequences_available
207	O23320	Q9SGN7	positive	True	True	kept	both_sequences_available
208	O23320	Q9SJX8	positive	True	True	kept	both_sequences_available
209	O23320	Q9SKN2	positive	True	True	kept	both_sequences_available
210	O23320	Q9SND6	positive	True	True	kept	both_sequences_available
211	O23320	Q9SSF8	positive	True	True	kept	both_sequences_available
212	O23320	Q9SUP6	positive	True	True	kept	both_sequences_available
213	O23320	Q9SYB9	positive	True	True	kept	both_sequences_available
214	O23320	Q9SYP2	positive	True	True	kept	both_sequences_available
215	O23320	Q9SYS3	positive	True	True	kept	both_sequences_available
216	O23320	Q9SZ03	positive	True	True	kept	both_sequences_available
217	O23320	Q9ZPE4	positive	True	True	kept	both_sequences_available
218	O23320	Q9ZVM9	positive	True	True	kept	both_sequences_available
219	O23346	O23346	positive	True	True	kept	both_sequences_available
220	O23403	Q9SV55	positive	True	True	kept	both_sequences_available
221	O23552	P25071	positive	False	True	removed	sequence_missing_A
222	O23552	P25854	positive	False	False	removed	sequence_missing_A_and_B
223	O23552	P30187	positive	False	True	removed	sequence_missing_A
224	O23552	P59220	positive	False	True	removed	sequence_missing_A
225	O23552	Q03509	positive	False	True	removed	sequence_missing_A
226	O23552	Q9S744	positive	False	True	removed	sequence_missing_A
227	O23674	Q500U8	positive	True	True	kept	both_sequences_available
228	O23674	Q9LQ12	positive	True	True	kept	both_sequences_available
229	O23680	O23680	positive	True	True	kept	both_sequences_available
230	O23680	O81283	positive	True	True	kept	both_sequences_available
231	O24409	Q9SN12	positive	True	True	kept	both_sequences_available
232	O24606	Q8W4J8	positive	True	True	kept	both_sequences_available
233	O24606	Q9FML2	positive	True	True	kept	both_sequences_available
234	O24606	Q9LMA8	positive	True	True	kept	both_sequences_available
235	O24606	Q9LVI4	positive	True	True	kept	both_sequences_available
236	O24646	P43254	positive	True	True	kept	both_sequences_available
237	O24646	Q9LQZ7	positive	True	True	kept	both_sequences_available
238	O48661	Q94BN2	positive	True	True	kept	both_sequences_available
239	O48661	Q9ZUB3	positive	True	True	kept	both_sequences_available
240	O48726	Q9SII8	positive	True	True	kept	both_sequences_available
241	O48788	P25854	positive	True	False	removed	sequence_missing_B
242	O48788	P59220	positive	True	True	kept	both_sequences_available
243	O48963	O48963	positive	True	True	kept	both_sequences_available
244	O48963	Q9SWI1	positive	True	True	kept	both_sequences_available
245	O49160	Q9C5Z3	positive	True	True	kept	both_sequences_available
246	O49396	P25071	positive	True	True	kept	both_sequences_available
247	O49413	Q9LN63	positive	True	True	kept	both_sequences_available
248	O49552	Q8LGH4	positive	True	False	removed	sequence_missing_B
249	O49686	O49686	positive	True	True	kept	both_sequences_available
250	O49686	P49597	positive	True	True	kept	both_sequences_available
251	O49686	Q9CAJ0	positive	True	True	kept	both_sequences_available
252	O49687	Q8LBM2	positive	True	True	kept	both_sequences_available
253	O49687	Q8W4J8	positive	True	True	kept	both_sequences_available
254	O49687	Q9C5K8	positive	True	True	kept	both_sequences_available
255	O49839	P25854	positive	True	False	removed	sequence_missing_B
256	O49839	P30187	positive	True	True	kept	both_sequences_available
257	O49839	P59220	positive	True	True	kept	both_sequences_available
258	O49839	Q03509	positive	True	True	kept	both_sequences_available
259	O49839	Q9S744	positive	True	True	kept	both_sequences_available
260	O49840	P25854	positive	True	False	removed	sequence_missing_B
261	O49840	Q9S744	positive	True	True	kept	both_sequences_available
262	O50055	Q9SYX2	positive	True	True	kept	both_sequences_available
263	O64471	Q9LHE5	positive	True	True	kept	both_sequences_available
264	O64682	Q9C6B8	positive	True	True	kept	both_sequences_available
265	O64816	O64816	positive	True	True	kept	both_sequences_available
266	O64817	P25071	positive	True	True	kept	both_sequences_available
267	O64817	P25854	positive	True	False	removed	sequence_missing_B
268	O64817	P30187	positive	True	True	kept	both_sequences_available
269	O64817	P59220	positive	True	True	kept	both_sequences_available
270	O64817	Q03509	positive	True	True	kept	both_sequences_available
271	O64817	Q9S744	positive	True	True	kept	both_sequences_available
272	O64903	Q9LDI3	positive	True	True	kept	both_sequences_available
273	O65154	O65155	positive	True	True	kept	both_sequences_available
274	O65373	P22953	positive	True	True	kept	both_sequences_available
275	O65469	P25071	positive	True	True	kept	both_sequences_available
276	O65469	P25854	positive	True	False	removed	sequence_missing_B
277	O65469	P30187	positive	True	True	kept	both_sequences_available
278	O65469	P59220	positive	True	True	kept	both_sequences_available
279	O65469	Q03509	positive	True	True	kept	both_sequences_available
280	O65469	Q9S744	positive	True	True	kept	both_sequences_available
281	O65554	P25854	positive	True	False	removed	sequence_missing_B
282	O65554	P30187	positive	True	True	kept	both_sequences_available
283	O65554	P59220	positive	True	True	kept	both_sequences_available
284	O65554	Q03509	positive	True	True	kept	both_sequences_available
285	O65554	Q9S744	positive	True	True	kept	both_sequences_available
286	O65665	Q8L765	positive	True	True	kept	both_sequences_available
287	O80365	Q67XQ1	positive	True	True	kept	both_sequences_available
288	O80366	Q67XQ1	positive	True	True	kept	both_sequences_available
289	O80452	Q9C5U0	positive	True	True	kept	both_sequences_available
290	O80480	Q058P7	positive	True	True	kept	both_sequences_available
291	O80513	P24100	positive	True	True	kept	both_sequences_available
292	O80536	O80536	positive	True	True	kept	both_sequences_available
293	O80536	P14712	positive	True	True	kept	both_sequences_available
294	O80536	P14713	positive	True	True	kept	both_sequences_available
295	O80536	Q8GZM7	positive	True	True	kept	both_sequences_available
296	O80536	Q9SLH3	positive	True	True	kept	both_sequences_available
297	O80651	P25071	positive	True	True	kept	both_sequences_available
298	O80651	P25854	positive	True	False	removed	sequence_missing_B
299	O80651	P30187	positive	True	True	kept	both_sequences_available
300	O80651	P59220	positive	True	True	kept	both_sequences_available
301	O80651	Q03509	positive	True	True	kept	both_sequences_available
302	O80651	Q9S744	positive	True	True	kept	both_sequences_available
303	O80719	Q39023	positive	True	True	kept	both_sequences_available
304	O80719	Q39026	positive	True	True	kept	both_sequences_available
305	O80719	Q9LSF1	positive	True	True	kept	both_sequences_available
306	O80920	P49597	positive	True	True	kept	both_sequences_available
307	O80920	P49598	positive	True	True	kept	both_sequences_available
308	O80920	Q9CAJ0	positive	True	True	kept	both_sequences_available
309	O80920	Q9LMA8	positive	True	True	kept	both_sequences_available
310	O80931	Q8RY59	positive	True	False	removed	sequence_missing_B
311	O80982	O80982	positive	True	True	kept	both_sequences_available
312	O80992	O80992	positive	True	True	kept	both_sequences_available
313	O80992	P49597	positive	True	True	kept	both_sequences_available
314	O80992	Q9CAJ0	positive	True	True	kept	both_sequences_available
315	O81001	Q8L8A5	positive	True	True	kept	both_sequences_available
316	O81126	P51567	positive	True	True	kept	both_sequences_available
317	O81127	Q42404	positive	True	True	kept	both_sequences_available
318	O81223	Q9LDI3	positive	True	True	kept	both_sequences_available
319	O81275	P92973	positive	True	True	kept	both_sequences_available
320	O81275	Q6R0H1	positive	True	True	kept	both_sequences_available
321	O81283	Q38906	positive	True	True	kept	both_sequences_available
322	O81292	P25071	positive	True	True	kept	both_sequences_available
323	O81292	P25854	positive	True	False	removed	sequence_missing_B
324	O81292	P30187	positive	True	True	kept	both_sequences_available
325	O81292	P59220	positive	True	True	kept	both_sequences_available
326	O81292	Q03509	positive	True	True	kept	both_sequences_available
327	O81292	Q9S744	positive	True	True	kept	both_sequences_available
328	O81346	P59220	positive	True	True	kept	both_sequences_available
329	O81445	Q8RWC9	positive	True	False	removed	sequence_missing_B
330	O81775	Q9S752	positive	True	True	kept	both_sequences_available
331	O82132	Q7XYY2-1	positive	True	False	removed	sequence_missing_B
332	O82132	Q8RY59	positive	True	False	removed	sequence_missing_B
333	O82312	Q9LKF9	positive	True	True	kept	both_sequences_available
334	O82345	P25069	positive	True	False	removed	sequence_missing_B
335	O82462	Q38834	positive	True	True	kept	both_sequences_available
336	O82462	Q43127	positive	True	True	kept	both_sequences_available
337	O82462	Q940T9	positive	True	True	kept	both_sequences_available
338	O82754	P25854	positive	True	False	removed	sequence_missing_B
339	O82754	Q9S744	positive	True	True	kept	both_sequences_available
340	P0DKH5	P0DKH5	positive	True	True	kept	both_sequences_available
341	P0DKH5	Q9XGM3	positive	True	True	kept	both_sequences_available
342	P14712-1	Q8GXX7	positive	False	True	removed	sequence_missing_A
343	P14713	P14713	positive	True	True	kept	both_sequences_available
344	P14713	Q96524	positive	True	True	kept	both_sequences_available
345	P15459	Q9C5U2	positive	True	True	kept	both_sequences_available
346	P17597	P17597	positive	True	True	kept	both_sequences_available
347	P17839	Q1PEU3	positive	True	True	kept	both_sequences_available
348	P17839	Q5XXN8	positive	True	True	kept	both_sequences_available
349	P18064	Q8H1F2	positive	True	True	kept	both_sequences_available
350	P19456	Q01525	positive	True	True	kept	both_sequences_available
351	P22953	P25071	positive	True	True	kept	both_sequences_available
352	P22953	Q9LYP4	positive	True	True	kept	both_sequences_available
353	P23321	Q8GRU8	positive	True	True	kept	both_sequences_available
354	P23321	Q9LHA8	positive	True	True	kept	both_sequences_available
355	P24100	Q67Y93	positive	True	True	kept	both_sequences_available
356	P24100	Q9FKF6	positive	True	True	kept	both_sequences_available
357	P24100	Q9LJ45	positive	True	True	kept	both_sequences_available
358	P24100	Q9LZ78	positive	True	True	kept	both_sequences_available
359	P24100	Q9SHD3	positive	True	True	kept	both_sequences_available
360	P25069	Q93WU6	positive	False	True	removed	sequence_missing_A
361	P25069	Q949Y0	positive	False	True	removed	sequence_missing_A
362	P25069	Q9FHN8	positive	False	True	removed	sequence_missing_A
363	P25069	Q9LPZ9	positive	False	True	removed	sequence_missing_A
364	P25069	Q9SJA8	positive	False	True	removed	sequence_missing_A
365	P25069	Q9SR07	positive	False	True	removed	sequence_missing_A
366	P25069	Q9STX0	positive	False	True	removed	sequence_missing_A
367	P25069	Q9SV15	positive	False	True	removed	sequence_missing_A
368	P25071	P27450	positive	True	True	kept	both_sequences_available
369	P25071	P43294	positive	True	True	kept	both_sequences_available
370	P25071	P55737	positive	True	True	kept	both_sequences_available
371	P25071	P83755	positive	True	True	kept	both_sequences_available
372	P25071	Q2V359	positive	True	True	kept	both_sequences_available
373	P25071	Q38876	positive	True	True	kept	both_sequences_available
374	P25071	Q39010	positive	True	True	kept	both_sequences_available
375	P25071	Q39019	positive	True	True	kept	both_sequences_available
376	P25071	Q39050	positive	True	True	kept	both_sequences_available
377	P25071	Q39254	positive	True	True	kept	both_sequences_available
378	P25071	Q42479	positive	True	True	kept	both_sequences_available
379	P25071	Q4PSU4	positive	True	True	kept	both_sequences_available
380	P25071	Q5XXJ3	positive	True	True	kept	both_sequences_available
381	P25071	Q70E96	positive	True	True	kept	both_sequences_available
382	P25071	Q7X7A9	positive	True	True	kept	both_sequences_available
383	P25071	Q7X9N2	positive	True	True	kept	both_sequences_available
384	P25071	Q7Y224	positive	True	True	kept	both_sequences_available
385	P25071	Q84WC8	positive	True	True	kept	both_sequences_available
386	P25071	Q8GY11	positive	True	True	kept	both_sequences_available
387	P25071	Q8GY88	positive	True	True	kept	both_sequences_available
388	P25071	Q8GYF5	positive	True	True	kept	both_sequences_available
389	P25071	Q8GZ99	positive	True	True	kept	both_sequences_available
390	P25071	Q8H1D6	positive	True	True	kept	both_sequences_available
391	P25071	Q8LE56	positive	True	False	removed	sequence_missing_B
392	P25071	Q8LG64	positive	True	False	removed	sequence_missing_B
393	P25071	Q8LPR4	positive	True	False	removed	sequence_missing_B
394	P25071	Q8RWQ8	positive	True	False	removed	sequence_missing_B
395	P25071	Q8RWY0	positive	True	False	removed	sequence_missing_B
396	P25071	Q93XM6	positive	True	True	kept	both_sequences_available
397	P25071	Q93Z27	positive	True	True	kept	both_sequences_available
398	P25071	Q93Z30	positive	True	True	kept	both_sequences_available
399	P25071	Q9C562	positive	True	True	kept	both_sequences_available
400	P25071	Q9C7R6	positive	True	True	kept	both_sequences_available
401	P25071	Q9C960	positive	True	True	kept	both_sequences_available
402	P25071	Q9FGX2	positive	True	True	kept	both_sequences_available
403	P25071	Q9FGZ5	positive	True	True	kept	both_sequences_available
404	P25071	Q9FHZ1	positive	True	True	kept	both_sequences_available
405	P25071	Q9FIW6	positive	True	True	kept	both_sequences_available
406	P25071	Q9FJK3	positive	True	True	kept	both_sequences_available
407	P25071	Q9FJV0	positive	True	True	kept	both_sequences_available
408	P25071	Q9FM43	positive	True	True	kept	both_sequences_available
409	P25071	Q9FMC2	positive	True	True	kept	both_sequences_available
410	P25071	Q9LDI3	positive	True	True	kept	both_sequences_available
411	P25071	Q9LFU3	positive	True	True	kept	both_sequences_available
412	P25071	Q9LHI7	positive	True	True	kept	both_sequences_available
413	P25071	Q9LJ68	positive	True	True	kept	both_sequences_available
414	P25071	Q9LJZ2	positive	True	True	kept	both_sequences_available
415	P25071	Q9LKA4	positive	True	True	kept	both_sequences_available
416	P25071	Q9LNX6	positive	True	False	removed	sequence_missing_B
417	P25071	Q9LPK5	positive	True	True	kept	both_sequences_available
418	P25071	Q9LQ65	positive	True	True	kept	both_sequences_available
419	P25071	Q9LSI9	positive	True	True	kept	both_sequences_available
420	P25071	Q9LTW2	positive	True	True	kept	both_sequences_available
421	P25071	Q9LV04	positive	True	True	kept	both_sequences_available
422	P25071	Q9LX56	positive	True	True	kept	both_sequences_available
423	P25071	Q9LYG8	positive	True	True	kept	both_sequences_available
424	P25071	Q9LYL6	positive	True	True	kept	both_sequences_available
425	P25071	Q9LZP8	positive	True	True	kept	both_sequences_available
426	P25071	Q9M2K4	positive	True	True	kept	both_sequences_available
427	P25071	Q9M7Q2	positive	True	True	kept	both_sequences_available
428	P25071	Q9M9C3	positive	True	True	kept	both_sequences_available
429	P25071	Q9S7H5	positive	True	True	kept	both_sequences_available
430	P25071	Q9SJX8	positive	True	True	kept	both_sequences_available
431	P25071	Q9SKN2	positive	True	True	kept	both_sequences_available
432	P25071	Q9SSF8	positive	True	True	kept	both_sequences_available
433	P25071	Q9SUP6	positive	True	True	kept	both_sequences_available
434	P25071	Q9SYP2	positive	True	True	kept	both_sequences_available
435	P25071	Q9SYS3	positive	True	True	kept	both_sequences_available
436	P25071	Q9SZ03	positive	True	True	kept	both_sequences_available
437	P25071	Q9XID3	positive	True	True	kept	both_sequences_available
438	P25071	Q9ZPE4	positive	True	True	kept	both_sequences_available
439	P25071	Q9ZUI9	positive	True	True	kept	both_sequences_available
440	P25071	Q9ZVM9	positive	True	True	kept	both_sequences_available
441	P25697	Q9LZP9	positive	True	True	kept	both_sequences_available
442	P25854	P27450	positive	False	True	removed	sequence_missing_A
443	P25854	P43294	positive	False	True	removed	sequence_missing_A
444	P25854	P55737	positive	False	True	removed	sequence_missing_A
445	P25854	P83755	positive	False	True	removed	sequence_missing_A
446	P25854	P92525	positive	False	True	removed	sequence_missing_A
447	P25854	P93050	positive	False	True	removed	sequence_missing_A
448	P25854	Q0WPH8	positive	False	True	removed	sequence_missing_A
449	P25854	Q29Q72	positive	False	True	removed	sequence_missing_A
450	P25854	Q2V359	positive	False	True	removed	sequence_missing_A
451	P25854	Q38847	positive	False	True	removed	sequence_missing_A
452	P25854	Q38876	positive	False	True	removed	sequence_missing_A
453	P25854	Q39010	positive	False	True	removed	sequence_missing_A
454	P25854	Q39019	positive	False	True	removed	sequence_missing_A
455	P25854	Q39021	positive	False	True	removed	sequence_missing_A
456	P25854	Q39050	positive	False	True	removed	sequence_missing_A
457	P25854	Q39140	positive	False	True	removed	sequence_missing_A
458	P25854	Q39254	positive	False	True	removed	sequence_missing_A
459	P25854	Q3E9X6	positive	False	True	removed	sequence_missing_A
460	P25854	Q42479	positive	False	True	removed	sequence_missing_A
461	P25854	Q4PSE3	positive	False	True	removed	sequence_missing_A
462	P25854	Q4PSU4	positive	False	True	removed	sequence_missing_A
463	P25854	Q5XXJ3	positive	False	True	removed	sequence_missing_A
464	P25854	Q70E96	positive	False	True	removed	sequence_missing_A
465	P25854	Q7X9H6	positive	False	True	removed	sequence_missing_A
466	P25854	Q7X9N2	positive	False	True	removed	sequence_missing_A
467	P25854	Q84W01	positive	False	True	removed	sequence_missing_A
468	P25854	Q84WC8	positive	False	True	removed	sequence_missing_A
469	P25854	Q84WW1	positive	False	True	removed	sequence_missing_A
470	P25854	Q8GY11	positive	False	True	removed	sequence_missing_A
471	P25854	Q8GY88	positive	False	True	removed	sequence_missing_A
472	P25854	Q8GYF5	positive	False	True	removed	sequence_missing_A
473	P25854	Q8GYP4	positive	False	True	removed	sequence_missing_A
474	P25854	Q8GZ99	positive	False	True	removed	sequence_missing_A
475	P25854	Q8H1D6	positive	False	True	removed	sequence_missing_A
476	P25854	Q8LAW2	positive	False	True	removed	sequence_missing_A
477	P25854	Q8LE56	positive	False	False	removed	sequence_missing_A_and_B
478	P25854	Q8LG64	positive	False	False	removed	sequence_missing_A_and_B
479	P25854	Q8RWQ8	positive	False	False	removed	sequence_missing_A_and_B
480	P25854	Q8RYD9	positive	False	False	removed	sequence_missing_A_and_B
481	P25854	Q8VZK4	positive	False	True	removed	sequence_missing_A
482	P25854	Q8W490	positive	False	True	removed	sequence_missing_A
483	P25854	Q93XM6	positive	False	True	removed	sequence_missing_A
484	P25854	Q93Z27	positive	False	True	removed	sequence_missing_A
485	P25854	Q93Z30	positive	False	True	removed	sequence_missing_A
486	P25854	Q944J2	positive	False	True	removed	sequence_missing_A
487	P25854	Q94AA4	positive	False	True	removed	sequence_missing_A
488	P25854	Q9C5C0	positive	False	True	removed	sequence_missing_A
489	P25854	Q9C9Q4	positive	False	True	removed	sequence_missing_A
490	P25854	Q9FFN7	positive	False	True	removed	sequence_missing_A
491	P25854	Q9FGX2	positive	False	True	removed	sequence_missing_A
492	P25854	Q9FGZ5	positive	False	True	removed	sequence_missing_A
493	P25854	Q9FHN8	positive	False	True	removed	sequence_missing_A
494	P25854	Q9FHZ1	positive	False	True	removed	sequence_missing_A
495	P25854	Q9FIK0	positive	False	True	removed	sequence_missing_A
496	P25854	Q9FIW6	positive	False	True	removed	sequence_missing_A
497	P25854	Q9FJK3	positive	False	True	removed	sequence_missing_A
498	P25854	Q9FL03	positive	False	True	removed	sequence_missing_A
499	P25854	Q9FL19	positive	False	True	removed	sequence_missing_A
500	P25854	Q9FLL0	positive	False	True	removed	sequence_missing_A
501	P25854	Q9FLV4	positive	False	True	removed	sequence_missing_A
502	P25854	Q9FM69	positive	False	True	removed	sequence_missing_A
503	P25854	Q9FMC2	positive	False	True	removed	sequence_missing_A
504	P25854	Q9FME9	positive	False	True	removed	sequence_missing_A
505	P25854	Q9FMY3	positive	False	True	removed	sequence_missing_A
506	P25854	Q9FN02	positive	False	True	removed	sequence_missing_A
507	P25854	Q9FUD3	positive	False	True	removed	sequence_missing_A
508	P25854	Q9LDI3	positive	False	True	removed	sequence_missing_A
509	P25854	Q9LFU3	positive	False	True	removed	sequence_missing_A
510	P25854	Q9LHI7	positive	False	True	removed	sequence_missing_A
511	P25854	Q9LJL9	positive	False	True	removed	sequence_missing_A
512	P25854	Q9LJY7	positive	False	True	removed	sequence_missing_A
513	P25854	Q9LNX6	positive	False	False	removed	sequence_missing_A_and_B
514	P25854	Q9LQ65	positive	False	True	removed	sequence_missing_A
515	P25854	Q9LS24	positive	False	True	removed	sequence_missing_A
516	P25854	Q9LSI9	positive	False	True	removed	sequence_missing_A
517	P25854	Q9LV04	positive	False	True	removed	sequence_missing_A
518	P25854	Q9LW66	positive	False	True	removed	sequence_missing_A
519	P25854	Q9LX56	positive	False	True	removed	sequence_missing_A
520	P25854	Q9LYL6	positive	False	True	removed	sequence_missing_A
521	P25854	Q9LZP8	positive	False	True	removed	sequence_missing_A
522	P25854	Q9LZV7	positive	False	True	removed	sequence_missing_A
523	P25854	Q9M2K4	positive	False	True	removed	sequence_missing_A
524	P25854	Q9M2L4	positive	False	True	removed	sequence_missing_A
525	P25854	Q9M7Q2	positive	False	True	removed	sequence_missing_A
526	P25854	Q9M844	positive	False	True	removed	sequence_missing_A
527	P25854	Q9M8T0	positive	False	True	removed	sequence_missing_A
528	P25854	Q9M8W6	positive	False	True	removed	sequence_missing_A
529	P25854	Q9M9C3	positive	False	True	removed	sequence_missing_A
530	P25854	Q9M9C5	positive	False	True	removed	sequence_missing_A
531	P25854	Q9S7H5	positive	False	True	removed	sequence_missing_A
532	P25854	Q9SGN7	positive	False	True	removed	sequence_missing_A
533	P25854	Q9SJX8	positive	False	True	removed	sequence_missing_A
534	P25854	Q9SKN2	positive	False	True	removed	sequence_missing_A
535	P25854	Q9SL70	positive	False	True	removed	sequence_missing_A
536	P25854	Q9SLP1	positive	False	True	removed	sequence_missing_A
537	P25854	Q9SND6	positive	False	True	removed	sequence_missing_A
538	P25854	Q9SSC7	positive	False	True	removed	sequence_missing_A
539	P25854	Q9SSF8	positive	False	True	removed	sequence_missing_A
540	P25854	Q9SUP6	positive	False	True	removed	sequence_missing_A
541	P25854	Q9SYS3	positive	False	True	removed	sequence_missing_A
542	P25854	Q9SZ03	positive	False	True	removed	sequence_missing_A
543	P25854	Q9SZJ6	positive	False	True	removed	sequence_missing_A
544	P25854	Q9T074	positive	False	True	removed	sequence_missing_A
545	P25854	Q9ZPE4	positive	False	True	removed	sequence_missing_A
546	P25854	Q9ZRF9	positive	False	True	removed	sequence_missing_A
547	P25854	Q9ZUI9	positive	False	True	removed	sequence_missing_A
548	P25854	Q9ZVM9	positive	False	True	removed	sequence_missing_A
549	P25856	Q9LZP9	positive	True	True	kept	both_sequences_available
550	P27202	Q8VZW1	positive	True	True	kept	both_sequences_available
551	P27323	Q9LDC0	positive	True	True	kept	both_sequences_available
552	P27450	P30187	positive	True	True	kept	both_sequences_available
553	P27450	P59220	positive	True	True	kept	both_sequences_available
554	P27450	Q03509	positive	True	True	kept	both_sequences_available
555	P27450	Q9S744	positive	True	True	kept	both_sequences_available
556	P30187	P43294	positive	True	True	kept	both_sequences_available
557	P30187	P55737	positive	True	True	kept	both_sequences_available
558	P30187	P83755	positive	True	True	kept	both_sequences_available
559	P30187	P92525	positive	True	True	kept	both_sequences_available
560	P30187	P93050	positive	True	True	kept	both_sequences_available
561	P30187	Q29Q72	positive	True	True	kept	both_sequences_available
562	P30187	Q2V359	positive	True	True	kept	both_sequences_available
563	P30187	Q38847	positive	True	True	kept	both_sequences_available
564	P30187	Q39010	positive	True	True	kept	both_sequences_available
565	P30187	Q39050	positive	True	True	kept	both_sequences_available
566	P30187	Q39162	positive	True	True	kept	both_sequences_available
567	P30187	Q39254	positive	True	True	kept	both_sequences_available
568	P30187	Q42479	positive	True	True	kept	both_sequences_available
569	P30187	Q4PSE3	positive	True	True	kept	both_sequences_available
570	P30187	Q4PSU4	positive	True	True	kept	both_sequences_available
571	P30187	Q5XXJ3	positive	True	True	kept	both_sequences_available
572	P30187	Q70E96	positive	True	True	kept	both_sequences_available
573	P30187	Q7X9H6	positive	True	True	kept	both_sequences_available
574	P30187	Q7X9N2	positive	True	True	kept	both_sequences_available
575	P30187	Q84WC8	positive	True	True	kept	both_sequences_available
576	P30187	Q84WW1	positive	True	True	kept	both_sequences_available
577	P30187	Q8GY11	positive	True	True	kept	both_sequences_available
578	P30187	Q8GY88	positive	True	True	kept	both_sequences_available
579	P30187	Q8GYF5	positive	True	True	kept	both_sequences_available
580	P30187	Q8GZ99	positive	True	True	kept	both_sequences_available
581	P30187	Q8H1D6	positive	True	True	kept	both_sequences_available
582	P30187	Q8LAW2	positive	True	True	kept	both_sequences_available
583	P30187	Q8LE56	positive	True	False	removed	sequence_missing_B
584	P30187	Q8LG64	positive	True	False	removed	sequence_missing_B
585	P30187	Q8LPR4	positive	True	False	removed	sequence_missing_B
586	P30187	Q8RWQ8	positive	True	False	removed	sequence_missing_B
587	P30187	Q8RYD9	positive	True	False	removed	sequence_missing_B
588	P30187	Q8VZK4	positive	True	True	kept	both_sequences_available
589	P30187	Q8W490	positive	True	True	kept	both_sequences_available
590	P30187	Q93XM6	positive	True	True	kept	both_sequences_available
591	P30187	Q93Z27	positive	True	True	kept	both_sequences_available
592	P30187	Q93Z30	positive	True	True	kept	both_sequences_available
593	P30187	Q9C5C0	positive	True	True	kept	both_sequences_available
594	P30187	Q9C9Q4	positive	True	True	kept	both_sequences_available
595	P30187	Q9FGX2	positive	True	True	kept	both_sequences_available
596	P30187	Q9FGZ5	positive	True	True	kept	both_sequences_available
597	P30187	Q9FHQ3	positive	True	True	kept	both_sequences_available
598	P30187	Q9FIK0	positive	True	True	kept	both_sequences_available
599	P30187	Q9FIW6	positive	True	True	kept	both_sequences_available
600	P30187	Q9FJK3	positive	True	True	kept	both_sequences_available
601	P30187	Q9FL03	positive	True	True	kept	both_sequences_available
602	P30187	Q9FL19	positive	True	True	kept	both_sequences_available
603	P30187	Q9FLL0	positive	True	True	kept	both_sequences_available
604	P30187	Q9FLV4	positive	True	True	kept	both_sequences_available
605	P30187	Q9FMC2	positive	True	True	kept	both_sequences_available
606	P30187	Q9FME9	positive	True	True	kept	both_sequences_available
607	P30187	Q9FUD3	positive	True	True	kept	both_sequences_available
608	P30187	Q9LDI3	positive	True	True	kept	both_sequences_available
609	P30187	Q9LFU3	positive	True	True	kept	both_sequences_available
610	P30187	Q9LHI7	positive	True	True	kept	both_sequences_available
611	P30187	Q9LJL9	positive	True	True	kept	both_sequences_available
612	P30187	Q9LJY7	positive	True	True	kept	both_sequences_available
613	P30187	Q9LQ65	positive	True	True	kept	both_sequences_available
614	P30187	Q9LSI9	positive	True	True	kept	both_sequences_available
615	P30187	Q9LV04	positive	True	True	kept	both_sequences_available
616	P30187	Q9LW45	positive	True	True	kept	both_sequences_available
617	P30187	Q9LW66	positive	True	True	kept	both_sequences_available
618	P30187	Q9LX56	positive	True	True	kept	both_sequences_available
619	P30187	Q9LYL6	positive	True	True	kept	both_sequences_available
620	P30187	Q9LZP8	positive	True	True	kept	both_sequences_available
621	P30187	Q9LZV7	positive	True	True	kept	both_sequences_available
622	P30187	Q9M2K4	positive	True	True	kept	both_sequences_available
623	P30187	Q9M7Q2	positive	True	True	kept	both_sequences_available
624	P30187	Q9M8T0	positive	True	True	kept	both_sequences_available
625	P30187	Q9M9C3	positive	True	True	kept	both_sequences_available
626	P30187	Q9M9C5	positive	True	True	kept	both_sequences_available
627	P30187	Q9SGN7	positive	True	True	kept	both_sequences_available
628	P30187	Q9SJX8	positive	True	True	kept	both_sequences_available
629	P30187	Q9SKN2	positive	True	True	kept	both_sequences_available
630	P30187	Q9SL70	positive	True	True	kept	both_sequences_available
631	P30187	Q9SLP1	positive	True	True	kept	both_sequences_available
632	P30187	Q9SND6	positive	True	True	kept	both_sequences_available
633	P30187	Q9SSC7	positive	True	True	kept	both_sequences_available
634	P30187	Q9SSF8	positive	True	True	kept	both_sequences_available
635	P30187	Q9SUP6	positive	True	True	kept	both_sequences_available
636	P30187	Q9SYS3	positive	True	True	kept	both_sequences_available
637	P30187	Q9SZ03	positive	True	True	kept	both_sequences_available
638	P30187	Q9SZJ6	positive	True	True	kept	both_sequences_available
639	P30187	Q9T074	positive	True	True	kept	both_sequences_available
640	P30187	Q9ZPE4	positive	True	True	kept	both_sequences_available
641	P30187	Q9ZUI9	positive	True	True	kept	both_sequences_available
642	P30187	Q9ZVM9	positive	True	True	kept	both_sequences_available
643	P30302	Q08733	positive	True	True	kept	both_sequences_available
644	P30302	Q9ZVX8	positive	True	True	kept	both_sequences_available
645	P34047	P34047	positive	True	True	kept	both_sequences_available
646	P34791	Q42588	positive	True	True	kept	both_sequences_available
647	P35631	Q8W234	positive	True	True	kept	both_sequences_available
648	P35631	Q9FUY2	positive	True	True	kept	both_sequences_available
649	P40228	P92973	positive	True	True	kept	both_sequences_available
650	P40940	Q8S2T0	positive	True	False	removed	sequence_missing_B
651	P42697	Q5W7F2	positive	True	True	kept	both_sequences_available
652	P42697	Q9C5U2	positive	True	True	kept	both_sequences_available
653	P42752	Q9LZ78	positive	True	True	kept	both_sequences_available
654	P42752	Q9SGE2	positive	True	True	kept	both_sequences_available
655	P43254	P43254	positive	True	True	kept	both_sequences_available
656	P43254	P93025	positive	True	True	kept	both_sequences_available
657	P43254	Q39057	positive	True	True	kept	both_sequences_available
658	P43254	Q43125	positive	True	True	kept	both_sequences_available
659	P43254	Q8W4J9	positive	True	True	kept	both_sequences_available
660	P43254	Q94BM7	positive	True	True	kept	both_sequences_available
661	P43254	Q96524	positive	True	True	kept	both_sequences_available
662	P43254	Q9SK53	positive	True	True	kept	both_sequences_available
663	P43273	P93002	positive	True	True	kept	both_sequences_available
664	P43273	Q8LF89	positive	True	False	removed	sequence_missing_B
665	P43291	Q39090	positive	True	True	kept	both_sequences_available
666	P43294	P59220	positive	True	True	kept	both_sequences_available
667	P43294	Q03509	positive	True	True	kept	both_sequences_available
668	P43294	Q9S744	positive	True	True	kept	both_sequences_available
669	P43298	P46014	positive	True	True	kept	both_sequences_available
670	P46014	P47735	positive	True	True	kept	both_sequences_available
671	P46014	Q8GYA4	positive	True	True	kept	both_sequences_available
672	P46014	Q9C5S9	positive	True	True	kept	both_sequences_available
673	P46014	Q9SYQ8	positive	True	True	kept	both_sequences_available
674	P46639	Q9LZM8	positive	True	True	kept	both_sequences_available
675	P47998	Q9MAX3	positive	True	True	kept	both_sequences_available
676	P48349	Q94AG2	positive	True	True	kept	both_sequences_available
677	P48349	Q9FK25	positive	True	True	kept	both_sequences_available
678	P48641	P48641	positive	True	True	kept	both_sequences_available
679	P48731	Q38874	positive	True	True	kept	both_sequences_available
680	P49177	Q93V47	positive	True	True	kept	both_sequences_available
681	P49177	Q9FDX9	positive	True	True	kept	both_sequences_available
682	P49333	Q05609	positive	True	True	kept	both_sequences_available
683	P49333	Q9S814	positive	True	True	kept	both_sequences_available
684	P49597	Q39192	positive	True	True	kept	both_sequences_available
685	P49597	Q39193	positive	True	True	kept	both_sequences_available
686	P49597	Q8S8E3	positive	True	True	kept	both_sequences_available
687	P49597	Q8VZS8	positive	True	True	kept	both_sequences_available
688	P49597	Q93ZY2	positive	True	True	kept	both_sequences_available
689	P49597	Q940H6	positive	True	True	kept	both_sequences_available
690	P49597	Q9FLB1	positive	True	True	kept	both_sequences_available
691	P49597	Q9M101	positive	True	True	kept	both_sequences_available
692	P49597	Q9M9E9	positive	True	True	kept	both_sequences_available
693	P49597	Q9SSM7	positive	True	True	kept	both_sequences_available
694	P49597	Q9ZSA2	positive	True	True	kept	both_sequences_available
695	P49598	Q39192	positive	True	True	kept	both_sequences_available
696	P49598	Q39193	positive	True	True	kept	both_sequences_available
697	P49598	Q940H6	positive	True	True	kept	both_sequences_available
698	P49598	Q9LD83	positive	True	True	kept	both_sequences_available
699	P49677	P49677	positive	True	True	kept	both_sequences_available
700	P51567	Q9SEU4	positive	True	True	kept	both_sequences_available
701	P54609	P54609	positive	True	True	kept	both_sequences_available
702	P54609	Q94AG2	positive	True	True	kept	both_sequences_available
703	P55034	Q84L30	positive	True	True	kept	both_sequences_available
704	P55034	Q84L31	positive	True	True	kept	both_sequences_available
705	P55034	Q84L32	positive	True	True	kept	both_sequences_available
706	P55034	Q84L33	positive	True	True	kept	both_sequences_available
707	P55034	Q9SII8	positive	True	True	kept	both_sequences_available
708	P55737	P55737	positive	True	True	kept	both_sequences_available
709	P55737	P59220	positive	True	True	kept	both_sequences_available
710	P55737	Q03509	positive	True	True	kept	both_sequences_available
711	P55737	Q9S744	positive	True	True	kept	both_sequences_available
712	P55852	Q9SJN0	positive	True	True	kept	both_sequences_available
713	P59220	P83755	positive	True	True	kept	both_sequences_available
714	P59220	P92525	positive	True	True	kept	both_sequences_available
715	P59220	P93050	positive	True	True	kept	both_sequences_available
716	P59220	Q29Q72	positive	True	True	kept	both_sequences_available
717	P59220	Q2V359	positive	True	True	kept	both_sequences_available
718	P59220	Q38847	positive	True	True	kept	both_sequences_available
719	P59220	Q39010	positive	True	True	kept	both_sequences_available
720	P59220	Q39050	positive	True	True	kept	both_sequences_available
721	P59220	Q39254	positive	True	True	kept	both_sequences_available
722	P59220	Q42479	positive	True	True	kept	both_sequences_available
723	P59220	Q4PSE3	positive	True	True	kept	both_sequences_available
724	P59220	Q4PSU4	positive	True	True	kept	both_sequences_available
725	P59220	Q5XXJ3	positive	True	True	kept	both_sequences_available
726	P59220	Q6R0E4	positive	True	True	kept	both_sequences_available
727	P59220	Q70E96	positive	True	True	kept	both_sequences_available
728	P59220	Q7X9H6	positive	True	True	kept	both_sequences_available
729	P59220	Q7X9H9	positive	True	True	kept	both_sequences_available
730	P59220	Q7X9N2	positive	True	True	kept	both_sequences_available
731	P59220	Q84JC2	positive	True	True	kept	both_sequences_available
732	P59220	Q84WC8	positive	True	True	kept	both_sequences_available
733	P59220	Q84WW1	positive	True	True	kept	both_sequences_available
734	P59220	Q8GY11	positive	True	True	kept	both_sequences_available
735	P59220	Q8GY88	positive	True	True	kept	both_sequences_available
736	P59220	Q8GYF5	positive	True	True	kept	both_sequences_available
737	P59220	Q8GYP4	positive	True	True	kept	both_sequences_available
738	P59220	Q8GZ99	positive	True	True	kept	both_sequences_available
739	P59220	Q8H1D6	positive	True	True	kept	both_sequences_available
740	P59220	Q8LAW2	positive	True	True	kept	both_sequences_available
741	P59220	Q8LE56	positive	True	False	removed	sequence_missing_B
742	P59220	Q8LG64	positive	True	False	removed	sequence_missing_B
743	P59220	Q8LPR4	positive	True	False	removed	sequence_missing_B
744	P59220	Q8RWQ8	positive	True	False	removed	sequence_missing_B
745	P59220	Q8RYD9	positive	True	False	removed	sequence_missing_B
746	P59220	Q8VZK4	positive	True	True	kept	both_sequences_available
747	P59220	Q8W490	positive	True	True	kept	both_sequences_available
748	P59220	Q93XM6	positive	True	True	kept	both_sequences_available
749	P59220	Q93Z27	positive	True	True	kept	both_sequences_available
750	P59220	Q93Z30	positive	True	True	kept	both_sequences_available
751	P59220	Q944J2	positive	True	True	kept	both_sequences_available
752	P59220	Q9C5C0	positive	True	True	kept	both_sequences_available
753	P59220	Q9FG14	positive	True	True	kept	both_sequences_available
754	P59220	Q9FG20	positive	True	True	kept	both_sequences_available
755	P59220	Q9FGZ5	positive	True	True	kept	both_sequences_available
756	P59220	Q9FHZ1	positive	True	True	kept	both_sequences_available
757	P59220	Q9FIK0	positive	True	True	kept	both_sequences_available
758	P59220	Q9FIW6	positive	True	True	kept	both_sequences_available
759	P59220	Q9FJK3	positive	True	True	kept	both_sequences_available
760	P59220	Q9FL03	positive	True	True	kept	both_sequences_available
761	P59220	Q9FL19	positive	True	True	kept	both_sequences_available
762	P59220	Q9FLL0	positive	True	True	kept	both_sequences_available
763	P59220	Q9FLV4	positive	True	True	kept	both_sequences_available
764	P59220	Q9FMC2	positive	True	True	kept	both_sequences_available
765	P59220	Q9FME9	positive	True	True	kept	both_sequences_available
766	P59220	Q9FUD3	positive	True	True	kept	both_sequences_available
767	P59220	Q9LD45	positive	True	True	kept	both_sequences_available
768	P59220	Q9LDI3	positive	True	True	kept	both_sequences_available
769	P59220	Q9LFU3	positive	True	True	kept	both_sequences_available
770	P59220	Q9LHI7	positive	True	True	kept	both_sequences_available
771	P59220	Q9LJL9	positive	True	True	kept	both_sequences_available
772	P59220	Q9LJY7	positive	True	True	kept	both_sequences_available
773	P59220	Q9LJZ2	positive	True	True	kept	both_sequences_available
774	P59220	Q9LKA4	positive	True	True	kept	both_sequences_available
775	P59220	Q9LNG8	positive	True	True	kept	both_sequences_available
776	P59220	Q9LQ65	positive	True	True	kept	both_sequences_available
777	P59220	Q9LSI9	positive	True	True	kept	both_sequences_available
778	P59220	Q9LTM4	positive	True	True	kept	both_sequences_available
779	P59220	Q9LUI6	positive	True	True	kept	both_sequences_available
780	P59220	Q9LV04	positive	True	True	kept	both_sequences_available
781	P59220	Q9LW45	positive	True	True	kept	both_sequences_available
782	P59220	Q9LW66	positive	True	True	kept	both_sequences_available
783	P59220	Q9LX56	positive	True	True	kept	both_sequences_available
784	P59220	Q9LYL6	positive	True	True	kept	both_sequences_available
785	P59220	Q9LZP8	positive	True	True	kept	both_sequences_available
786	P59220	Q9LZV7	positive	True	True	kept	both_sequences_available
787	P59220	Q9M2K4	positive	True	True	kept	both_sequences_available
788	P59220	Q9M7Q2	positive	True	True	kept	both_sequences_available
789	P59220	Q9M844	positive	True	True	kept	both_sequences_available
790	P59220	Q9M8T0	positive	True	True	kept	both_sequences_available
791	P59220	Q9M8W6	positive	True	True	kept	both_sequences_available
792	P59220	Q9M9C3	positive	True	True	kept	both_sequences_available
793	P59220	Q9M9C5	positive	True	True	kept	both_sequences_available
794	P59220	Q9MAB4	positive	True	True	kept	both_sequences_available
795	P59220	Q9S7H5	positive	True	True	kept	both_sequences_available
796	P59220	Q9SGN7	positive	True	True	kept	both_sequences_available
797	P59220	Q9SJX8	positive	True	True	kept	both_sequences_available
798	P59220	Q9SKN2	positive	True	True	kept	both_sequences_available
799	P59220	Q9SL70	positive	True	True	kept	both_sequences_available
800	P59220	Q9SLP1	positive	True	True	kept	both_sequences_available
801	P59220	Q9SND6	positive	True	True	kept	both_sequences_available
802	P59220	Q9SSC7	positive	True	True	kept	both_sequences_available
803	P59220	Q9SSF8	positive	True	True	kept	both_sequences_available
804	P59220	Q9SUP6	positive	True	True	kept	both_sequences_available
805	P59220	Q9SYS3	positive	True	True	kept	both_sequences_available
806	P59220	Q9SZ03	positive	True	True	kept	both_sequences_available
807	P59220	Q9SZJ6	positive	True	True	kept	both_sequences_available
808	P59220	Q9T074	positive	True	True	kept	both_sequences_available
809	P59220	Q9ZPE4	positive	True	True	kept	both_sequences_available
810	P59220	Q9ZUI9	positive	True	True	kept	both_sequences_available
811	P59220	Q9ZVM9	positive	True	True	kept	both_sequences_available
812	P59263	Q38856	positive	False	True	removed	sequence_missing_A
813	P82280	Q9SQI2	positive	True	True	kept	both_sequences_available
814	P82805	Q9LHE5	positive	True	True	kept	both_sequences_available
815	P82874	Q94F58	positive	True	True	kept	both_sequences_available
816	P83755	Q03509	positive	True	True	kept	both_sequences_available
817	P83755	Q9S744	positive	True	True	kept	both_sequences_available
818	P92525	Q03509	positive	True	True	kept	both_sequences_available
819	P92525	Q9S744	positive	True	True	kept	both_sequences_available
820	P92958	Q42384	positive	True	True	kept	both_sequences_available
821	P92958	Q9LVG2	positive	True	True	kept	both_sequences_available
822	P92973	Q08467	positive	True	True	kept	both_sequences_available
823	P92978	Q93ZY2	positive	True	True	kept	both_sequences_available
824	P92978	Q9LR44	positive	True	True	kept	both_sequences_available
825	P93002	Q5ICL9	positive	True	True	kept	both_sequences_available
826	P93002	Q8L746	positive	True	True	kept	both_sequences_available
827	P93002	Q9LUA3	positive	True	True	kept	both_sequences_available
828	P93002	Q9SZI3	positive	True	True	kept	both_sequences_available
829	P93004	Q8VZ95	positive	True	True	kept	both_sequences_available
830	P93022	Q9SN12	positive	True	True	kept	both_sequences_available
831	P93024	P93024	positive	True	True	kept	both_sequences_available
832	P93025	P93025	positive	True	True	kept	both_sequences_available
833	P93050	Q03509	positive	True	True	kept	both_sequences_available
834	P93050	Q9S744	positive	True	True	kept	both_sequences_available
835	P93831	Q9LT47	positive	True	True	kept	both_sequences_available
836	P93831	Q9SHY1	positive	True	True	kept	both_sequences_available
837	P93836	P93836	positive	True	True	kept	both_sequences_available
838	P94077	Q8W245	positive	True	True	kept	both_sequences_available
839	P94102	Q39009	positive	True	True	kept	both_sequences_available
840	P94102	Q7Y1C4	positive	True	True	kept	both_sequences_available
841	P94102	Q7Y1C5	positive	True	True	kept	both_sequences_available
842	P94102	Q9XIR8	positive	True	True	kept	both_sequences_available
843	Q00958	Q39090	positive	True	True	kept	both_sequences_available
844	Q00958	Q6EVK6	positive	True	True	kept	both_sequences_available
845	Q03509	Q29Q72	positive	True	True	kept	both_sequences_available
846	Q03509	Q2V359	positive	True	True	kept	both_sequences_available
847	Q03509	Q39010	positive	True	True	kept	both_sequences_available
848	Q03509	Q39050	positive	True	True	kept	both_sequences_available
849	Q03509	Q42479	positive	True	True	kept	both_sequences_available
850	Q03509	Q4PSE3	positive	True	True	kept	both_sequences_available
851	Q03509	Q4PSU4	positive	True	True	kept	both_sequences_available
852	Q03509	Q5XXJ3	positive	True	True	kept	both_sequences_available
853	Q03509	Q70E96	positive	True	True	kept	both_sequences_available
854	Q03509	Q7X9H6	positive	True	True	kept	both_sequences_available
855	Q03509	Q7X9N2	positive	True	True	kept	both_sequences_available
856	Q03509	Q84JC2	positive	True	True	kept	both_sequences_available
857	Q03509	Q84WC8	positive	True	True	kept	both_sequences_available
858	Q03509	Q8GWV6	positive	True	True	kept	both_sequences_available
859	Q03509	Q8GY11	positive	True	True	kept	both_sequences_available
860	Q03509	Q8GY88	positive	True	True	kept	both_sequences_available
861	Q03509	Q8GYF5	positive	True	True	kept	both_sequences_available
862	Q03509	Q8GYP4	positive	True	True	kept	both_sequences_available
863	Q03509	Q8GZ99	positive	True	True	kept	both_sequences_available
864	Q03509	Q8H1D6	positive	True	True	kept	both_sequences_available
865	Q03509	Q8LE56	positive	True	False	removed	sequence_missing_B
866	Q03509	Q8LG64	positive	True	False	removed	sequence_missing_B
867	Q03509	Q8LPR4	positive	True	False	removed	sequence_missing_B
868	Q03509	Q8RWQ8	positive	True	False	removed	sequence_missing_B
869	Q03509	Q8RYD9	positive	True	False	removed	sequence_missing_B
870	Q03509	Q8W490	positive	True	True	kept	both_sequences_available
871	Q03509	Q93XM6	positive	True	True	kept	both_sequences_available
872	Q03509	Q93Z27	positive	True	True	kept	both_sequences_available
873	Q03509	Q93Z30	positive	True	True	kept	both_sequences_available
874	Q03509	Q94AA4	positive	True	True	kept	both_sequences_available
875	Q03509	Q9C5C0	positive	True	True	kept	both_sequences_available
876	Q03509	Q9CAG5	positive	True	True	kept	both_sequences_available
877	Q03509	Q9FGX2	positive	True	True	kept	both_sequences_available
878	Q03509	Q9FGZ5	positive	True	True	kept	both_sequences_available
879	Q03509	Q9FHN8	positive	True	True	kept	both_sequences_available
880	Q03509	Q9FIK0	positive	True	True	kept	both_sequences_available
881	Q03509	Q9FIW6	positive	True	True	kept	both_sequences_available
882	Q03509	Q9FJK3	positive	True	True	kept	both_sequences_available
883	Q03509	Q9FL03	positive	True	True	kept	both_sequences_available
884	Q03509	Q9FL19	positive	True	True	kept	both_sequences_available
885	Q03509	Q9FLL0	positive	True	True	kept	both_sequences_available
886	Q03509	Q9FLV4	positive	True	True	kept	both_sequences_available
887	Q03509	Q9FMC2	positive	True	True	kept	both_sequences_available
888	Q03509	Q9FUD3	positive	True	True	kept	both_sequences_available
889	Q03509	Q9LDI3	positive	True	True	kept	both_sequences_available
890	Q03509	Q9LFU3	positive	True	True	kept	both_sequences_available
891	Q03509	Q9LHI7	positive	True	True	kept	both_sequences_available
892	Q03509	Q9LJL9	positive	True	True	kept	both_sequences_available
893	Q03509	Q9LJY7	positive	True	True	kept	both_sequences_available
894	Q03509	Q9LQ65	positive	True	True	kept	both_sequences_available
895	Q03509	Q9LSI9	positive	True	True	kept	both_sequences_available
896	Q03509	Q9LUI6	positive	True	True	kept	both_sequences_available
897	Q03509	Q9LV04	positive	True	True	kept	both_sequences_available
898	Q03509	Q9LW66	positive	True	True	kept	both_sequences_available
899	Q03509	Q9LX56	positive	True	True	kept	both_sequences_available
900	Q03509	Q9LYL6	positive	True	True	kept	both_sequences_available
901	Q03509	Q9LZP8	positive	True	True	kept	both_sequences_available
902	Q03509	Q9LZV7	positive	True	True	kept	both_sequences_available
903	Q03509	Q9M2K4	positive	True	True	kept	both_sequences_available
904	Q03509	Q9M7Q2	positive	True	True	kept	both_sequences_available
905	Q03509	Q9M8T0	positive	True	True	kept	both_sequences_available
906	Q03509	Q9M9C3	positive	True	True	kept	both_sequences_available
907	Q03509	Q9M9C5	positive	True	True	kept	both_sequences_available
908	Q03509	Q9S7H5	positive	True	True	kept	both_sequences_available
909	Q03509	Q9SGN7	positive	True	True	kept	both_sequences_available
910	Q03509	Q9SJX8	positive	True	True	kept	both_sequences_available
911	Q03509	Q9SKN2	positive	True	True	kept	both_sequences_available
912	Q03509	Q9SL70	positive	True	True	kept	both_sequences_available
913	Q03509	Q9SLP1	positive	True	True	kept	both_sequences_available
914	Q03509	Q9SND6	positive	True	True	kept	both_sequences_available
915	Q03509	Q9SSC7	positive	True	True	kept	both_sequences_available
916	Q03509	Q9SSF8	positive	True	True	kept	both_sequences_available
917	Q03509	Q9SUP6	positive	True	True	kept	both_sequences_available
918	Q03509	Q9SYS3	positive	True	True	kept	both_sequences_available
919	Q03509	Q9SZ03	positive	True	True	kept	both_sequences_available
920	Q03509	Q9SZJ6	positive	True	True	kept	both_sequences_available
921	Q03509	Q9T074	positive	True	True	kept	both_sequences_available
922	Q03509	Q9ZPE4	positive	True	True	kept	both_sequences_available
923	Q03509	Q9ZUI9	positive	True	True	kept	both_sequences_available
924	Q03509	Q9ZVM9	positive	True	True	kept	both_sequences_available
925	Q08733	Q9SV31	positive	True	True	kept	both_sequences_available
926	Q0V7X4	Q9M1K0	positive	True	True	kept	both_sequences_available
927	Q0WLB5	Q0WLB5	positive	True	True	kept	both_sequences_available
928	Q0WNP7	Q9SCZ4	positive	True	True	kept	both_sequences_available
929	Q147J7	Q9FZK5	positive	True	True	kept	both_sequences_available
930	Q1EBV6	Q8H1E4	positive	True	True	kept	both_sequences_available
931	Q1EC57	Q8LAZ7	positive	True	True	kept	both_sequences_available
932	Q1ECJ7	Q5XPJ9	positive	True	True	kept	both_sequences_available
933	Q1H5F3	Q8GWV6	positive	True	True	kept	both_sequences_available
934	Q1KS66	Q9SCZ4	positive	True	True	kept	both_sequences_available
935	Q27IK7	Q84M91	positive	True	True	kept	both_sequences_available
936	Q27IK7	Q9LE82	positive	True	True	kept	both_sequences_available
937	Q29PQ8	Q67XQ1	positive	True	True	kept	both_sequences_available
938	Q29PQ8	Q9SAZ5	positive	True	True	kept	both_sequences_available
939	Q29Q72	Q9S744	positive	True	True	kept	both_sequences_available
940	Q2HIV3	Q67XQ1	positive	True	True	kept	both_sequences_available
941	Q2HIV3	Q9SAZ5	positive	True	True	kept	both_sequences_available
942	Q2V359	Q9S744	positive	True	True	kept	both_sequences_available
943	Q38822	Q570C0	positive	True	True	kept	both_sequences_available
944	Q38822	Q9LW29	positive	True	True	kept	both_sequences_available
945	Q38822	Q9ZR12	positive	True	True	kept	both_sequences_available
946	Q38825	Q39255	positive	True	True	kept	both_sequences_available
947	Q38825	Q570C0	positive	True	True	kept	both_sequences_available
948	Q38825	Q9LW29	positive	True	True	kept	both_sequences_available
949	Q38825	Q9ZR12	positive	True	True	kept	both_sequences_available
950	Q38847	Q9S744	positive	True	True	kept	both_sequences_available
951	Q38872	Q9LD83	positive	True	True	kept	both_sequences_available
952	Q38874	Q9FWS9	positive	True	True	kept	both_sequences_available
953	Q38874	Q9LZM8	positive	True	True	kept	both_sequences_available
954	Q38885	Q8LBP4	positive	True	True	kept	both_sequences_available
955	Q38902	Q8SAB7	positive	True	True	kept	both_sequences_available
956	Q38906	Q38906	positive	True	True	kept	both_sequences_available
957	Q38919	Q8SAB7	positive	True	True	kept	both_sequences_available
958	Q38920	Q9LX33	positive	True	True	kept	both_sequences_available
959	Q38937	Q8SAB7	positive	True	True	kept	both_sequences_available
960	Q38997	Q944A6	positive	True	True	kept	both_sequences_available
961	Q38997-2	Q42384	positive	False	True	removed	sequence_missing_A
962	Q39009	Q7Y1C4	positive	True	True	kept	both_sequences_available
963	Q39009	Q7Y1C5	positive	True	True	kept	both_sequences_available
964	Q39010	Q9S744	positive	True	True	kept	both_sequences_available
965	Q39011	Q8S307	positive	True	False	removed	sequence_missing_B
966	Q39011	Q9C9A5	positive	True	True	kept	both_sequences_available
967	Q39011	Q9CAD5	positive	True	True	kept	both_sequences_available
968	Q39011	Q9LN63	positive	True	True	kept	both_sequences_available
969	Q39024	Q8LGD5	positive	True	False	removed	sequence_missing_B
970	Q39026	Q9FKG1	positive	True	True	kept	both_sequences_available
971	Q39050	Q9S744	positive	True	True	kept	both_sequences_available
972	Q39057	Q9LQT8	positive	True	True	kept	both_sequences_available
973	Q39057	Q9SLG0	positive	True	True	kept	both_sequences_available
974	Q39057	Q9SLH3	positive	True	True	kept	both_sequences_available
975	Q39057	Q9SMP0	positive	True	True	kept	both_sequences_available
976	Q39128	Q39128	positive	True	True	kept	both_sequences_available
977	Q39160	Q39160	positive	True	True	kept	both_sequences_available
978	Q39163	Q39163	positive	True	True	kept	both_sequences_available
979	Q39183	Q9XF67	positive	True	True	kept	both_sequences_available
980	Q39191	Q9SL15	positive	True	True	kept	both_sequences_available
981	Q39191	Q9ZSJ6	positive	True	True	kept	both_sequences_available
982	Q39192	Q9CAJ0	positive	True	True	kept	both_sequences_available
983	Q39192	Q9FIF5	positive	True	True	kept	both_sequences_available
984	Q39192	Q9FLI3	positive	True	True	kept	both_sequences_available
985	Q39192	Q9LD83	positive	True	True	kept	both_sequences_available
986	Q39192	Q9LNP9	positive	True	True	kept	both_sequences_available
987	Q39192	Q9LNW3	positive	True	True	kept	both_sequences_available
988	Q39192	Q9ZW21	positive	True	True	kept	both_sequences_available
989	Q39193	Q9CAJ0	positive	True	True	kept	both_sequences_available
990	Q39193	Q9FIF5	positive	True	True	kept	both_sequences_available
991	Q39193	Q9FLI3	positive	True	True	kept	both_sequences_available
992	Q39193	Q9LD83	positive	True	True	kept	both_sequences_available
993	Q39193	Q9LNP9	positive	True	True	kept	both_sequences_available
994	Q39193	Q9ZW21	positive	True	True	kept	both_sequences_available
995	Q39204	Q8LBM2	positive	True	True	kept	both_sequences_available
996	Q39204	Q8W4J8	positive	True	True	kept	both_sequences_available
997	Q39204	Q9C5K8	positive	True	True	kept	both_sequences_available
998	Q39204	Q9LMA8	positive	True	True	kept	both_sequences_available
999	Q39204	Q9LVI4	positive	True	True	kept	both_sequences_available
1000	Q39204	Q9LZW4	positive	True	True	kept	both_sequences_available
1001	Q39212	Q9SY69	positive	True	True	kept	both_sequences_available
1002	Q39218	Q43725	positive	True	True	kept	both_sequences_available
1003	Q39255	Q570C0	positive	True	True	kept	both_sequences_available
1004	Q39255	Q9FDX1	positive	True	True	kept	both_sequences_available
1005	Q39255	Q9FE83	positive	True	True	kept	both_sequences_available
1006	Q39255	Q9LEX0	positive	True	True	kept	both_sequences_available
1007	Q39255	Q9SHY1	positive	True	True	kept	both_sequences_available
1008	Q39255	Q9SKK0	positive	True	True	kept	both_sequences_available
1009	Q39255	Q9ZR12	positive	True	True	kept	both_sequences_available
1010	Q3EBC8	Q8GY79	positive	True	True	kept	both_sequences_available
1011	Q3EBC8	Q9LXW7	positive	True	True	kept	both_sequences_available
1012	Q3EBC8	Q9SP32	positive	True	True	kept	both_sequences_available
1013	Q3MK94	Q8RWC9	positive	True	False	removed	sequence_missing_B
1014	Q41951	Q41951	positive	True	True	kept	both_sequences_available
1015	Q42328	Q9C8W7	positive	True	True	kept	both_sequences_available
1016	Q42404	Q9SEE9	positive	True	True	kept	both_sequences_available
1017	Q42404	Q9SEU4	positive	True	True	kept	both_sequences_available
1018	Q42479	Q9S744	positive	True	True	kept	both_sequences_available
1019	Q42545	Q42545	positive	True	True	kept	both_sequences_available
1020	Q42545	Q9FIG9	positive	True	True	kept	both_sequences_available
1021	Q42545	Q9LXJ0	positive	True	True	kept	both_sequences_available
1022	Q43125	Q43125	positive	True	True	kept	both_sequences_available
1023	Q43295	Q43295	positive	True	True	kept	both_sequences_available
1024	Q43725	Q43725	positive	True	True	kept	both_sequences_available
1025	Q4PSE3	Q9S744	positive	True	True	kept	both_sequences_available
1026	Q4PSU4	Q9S744	positive	True	True	kept	both_sequences_available
1027	Q4VP08	Q8VZG8	positive	True	True	kept	both_sequences_available
1028	Q4VP08	Q9FII5	positive	True	True	kept	both_sequences_available
1029	Q4VP08	Q9M0G7	positive	True	True	kept	both_sequences_available
1030	Q500U8	Q8LDM2	positive	True	False	removed	sequence_missing_B
1031	Q500U8	Q9LQ12	positive	True	True	kept	both_sequences_available
1032	Q56WM6	Q9SCZ4	positive	True	True	kept	both_sequences_available
1033	Q56Y52	Q9SPU7	positive	True	True	kept	both_sequences_available
1034	Q58G47	Q9SV55	positive	True	True	kept	both_sequences_available
1035	Q5ICL9	Q5ICL9	positive	True	True	kept	both_sequences_available
1036	Q5ICL9	Q8L746	positive	True	True	kept	both_sequences_available
1037	Q5S2C3	Q5S2C4	positive	True	True	kept	both_sequences_available
1038	Q5XEZ5	Q5XEZ5	positive	True	True	kept	both_sequences_available
1039	Q5XPJ9	Q94JY4	positive	True	True	kept	both_sequences_available
1040	Q5XXJ3	Q9S744	positive	True	True	kept	both_sequences_available
1041	Q67XQ1	Q7G8V2	positive	True	True	kept	both_sequences_available
1042	Q67XQ1	Q9C5U0	positive	True	True	kept	both_sequences_available
1043	Q67XQ1	Q9C5U1	positive	True	True	kept	both_sequences_available
1044	Q67XQ1	Q9C5U2	positive	True	True	kept	both_sequences_available
1045	Q67XQ1	Q9FXD6	positive	True	True	kept	both_sequences_available
1046	Q67XQ1	Q9SB04	positive	True	True	kept	both_sequences_available
1047	Q67XQ1	Q9SHC2	positive	True	True	kept	both_sequences_available
1048	Q67XQ1	Q9ZWS6	positive	True	True	kept	both_sequences_available
1049	Q67XQ1	Q9ZWS7	positive	True	True	kept	both_sequences_available
1050	Q67ZB3	Q940H8	positive	True	True	kept	both_sequences_available
1051	Q682T9	Q9FHN8	positive	True	True	kept	both_sequences_available
1052	Q6AWX6	Q94JY4	positive	True	True	kept	both_sequences_available
1053	Q6BDA0	Q9LN63	positive	True	True	kept	both_sequences_available
1054	Q6ID77	Q8RXD6	positive	True	False	removed	sequence_missing_B
1055	Q6NKS4	Q6NKS4	positive	True	True	kept	both_sequences_available
1056	Q6NKS4	Q9CA67	positive	True	True	kept	both_sequences_available
1057	Q6NKS4	Q9SYX1	positive	True	True	kept	both_sequences_available
1058	Q6NLQ6	Q9M7Q2	positive	True	True	kept	both_sequences_available
1059	Q6NPE9	Q8L7W3	positive	True	True	kept	both_sequences_available
1060	Q6NPM7	Q94AX2	positive	True	True	kept	both_sequences_available
1061	Q6NQ88	Q9M0V3-1	positive	True	False	removed	sequence_missing_B
1062	Q6TLJ2	Q9LYN8	positive	True	True	kept	both_sequences_available
1063	Q70E96	Q9S744	positive	True	True	kept	both_sequences_available
1064	Q75QN6	Q9C5C0	positive	True	True	kept	both_sequences_available
1065	Q7DMA9	Q94F58	positive	True	True	kept	both_sequences_available
1066	Q7FRS8	Q9LDI3	positive	True	True	kept	both_sequences_available
1067	Q7G8V2	Q9SSW0	positive	True	True	kept	both_sequences_available
1068	Q7X9H6	Q9S744	positive	True	True	kept	both_sequences_available
1069	Q7X9N2	Q9S744	positive	True	True	kept	both_sequences_available
1070	Q7X9V2	Q8LGE3	positive	True	False	removed	sequence_missing_B
1071	Q7X9V2	Q9FHW2	positive	True	True	kept	both_sequences_available
1072	Q7XJK8	Q9S744	positive	True	True	kept	both_sequences_available
1073	Q7XYY2-1	Q8GUN5	positive	False	True	removed	sequence_missing_A
1074	Q7XYY2-1	Q8GUN5-2	positive	False	False	removed	sequence_missing_A_and_B
1075	Q7XYY2-1	Q9FIP9	positive	False	True	removed	sequence_missing_A
1076	Q7XYY2-1	Q9SEZ1	positive	False	True	removed	sequence_missing_A
1077	Q7Y1C4	Q9FL96	positive	True	True	kept	both_sequences_available
1078	Q7Y1C4	Q9XIR8	positive	True	True	kept	both_sequences_available
1079	Q7Y1C5	Q9XIR8	positive	True	True	kept	both_sequences_available
1080	Q84JC2	Q9S744	positive	True	True	kept	both_sequences_available
1081	Q84JG2	Q9CAJ0	positive	True	True	kept	both_sequences_available
1082	Q84JG2	Q9XI07	positive	True	True	kept	both_sequences_available
1083	Q84JQ4	Q9CA89	positive	True	True	kept	both_sequences_available
1084	Q84JU4	Q8GYQ5	positive	True	True	kept	both_sequences_available
1085	Q84JU6	Q9LSE2	positive	True	True	kept	both_sequences_available
1086	Q84KJ5	Q84KJ5	positive	True	True	kept	both_sequences_available
1087	Q84LH3	Q9FQ08	positive	True	True	kept	both_sequences_available
1088	Q84LH3	Q9FQ09	positive	True	True	kept	both_sequences_available
1089	Q84LH8	Q9FE22	positive	True	True	kept	both_sequences_available
1090	Q84MB2	Q84VX3	positive	True	True	kept	both_sequences_available
1091	Q84MB2	Q9SV55	positive	True	True	kept	both_sequences_available
1092	Q84VQ1	Q944A6	positive	True	True	kept	both_sequences_available
1093	Q84W04	Q8VZ95	positive	True	True	kept	both_sequences_available
1094	Q84W66	Q9LX49	positive	True	True	kept	both_sequences_available
1095	Q84WC8	Q9S744	positive	True	True	kept	both_sequences_available
1096	Q84WV6	Q8W4J9	positive	True	True	kept	both_sequences_available
1097	Q8GTS1	Q8LBK6	positive	True	True	kept	both_sequences_available
1098	Q8GUP1	Q9M9G6	positive	True	True	kept	both_sequences_available
1099	Q8GUU3	Q9LKF9	positive	True	True	kept	both_sequences_available
1100	Q8GW31	Q9SJF3	positive	True	True	kept	both_sequences_available
1101	Q8GWB3	Q93VH1	positive	True	True	kept	both_sequences_available
1102	Q8GWR2	Q9C7N3	positive	True	True	kept	both_sequences_available
1103	Q8GXA4	Q9LE82	positive	True	True	kept	both_sequences_available
1104	Q8GXW1	Q940G6	positive	True	True	kept	both_sequences_available
1105	Q8GXW1	Q9MAA7	positive	True	True	kept	both_sequences_available
1106	Q8GY11	Q9S744	positive	True	True	kept	both_sequences_available
1107	Q8GY55	Q9SV55	positive	True	True	kept	both_sequences_available
1108	Q8GY61	Q96524	positive	True	True	kept	both_sequences_available
1109	Q8GY79	Q8GY79	positive	True	True	kept	both_sequences_available
1110	Q8GY79	Q9LXW7	positive	True	True	kept	both_sequences_available
1111	Q8GY79	Q9SP32	positive	True	True	kept	both_sequences_available
1112	Q8GY88	Q9S744	positive	True	True	kept	both_sequences_available
1113	Q8GYF5	Q9S744	positive	True	True	kept	both_sequences_available
1114	Q8GZ99	Q9S744	positive	True	True	kept	both_sequences_available
1115	Q8GZM7	Q8GZM7	positive	True	True	kept	both_sequences_available
1116	Q8GZM7	Q8S307	positive	True	False	removed	sequence_missing_B
1117	Q8H115	Q9FY93	positive	True	True	kept	both_sequences_available
1118	Q8H1D6	Q9S744	positive	True	True	kept	both_sequences_available
1119	Q8H1E4	Q8H1E4	positive	True	True	kept	both_sequences_available
1120	Q8H1E4	Q8L765	positive	True	True	kept	both_sequences_available
1121	Q8H1E4	Q9M8J9	positive	True	True	kept	both_sequences_available
1122	Q8H1E4	Q9SRV1	positive	True	True	kept	both_sequences_available
1123	Q8L5Z0	Q9LXE3	positive	True	True	kept	both_sequences_available
1124	Q8L746	Q8L746	positive	True	True	kept	both_sequences_available
1125	Q8L765	Q9LM15	positive	True	True	kept	both_sequences_available
1126	Q8L765	Q9SVQ0	positive	True	True	kept	both_sequences_available
1127	Q8L7G0	Q8L7G0	positive	True	True	kept	both_sequences_available
1128	Q8L7G0	Q9SN12	positive	True	True	kept	both_sequences_available
1129	Q8L7H4	Q9FX31	positive	True	True	kept	both_sequences_available
1130	Q8L831	Q9ZWS7	positive	True	True	kept	both_sequences_available
1131	Q8L8Z1	Q9C5U0	positive	True	True	kept	both_sequences_available
1132	Q8L940	Q9ZNR6	positive	True	True	kept	both_sequences_available
1133	Q8L9Y3	Q9SAZ5	positive	True	True	kept	both_sequences_available
1134	Q8L9Y3	Q9ZNV8	positive	True	True	kept	both_sequences_available
1135	Q8L9Y3	Q9ZNV9	positive	True	True	kept	both_sequences_available
1136	Q8LAS7	Q8RWC9	positive	True	False	removed	sequence_missing_B
1137	Q8LAS7	Q9LZW4	positive	True	True	kept	both_sequences_available
1138	Q8LAW2	Q9S744	positive	True	True	kept	both_sequences_available
1139	Q8LBC0	Q8W4P1	positive	True	True	kept	both_sequences_available
1140	Q8LBC0	Q9LFT8	positive	True	True	kept	both_sequences_available
1141	Q8LBM2	Q9FIP9	positive	True	True	kept	both_sequences_available
1142	Q8LDM2	Q9LQ12	positive	False	True	removed	sequence_missing_A
1143	Q8LE56	Q9S744	positive	False	True	removed	sequence_missing_A
1144	Q8LG64	Q9S744	positive	False	True	removed	sequence_missing_A
1145	Q8LGA1	Q9LZ78	positive	False	True	removed	sequence_missing_A
1146	Q8LGG0	Q9ZSZ8	positive	False	True	removed	sequence_missing_A
1147	Q8LGH4	Q9M0V3	positive	False	True	removed	sequence_missing_A
1148	Q8LPK4	Q9ZVN6	positive	False	True	removed	sequence_missing_A
1149	Q8LPR4	Q9S744	positive	False	True	removed	sequence_missing_A
1150	Q8RWQ8	Q9S744	positive	False	True	removed	sequence_missing_A
1151	Q8RY59	Q96288	positive	False	True	removed	sequence_missing_A
1152	Q8RY59	Q9LKW9	positive	False	True	removed	sequence_missing_A
1153	Q8RY59	Q9LUA9	positive	False	True	removed	sequence_missing_A
1154	Q8RY71	Q9SUP6	positive	False	True	removed	sequence_missing_A
1155	Q8RY79	Q8RY79	positive	False	False	removed	sequence_missing_A_and_B
1156	Q8RYD9	Q9S744	positive	False	True	removed	sequence_missing_A
1157	Q8S307	Q8W2F3	positive	False	True	removed	sequence_missing_A
1158	Q8S307	Q9SLH3	positive	False	True	removed	sequence_missing_A
1159	Q8S8E3	Q9CAJ0	positive	True	True	kept	both_sequences_available
1160	Q8S8N6	Q9SCU7	positive	True	True	kept	both_sequences_available
1161	Q8SAB7	Q9SBJ6	positive	True	True	kept	both_sequences_available
1162	Q8SAB7	Q9SU67	positive	True	True	kept	both_sequences_available
1163	Q8VWG7	Q8VWG7	positive	True	True	kept	both_sequences_available
1164	Q8VZ95	Q9LXV1	positive	True	True	kept	both_sequences_available
1165	Q8VZ95	Q9SHG7	positive	True	True	kept	both_sequences_available
1166	Q8VZS8	Q8VZS8	positive	True	True	kept	both_sequences_available
1167	Q8VZS8	Q9CAJ0	positive	True	True	kept	both_sequences_available
1168	Q8VZW1	Q94AJ5	positive	True	True	kept	both_sequences_available
1169	Q8VZW1	Q9FFK1	positive	True	True	kept	both_sequences_available
1170	Q8VZW1	Q9FZ98	positive	True	True	kept	both_sequences_available
1171	Q8VZW1	Q9LDU6	positive	True	True	kept	both_sequences_available
1172	Q8VZW1	Q9LPF1	positive	True	True	kept	both_sequences_available
1173	Q8W234	Q9FUY2	positive	True	True	kept	both_sequences_available
1174	Q8W2F3	Q9FE22	positive	True	True	kept	both_sequences_available
1175	Q8W2F3	Q9LN63	positive	True	True	kept	both_sequences_available
1176	Q8W2F3	Q9SLH3	positive	True	True	kept	both_sequences_available
1177	Q8W420	Q9SQI2	positive	True	True	kept	both_sequences_available
1178	Q8W490	Q9S744	positive	True	True	kept	both_sequences_available
1179	Q8W4J8	Q9FIP9	positive	True	True	kept	both_sequences_available
1180	Q8W4J8	Q9FML2	positive	True	True	kept	both_sequences_available
1181	Q8W4J8	Q9SLH0	positive	True	True	kept	both_sequences_available
1182	Q8W4J8	Q9SV55	positive	True	True	kept	both_sequences_available
1183	Q8W4P1	Q9LKA5	positive	True	True	kept	both_sequences_available
1184	Q93V62	Q9FG81	positive	True	True	kept	both_sequences_available
1185	Q93WJ9	Q9FNR3	positive	True	True	kept	both_sequences_available
1186	Q93XM6	Q9S744	positive	True	True	kept	both_sequences_available
1187	Q93Z00	Q9FK45	positive	True	True	kept	both_sequences_available
1188	Q93Z00	Q9S7W5	positive	True	True	kept	both_sequences_available
1189	Q93Z00	Q9SLK2	positive	True	True	kept	both_sequences_available
1190	Q93Z27	Q9S744	positive	True	True	kept	both_sequences_available
1191	Q93Z30	Q9S744	positive	True	True	kept	both_sequences_available
1192	Q93ZB7	Q9FMK7	positive	True	True	kept	both_sequences_available
1193	Q93ZF6	Q9SVD7	positive	True	True	kept	both_sequences_available
1194	Q93ZM9	Q9SV55	positive	True	True	kept	both_sequences_available
1195	Q93ZY2	Q9M811	positive	True	True	kept	both_sequences_available
1196	Q93ZY2	Q9SCZ4	positive	True	True	kept	both_sequences_available
1197	Q940G6	Q9C8Y3	positive	True	True	kept	both_sequences_available
1198	Q940G6	Q9SLH3	positive	True	True	kept	both_sequences_available
1199	Q940H6	Q9CAJ0	positive	True	True	kept	both_sequences_available
1200	Q940H6	Q9FIF5	positive	True	True	kept	both_sequences_available
1201	Q940H6	Q9LD83	positive	True	True	kept	both_sequences_available
1202	Q944A6	Q9SCY5	positive	True	True	kept	both_sequences_available
1203	Q944Q0	Q9SDS7	positive	True	True	kept	both_sequences_available
1204	Q946Y7	Q9SA23	positive	True	True	kept	both_sequences_available
1205	Q949M9	Q9LFR3	positive	True	True	kept	both_sequences_available
1206	Q949U4	Q9S744	positive	True	True	kept	both_sequences_available
1207	Q94AA4	Q9S744	positive	True	True	kept	both_sequences_available
1208	Q94AG2	Q94AG2	positive	True	True	kept	both_sequences_available
1209	Q94AG2	Q9ZVR7	positive	True	True	kept	both_sequences_available
1210	Q94AI7	Q94AI7	positive	True	True	kept	both_sequences_available
1211	Q94AI7	Q94F39	positive	True	True	kept	both_sequences_available
1212	Q94AI7	Q9LMX5	positive	True	True	kept	both_sequences_available
1213	Q94AI7	Q9SV55	positive	True	True	kept	both_sequences_available
1214	Q94AX2	Q9MAQ0	positive	True	True	kept	both_sequences_available
1215	Q94BN2	Q9ZUB3	positive	True	True	kept	both_sequences_available
1216	Q94BT6	Q9SQI2	positive	True	True	kept	both_sequences_available
1217	Q94EI3	Q94FB9	positive	True	True	kept	both_sequences_available
1218	Q94F58	Q9FI10	positive	True	True	kept	both_sequences_available
1219	Q94F58	Q9LVC0	positive	True	True	kept	both_sequences_available
1220	Q94F62	Q9FL28	positive	True	True	kept	both_sequences_available
1221	Q94F62	Q9ZVR7	positive	True	True	kept	both_sequences_available
1222	Q94F62	Q9ZWC8	positive	True	True	kept	both_sequences_available
1223	Q94FB9	Q9SRQ3	positive	True	True	kept	both_sequences_available
1224	Q94JU3	Q9C5Z3	positive	True	True	kept	both_sequences_available
1225	Q94JY4	Q94JY4	positive	True	True	kept	both_sequences_available
1226	Q94JY4	Q9LP46	positive	True	True	kept	both_sequences_available
1227	Q94KI8	Q94KI8	positive	True	True	kept	both_sequences_available
1228	Q96524	Q96524	positive	True	True	kept	both_sequences_available
1229	Q96524	Q9SYX2	positive	True	True	kept	both_sequences_available
1230	Q9AR19	Q9ATB4	positive	True	True	kept	both_sequences_available
1231	Q9ASS6	Q9C5U2	positive	True	True	kept	both_sequences_available
1232	Q9AT76-1	Q9FVC1	positive	False	True	removed	sequence_missing_A
1233	Q9C4Z7	Q9C4Z7	positive	True	True	kept	both_sequences_available
1234	Q9C4Z7	Q9MBA2	positive	True	True	kept	both_sequences_available
1235	Q9C5C0	Q9S744	positive	True	True	kept	both_sequences_available
1236	Q9C5K8	Q9FIP9	positive	True	True	kept	both_sequences_available
1237	Q9C5K8	Q9SV55	positive	True	True	kept	both_sequences_available
1238	Q9C5T4	Q9SAH7	positive	True	True	kept	both_sequences_available
1239	Q9C5U0	Q9C5U1	positive	True	True	kept	both_sequences_available
1240	Q9C5U0	Q9SCU5	positive	True	True	kept	both_sequences_available
1241	Q9C5U1	Q9C5U2	positive	True	True	kept	both_sequences_available
1242	Q9C5U1	Q9SAZ5	positive	True	True	kept	both_sequences_available
1243	Q9C5U1	Q9ZNV8	positive	True	True	kept	both_sequences_available
1244	Q9C5U1	Q9ZNV9	positive	True	True	kept	both_sequences_available
1245	Q9C5U2	Q9C5U2	positive	True	True	kept	both_sequences_available
1246	Q9C5U2	Q9CAR7	positive	True	True	kept	both_sequences_available
1247	Q9C5U2	Q9FM19	positive	True	True	kept	both_sequences_available
1248	Q9C5U2	Q9FMJ0	positive	True	True	kept	both_sequences_available
1249	Q9C5U2	Q9SAZ5	positive	True	True	kept	both_sequences_available
1250	Q9C5U2	Q9ZNV8	positive	True	True	kept	both_sequences_available
1251	Q9C5U2	Q9ZNV9	positive	True	True	kept	both_sequences_available
1252	Q9C658	Q9SJF3	positive	True	True	kept	both_sequences_available
1253	Q9C6M5	Q9SQI2	positive	True	True	kept	both_sequences_available
1254	Q9C8G5	Q9C8G5	positive	True	True	kept	both_sequences_available
1255	Q9C8Y3	Q9LPR8	positive	True	True	kept	both_sequences_available
1256	Q9C8Z9	Q9LXG5	positive	True	True	kept	both_sequences_available
1257	Q9C952	Q9LKF9	positive	True	True	kept	both_sequences_available
1258	Q9C9A5	Q9LN63	positive	True	True	kept	both_sequences_available
1259	Q9C9E3	Q9SV55	positive	True	True	kept	both_sequences_available
1260	Q9C9W9	Q9FHW7	positive	True	True	kept	both_sequences_available
1261	Q9C9W9	Q9SQI2	positive	True	True	kept	both_sequences_available
1262	Q9CA67	Q9SYX1	positive	True	True	kept	both_sequences_available
1263	Q9CAJ0	Q9FGM1	positive	True	True	kept	both_sequences_available
1264	Q9CAJ0	Q9FLB1	positive	True	True	kept	both_sequences_available
1265	Q9CAJ0	Q9SSM7	positive	True	True	kept	both_sequences_available
1266	Q9FE22	Q9M0K4	positive	True	True	kept	both_sequences_available
1267	Q9FE22	Q9SYX2	positive	True	True	kept	both_sequences_available
1268	Q9FFA7	Q9FN03	positive	True	True	kept	both_sequences_available
1269	Q9FFH0	Q9FKA0	positive	True	True	kept	both_sequences_available
1270	Q9FGF5	Q9S744	positive	True	True	kept	both_sequences_available
1271	Q9FGQ7	Q9LZ78	positive	True	True	kept	both_sequences_available
1272	Q9FGR0	Q9LKF9	positive	True	True	kept	both_sequences_available
1273	Q9FGW7	Q9S7W5	positive	True	True	kept	both_sequences_available
1274	Q9FGX2	Q9S744	positive	True	True	kept	both_sequences_available
1275	Q9FGZ5	Q9S744	positive	True	True	kept	both_sequences_available
1276	Q9FHN8	Q9ZPX9	positive	True	True	kept	both_sequences_available
1277	Q9FHN8-1	Q9ZPX9	positive	False	True	removed	sequence_missing_A
1278	Q9FHW7	Q9LEX0	positive	True	True	kept	both_sequences_available
1279	Q9FHW7	Q9SHY1	positive	True	True	kept	both_sequences_available
1280	Q9FHW7	Q9SKK0	positive	True	True	kept	both_sequences_available
1281	Q9FHZ1	Q9S744	positive	True	True	kept	both_sequences_available
1282	Q9FIK0	Q9S744	positive	True	True	kept	both_sequences_available
1283	Q9FIP9	Q9LMA8	positive	True	True	kept	both_sequences_available
1284	Q9FIW6	Q9S744	positive	True	True	kept	both_sequences_available
1285	Q9FJK3	Q9S744	positive	True	True	kept	both_sequences_available
1286	Q9FL03	Q9S744	positive	True	True	kept	both_sequences_available
1287	Q9FL19	Q9S744	positive	True	True	kept	both_sequences_available
1288	Q9FLI3	Q9M9E9	positive	True	True	kept	both_sequences_available
1289	Q9FLL0	Q9S744	positive	True	True	kept	both_sequences_available
1290	Q9FLV4	Q9S744	positive	True	True	kept	both_sequences_available
1291	Q9FM69	Q9S744	positive	True	True	kept	both_sequences_available
1292	Q9FMA3	Q9FXT6	positive	True	True	kept	both_sequences_available
1293	Q9FMC2	Q9S744	positive	True	True	kept	both_sequences_available
1294	Q9FMF5	Q9SWI1	positive	True	True	kept	both_sequences_available
1295	Q9FMH8	Q9XI01	positive	True	True	kept	both_sequences_available
1296	Q9FML2	Q9LMA8	positive	True	True	kept	both_sequences_available
1297	Q9FML2	Q9LVI4	positive	True	True	kept	both_sequences_available
1298	Q9FML2	Q9SLH0	positive	True	True	kept	both_sequences_available
1299	Q9FMX0	Q9LU64	positive	True	True	kept	both_sequences_available
1300	Q9FMZ0	Q9ZWC8	positive	True	True	kept	both_sequences_available
1301	Q9FN03	Q9FN03	positive	True	True	kept	both_sequences_available
1302	Q9FN03	Q9LTJ6	positive	True	True	kept	both_sequences_available
1303	Q9FNP4	Q9ZNX9	positive	True	True	kept	both_sequences_available
1304	Q9FNY0	Q9FNY2	positive	True	True	kept	both_sequences_available
1305	Q9FNY0	Q9FNY3	positive	True	True	kept	both_sequences_available
1306	Q9FNY2	Q9FV71	positive	True	True	kept	both_sequences_available
1307	Q9FNY3	Q9FV71	positive	True	True	kept	both_sequences_available
1308	Q9FUD3	Q9S744	positive	True	True	kept	both_sequences_available
1309	Q9FVC1	Q9SQI2	positive	True	True	kept	both_sequences_available
1310	Q9FZK0	Q9SQI2	positive	True	True	kept	both_sequences_available
1311	Q9LD83	Q9M101	positive	True	True	kept	both_sequences_available
1312	Q9LD83	Q9M9E9	positive	True	True	kept	both_sequences_available
1313	Q9LD83	Q9ZSA2	positive	True	True	kept	both_sequences_available
1314	Q9LDI3	Q9LKW9	positive	True	True	kept	both_sequences_available
1315	Q9LDI3	Q9S744	positive	True	True	kept	both_sequences_available
1316	Q9LDU5	Q9SV55	positive	True	True	kept	both_sequences_available
1317	Q9LEZ3	Q9SAD4	positive	True	True	kept	both_sequences_available
1318	Q9LFT8	Q9LKA5	positive	True	True	kept	both_sequences_available
1319	Q9LFU3	Q9S744	positive	True	True	kept	both_sequences_available
1320	Q9LHI7	Q9S744	positive	True	True	kept	both_sequences_available
1321	Q9LIR4-1	Q9LIR4-1	positive	False	False	removed	sequence_missing_A_and_B
1322	Q9LJL9	Q9S744	positive	True	True	kept	both_sequences_available
1323	Q9LJY7	Q9S744	positive	True	True	kept	both_sequences_available
1324	Q9LJZ2	Q9S744	positive	True	True	kept	both_sequences_available
1325	Q9LKB9	Q9ZRE2	positive	True	True	kept	both_sequences_available
1326	Q9LMA8	Q9SLH0	positive	True	True	kept	both_sequences_available
1327	Q9LMA8	Q9SV55	positive	True	True	kept	both_sequences_available
1328	Q9LMN7	Q9SL15	positive	True	True	kept	both_sequences_available
1329	Q9LMN8	Q9SL15	positive	True	True	kept	both_sequences_available
1330	Q9LN63	Q9LN63	positive	True	True	kept	both_sequences_available
1331	Q9LN63	Q9STM3	positive	True	True	kept	both_sequences_available
1332	Q9LPR8	Q9LQT8	positive	True	True	kept	both_sequences_available
1333	Q9LPR8	Q9SLH3	positive	True	True	kept	both_sequences_available
1334	Q9LQ65	Q9S744	positive	True	True	kept	both_sequences_available
1335	Q9LQT8	Q9MAA7	positive	True	True	kept	both_sequences_available
1336	Q9LSI9	Q9S744	positive	True	True	kept	both_sequences_available
1337	Q9LTT8	Q9SJF3	positive	True	True	kept	both_sequences_available
1338	Q9LTW5	Q9XF67	positive	True	True	kept	both_sequences_available
1339	Q9LUI6	Q9S744	positive	True	True	kept	both_sequences_available
1340	Q9LUJ3	Q9LUJ3	positive	True	True	kept	both_sequences_available
1341	Q9LV04	Q9S744	positive	True	True	kept	both_sequences_available
1342	Q9LV87	Q9SSL9	positive	True	True	kept	both_sequences_available
1343	Q9LVI4	Q9LVI4	positive	True	True	kept	both_sequences_available
1344	Q9LVI4	Q9SLH0	positive	True	True	kept	both_sequences_available
1345	Q9LVI4	Q9SV55	positive	True	True	kept	both_sequences_available
1346	Q9LW66	Q9S744	positive	True	True	kept	both_sequences_available
1347	Q9LX56	Q9S744	positive	True	True	kept	both_sequences_available
1348	Q9LX99	Q9SEX2	positive	True	True	kept	both_sequences_available
1349	Q9LXJ0	Q9LXJ0	positive	True	True	kept	both_sequences_available
1350	Q9LYG8	Q9S744	positive	True	True	kept	both_sequences_available
1351	Q9LYL6	Q9S744	positive	True	True	kept	both_sequences_available
1352	Q9LZM1	Q9SHC8	positive	True	True	kept	both_sequences_available
1353	Q9LZN0	Q9SCZ4	positive	True	True	kept	both_sequences_available
1354	Q9LZP8	Q9S744	positive	True	True	kept	both_sequences_available
1355	Q9LZV7	Q9S744	positive	True	True	kept	both_sequences_available
1356	Q9M012	Q9SIY7	positive	True	True	kept	both_sequences_available
1357	Q9M155	Q9M223	positive	True	True	kept	both_sequences_available
1358	Q9M246	Q9SV55	positive	True	True	kept	both_sequences_available
1359	Q9M2K4	Q9S744	positive	True	True	kept	both_sequences_available
1360	Q9M7Q2	Q9S744	positive	True	True	kept	both_sequences_available
1361	Q9M844	Q9S744	positive	True	True	kept	both_sequences_available
1362	Q9M8T0	Q9S744	positive	True	True	kept	both_sequences_available
1363	Q9M8W6	Q9S744	positive	True	True	kept	both_sequences_available
1364	Q9M9C3	Q9S744	positive	True	True	kept	both_sequences_available
1365	Q9M9C5	Q9S744	positive	True	True	kept	both_sequences_available
1366	Q9M9V8	Q9S744	positive	True	True	kept	both_sequences_available
1367	Q9MAA7	Q9SLH3	positive	True	True	kept	both_sequences_available
1368	Q9MAB4	Q9S744	positive	True	True	kept	both_sequences_available
1369	Q9MBA2	Q9MBA2	positive	True	True	kept	both_sequences_available
1370	Q9S744	Q9S7H5	positive	True	True	kept	both_sequences_available
1371	Q9S744	Q9SGN7	positive	True	True	kept	both_sequences_available
1372	Q9S744	Q9SJX8	positive	True	True	kept	both_sequences_available
1373	Q9S744	Q9SKN2	positive	True	True	kept	both_sequences_available
1374	Q9S744	Q9SL70	positive	True	True	kept	both_sequences_available
1375	Q9S744	Q9SLP1	positive	True	True	kept	both_sequences_available
1376	Q9S744	Q9SND6	positive	True	True	kept	both_sequences_available
1377	Q9S744	Q9SSC7	positive	True	True	kept	both_sequences_available
1378	Q9S744	Q9SSF8	positive	True	True	kept	both_sequences_available
1379	Q9S744	Q9SUP6	positive	True	True	kept	both_sequences_available
1380	Q9S744	Q9SYP2	positive	True	True	kept	both_sequences_available
1381	Q9S744	Q9SYS3	positive	True	True	kept	both_sequences_available
1382	Q9S744	Q9SZ03	positive	True	True	kept	both_sequences_available
1383	Q9S744	Q9SZJ6	positive	True	True	kept	both_sequences_available
1384	Q9S744	Q9T074	positive	True	True	kept	both_sequences_available
1385	Q9S744	Q9ZPE4	positive	True	True	kept	both_sequences_available
1386	Q9S744	Q9ZUI9	positive	True	True	kept	both_sequences_available
1387	Q9S744	Q9ZVM9	positive	True	True	kept	both_sequences_available
1388	Q9S750	Q9S750	positive	True	True	kept	both_sequences_available
1389	Q9S7M2	Q9SV55	positive	True	True	kept	both_sequences_available
1390	Q9S7P9	Q9ZSD4	positive	True	True	kept	both_sequences_available
1391	Q9S7Q7	Q9SQI2	positive	True	True	kept	both_sequences_available
1392	Q9SAZ5	Q9SB04	positive	True	True	kept	both_sequences_available
1393	Q9SAZ5	Q9SHC2	positive	True	True	kept	both_sequences_available
1394	Q9SAZ5	Q9ZWS7	positive	True	True	kept	both_sequences_available
1395	Q9SB04	Q9ZNV9	positive	True	True	kept	both_sequences_available
1396	Q9SCL7	Q9ZST4	positive	True	True	kept	both_sequences_available
1397	Q9SCZ4	Q9SRY3	positive	True	True	kept	both_sequences_available
1398	Q9SEE9	Q9SEU4	positive	True	True	kept	both_sequences_available
1399	Q9SEU8	Q9SMX3	positive	True	True	kept	both_sequences_available
1400	Q9SHC2	Q9ZNV8	positive	True	True	kept	both_sequences_available
1401	Q9SIN1	Q9ZPS9	positive	True	True	kept	both_sequences_available
1402	Q9SIU2	Q9XFD1	positive	True	True	kept	both_sequences_available
1403	Q9SJF3	Q9SJF3	positive	True	True	kept	both_sequences_available
1404	Q9SM23	Q9SSA8	positive	True	True	kept	both_sequences_available
1405	Q9SQR2	Q9SVQ9	positive	True	True	kept	both_sequences_available
1406	Q9SRQ3	Q9SRQ3	positive	True	True	kept	both_sequences_available
1407	Q9SRQ3	Q9SYU4	positive	True	True	kept	both_sequences_available
1408	Q9SS94	Q9SS94	positive	True	True	kept	both_sequences_available
1409	Q9SSA8	Q9STP8	positive	True	True	kept	both_sequences_available
1410	Q9SSM7	Q9SSM7	positive	True	True	kept	both_sequences_available
1411	Q9STF9	Q9STF9	positive	True	True	kept	both_sequences_available
1412	Q9SU94	Q9SU94	positive	True	True	kept	both_sequences_available
1413	Q9SUA3	Q9XF67	positive	True	True	kept	both_sequences_available
1414	Q9SUQ8	Q9SUQ8	positive	True	True	kept	both_sequences_available
1415	Q9SVG9	Q9ZPX9	positive	True	True	kept	both_sequences_available
1416	Q9SYX1	Q9SYX1	positive	True	True	kept	both_sequences_available
1417	Q9SZ15	Q9ZNT0	positive	True	True	kept	both_sequences_available
1418	Q9XEA1	Q9XEA1	positive	True	True	kept	both_sequences_available
1419	Q9XGM3	Q9XGM3	positive	True	True	kept	both_sequences_available
1420	Q9XI87	Q9ZPS9	positive	True	True	kept	both_sequences_available
1421	Q9XIC7	Q9ZVR7	positive	True	True	kept	both_sequences_available
1422	Q9ZNV8	Q9ZWJ9	positive	True	True	kept	both_sequences_available
1423	Q9ZNV8	Q9ZWS7	positive	True	True	kept	both_sequences_available
1424	Q9ZNV9	Q9ZWJ9	positive	True	True	kept	both_sequences_available
1425	Q9ZWC8	Q9ZWC8	positive	True	True	kept	both_sequences_available
1426	A0A178UA35	Q9LTD6	negative	False	True	removed	sequence_missing_A
1427	A0A178UFM8	Q9ZV02	negative	False	True	removed	sequence_missing_A
1428	A0A178UGH4	Q9SAA9	negative	False	True	removed	sequence_missing_A
1429	A0A178UKR9	P14713	negative	False	True	removed	sequence_missing_A
1430	A0A178ULT4	Q9XEC7	negative	False	True	removed	sequence_missing_A
1431	A0A178UQA3	Q9FMH5	negative	False	True	removed	sequence_missing_A
1432	A0A178URU7	Q9ZNT0	negative	False	True	removed	sequence_missing_A
1433	A0A178UXI0	Q9LHF5	negative	False	True	removed	sequence_missing_A
1434	A0A178V0W2	P0C2G4	negative	False	True	removed	sequence_missing_A
1435	A0A178V4E1	Q94AI4	negative	False	True	removed	sequence_missing_A
1436	A0A178VFA3	Q9LU15	negative	False	True	removed	sequence_missing_A
1437	A0A178VMH7	Q39140-2	negative	False	False	removed	sequence_missing_A_and_B
1438	A0A178VQN9	Q8VZI3	negative	False	True	removed	sequence_missing_A
1439	A0A178VS74	Q93VH5	negative	False	True	removed	sequence_missing_A
1440	A0A178VTR0	Q8L940	negative	False	True	removed	sequence_missing_A
1441	A0A178VUV0	Q9FHB0	negative	False	True	removed	sequence_missing_A
1442	A0A178W4T8	Q8L500	negative	False	True	removed	sequence_missing_A
1443	A0A178WDD2	Q29PZ8	negative	False	True	removed	sequence_missing_A
1444	A0A178WDM5	Q9C7K0	negative	False	True	removed	sequence_missing_A
1445	A0A178WEE3	O80674	negative	False	True	removed	sequence_missing_A
1446	A0A178WFR3	Q39140-2	negative	False	False	removed	sequence_missing_A_and_B
1447	A0A178WKB2	Q9SJU0	negative	False	True	removed	sequence_missing_A
1448	A0A178WLV7	Q9FM10	negative	False	True	removed	sequence_missing_A
1449	A0A178WP44	O04905	negative	False	True	removed	sequence_missing_A
1450	A0A1I9LL75	Q945M1	negative	True	True	kept	both_sequences_available
1451	A0A1I9LP47	Q9ZVI3	negative	True	True	kept	both_sequences_available
1452	A0A1I9LQ12	Q9C658	negative	True	True	kept	both_sequences_available
1453	A0A1I9LQ53	Q8W4K5	negative	True	True	kept	both_sequences_available
1454	A0A1P8ASI5	Q8L7U0	negative	True	True	kept	both_sequences_available
1455	A0A1P8B1V0	Q8GY12	negative	True	True	kept	both_sequences_available
1456	A0A1P8B4Y6	P92983	negative	True	True	kept	both_sequences_available
1457	A0A1P8B7M3	Q9C504	negative	True	True	kept	both_sequences_available
1458	A0A1P8BAS1	Q940U5	negative	True	True	kept	both_sequences_available
1459	A0A1P8BAS1	Q9FK42	negative	True	True	kept	both_sequences_available
1460	A0A1P8BC43	Q94BN0	negative	True	True	kept	both_sequences_available
1461	A0A1R7T3H0	Q9ZV06	negative	True	True	kept	both_sequences_available
1462	A0A384KQ28	Q3E8H4	negative	False	True	removed	sequence_missing_A
1463	A0A384KVW9	Q9ASX2	negative	False	False	removed	sequence_missing_A_and_B
1464	A0A384KX90	O65282	negative	False	True	removed	sequence_missing_A
1465	A0A384KX90	Q9M8Y0	negative	False	True	removed	sequence_missing_A
1466	A0A384KYS8	Q8VZM9	negative	False	True	removed	sequence_missing_A
1467	A0A384KZU0	Q6EVK6	negative	False	True	removed	sequence_missing_A
1468	A0A384L363	Q9SN19	negative	False	True	removed	sequence_missing_A
1469	A0A384L3L6	Q9LZM6	negative	False	True	removed	sequence_missing_A
1470	A0A384LEC9	Q9XGZ3	negative	False	True	removed	sequence_missing_A
1471	A0A654F9U8	P42777	negative	False	True	removed	sequence_missing_A
1472	A1A6M1	Q5HZ38	negative	True	True	kept	both_sequences_available
1473	A1L4W5	Q8W4S5	negative	True	True	kept	both_sequences_available
1474	A1L4X0	Q8VYR5	negative	True	True	kept	both_sequences_available
1475	A2RVS6	Q9LUL2	negative	True	True	kept	both_sequences_available
1476	A2RVU3	Q9ZUC0	negative	True	True	kept	both_sequences_available
1477	A4D998	Q94AU9	negative	True	True	kept	both_sequences_available
1478	A4FVP6	Q94JM3	negative	True	True	kept	both_sequences_available
1479	A4VCM0	Q29PQ8	negative	True	True	kept	both_sequences_available
1480	A4VCM0	Q9LXJ2	negative	True	True	kept	both_sequences_available
1481	A8MRZ8	Q9LTW5	negative	True	True	kept	both_sequences_available
1482	A8MS32	O49697	negative	True	True	kept	both_sequences_available
1483	A8MS70	Q9LPD5	negative	True	True	kept	both_sequences_available
1484	A8MSE3	Q84JH2	negative	True	True	kept	both_sequences_available
1485	A8R7E6	Q9ZW22	negative	True	True	kept	both_sequences_available
1486	B3H506	O22264	negative	True	True	kept	both_sequences_available
1487	B3H5I5	Q9FNQ0	negative	True	True	kept	both_sequences_available
1488	B3H7H1	Q9C5T5	negative	True	True	kept	both_sequences_available
1489	B3H7H1	Q9SAG6	negative	True	True	kept	both_sequences_available
1490	B5X0I6	Q8RXF1	negative	True	False	removed	sequence_missing_B
1491	B5X0I6	Q9C9H1	negative	True	True	kept	both_sequences_available
1492	B5X0N6	Q9SQX9	negative	True	True	kept	both_sequences_available
1493	B5X4Z4	Q6NM52	negative	True	True	kept	both_sequences_available
1494	B9DFI7	Q8W4K5	negative	True	True	kept	both_sequences_available
1495	B9DFS6	Q05609	negative	True	True	kept	both_sequences_available
1496	B9DFS6	Q8VZ95	negative	True	True	kept	both_sequences_available
1497	B9DG73	Q9XF88	negative	True	True	kept	both_sequences_available
1498	B9DGA1	Q9SJC2	negative	True	True	kept	both_sequences_available
1499	B9DGD1	O65397	negative	True	True	kept	both_sequences_available
1500	B9DGD6	Q9ZUM8	negative	True	True	kept	both_sequences_available
1501	B9DHT4	Q9SVQ3	negative	True	True	kept	both_sequences_available
1502	C0LGD6	Q9MAB3	negative	True	True	kept	both_sequences_available
1503	C0LGI2	Q9FUQ7	negative	True	True	kept	both_sequences_available
1504	C0LGN2	Q9M205	negative	True	True	kept	both_sequences_available
1505	C0LGP3	Q84TE6-2	negative	True	False	removed	sequence_missing_B
1506	C0LGP4	Q8VZR8	negative	True	True	kept	both_sequences_available
1507	C0LGR3	O22704	negative	True	True	kept	both_sequences_available
1508	C0LGR9	P49689	negative	True	True	kept	both_sequences_available
1509	C0LGS2	Q9LHS9	negative	True	True	kept	both_sequences_available
1510	C0LGW6	Q8GWI7	negative	True	True	kept	both_sequences_available
1511	C0LGW6	Q9LMR3	negative	True	True	kept	both_sequences_available
1512	C0SUW7	Q93Z51	negative	True	True	kept	both_sequences_available
1513	C0SV91	Q9LT56	negative	True	True	kept	both_sequences_available
1514	C0SVN2	Q8LEB2	negative	True	False	removed	sequence_missing_B
1515	C6KIE6	Q8H1G5	negative	True	True	kept	both_sequences_available
1516	F4HPA7	Q9LPU8	negative	True	True	kept	both_sequences_available
1517	F4HQ22	Q9LPT6	negative	True	True	kept	both_sequences_available
1518	F4HTE0	Q9FK10	negative	True	True	kept	both_sequences_available
1519	F4HTH8	Q9ASX2	negative	True	False	removed	sequence_missing_B
1520	F4HVM3	Q9SUA7	negative	True	False	removed	sequence_missing_B
1521	F4HXZ1	Q8L9E3	negative	True	True	kept	both_sequences_available
1522	F4HZY9	O04351	negative	True	True	kept	both_sequences_available
1523	F4I065	Q9FKF9	negative	True	True	kept	both_sequences_available
1524	F4I0P9	Q9LUV4	negative	True	True	kept	both_sequences_available
1525	F4I1G5	P49333	negative	True	True	kept	both_sequences_available
1526	F4I1K2	Q9FG65	negative	True	True	kept	both_sequences_available
1527	F4I3C3	Q9C8Y7	negative	True	True	kept	both_sequences_available
1528	F4I3V3	Q147N7	negative	True	True	kept	both_sequences_available
1529	F4I420	Q8VYJ7	negative	True	True	kept	both_sequences_available
1530	F4I421	Q84JG2	negative	True	True	kept	both_sequences_available
1531	F4I4R0	O82307	negative	True	True	kept	both_sequences_available
1532	F4I4R0	Q9M000	negative	True	True	kept	both_sequences_available
1533	F4I4R0	Q9STE8	negative	True	True	kept	both_sequences_available
1534	F4I5D7	Q9SXJ7	negative	True	True	kept	both_sequences_available
1535	F4I672	Q9C7A8	negative	True	True	kept	both_sequences_available
1536	F4I672	Q9FLM8	negative	True	True	kept	both_sequences_available
1537	F4I6M4	Q9C5G5	negative	True	True	kept	both_sequences_available
1538	F4I764	Q6X7K0	negative	True	True	kept	both_sequences_available
1539	F4I7I0	Q9LP51	negative	True	True	kept	both_sequences_available
1540	F4I8E9	O81108	negative	True	True	kept	both_sequences_available
1541	F4I9J8	P57742	negative	True	True	kept	both_sequences_available
1542	F4ICX9	Q9CAC1	negative	True	True	kept	both_sequences_available
1543	F4IE21	F4K5X6	negative	True	True	kept	both_sequences_available
1544	F4IFC5	Q9FI70	negative	True	True	kept	both_sequences_available
1545	F4IG60	Q8RWZ3	negative	True	False	removed	sequence_missing_B
1546	F4IH98	O04336	negative	True	True	kept	both_sequences_available
1547	F4IH98	Q93XY4	negative	True	True	kept	both_sequences_available
1548	F4IHL3	Q9LM92	negative	True	True	kept	both_sequences_available
1549	F4IHS9	Q9LPR6	negative	True	True	kept	both_sequences_available
1550	F4II29	Q9FHQ9	negative	True	True	kept	both_sequences_available
1551	F4IK01	Q940I8	negative	True	True	kept	both_sequences_available
1552	F4IM73	P0CW77	negative	True	True	kept	both_sequences_available
1553	F4IPE3	Q9LVW0	negative	True	True	kept	both_sequences_available
1554	F4IS00	Q38869	negative	True	True	kept	both_sequences_available
1555	F4ISG1	Q8L7W0	negative	True	True	kept	both_sequences_available
1556	F4ITL6	Q8VWQ4	negative	True	True	kept	both_sequences_available
1557	F4IUW3	Q500V6	negative	True	True	kept	both_sequences_available
1558	F4IUW3	Q9SB04	negative	True	True	kept	both_sequences_available
1559	F4IVJ8	Q9FGP7	negative	True	True	kept	both_sequences_available
1560	F4IVZ7	P48006	negative	True	True	kept	both_sequences_available
1561	F4IX22	O80786	negative	True	True	kept	both_sequences_available
1562	F4IX22	Q9SIK1	negative	True	True	kept	both_sequences_available
1563	F4IX26	Q9LY28	negative	True	True	kept	both_sequences_available
1564	F4IYD1	Q9C9N5	negative	True	True	kept	both_sequences_available
1565	F4IZC0	Q9LXC9	negative	True	True	kept	both_sequences_available
1566	F4IZC5	Q9MAU6	negative	True	True	kept	both_sequences_available
1567	F4J030	Q9LIS3	negative	True	True	kept	both_sequences_available
1568	F4J0W4	Q94F58	negative	True	True	kept	both_sequences_available
1569	F4J153	Q94JQ7	negative	True	True	kept	both_sequences_available
1570	F4J220	Q949V7	negative	True	True	kept	both_sequences_available
1571	F4J2K4	Q6S592	negative	True	True	kept	both_sequences_available
1572	F4J5M9	Q9M3B3	negative	True	True	kept	both_sequences_available
1573	F4J6I6	P31167	negative	True	True	kept	both_sequences_available
1574	F4J819	O65555	negative	True	True	kept	both_sequences_available
1575	F4JCR2	Q0PW40	negative	True	True	kept	both_sequences_available
1576	F4JKK0	O64425	negative	True	True	kept	both_sequences_available
1577	F4JL28	Q39218	negative	True	True	kept	both_sequences_available
1578	F4JMN0	Q9LQ12	negative	True	True	kept	both_sequences_available
1579	F4JP43	Q8VZ73	negative	True	True	kept	both_sequences_available
1580	F4JP79	Q9S9Z2	negative	True	True	kept	both_sequences_available
1581	F4JP94	Q9LX51	negative	True	True	kept	both_sequences_available
1582	F4JQ95	Q9SAK9	negative	True	True	kept	both_sequences_available
1583	F4JRB0-2	Q0PW40	negative	False	True	removed	sequence_missing_A
1584	F4JRR5	Q9C616	negative	True	True	kept	both_sequences_available
1585	F4JS25	Q6NNH1	negative	True	True	kept	both_sequences_available
1586	F4JSU0	Q94CK1	negative	True	True	kept	both_sequences_available
1587	F4JT76	Q9S7J8	negative	True	True	kept	both_sequences_available
1588	F4JTI1	Q9ZT96	negative	True	True	kept	both_sequences_available
1589	F4JVI3	Q93WB2	negative	True	True	kept	both_sequences_available
1590	F4JVN6	Q94BU8	negative	True	True	kept	both_sequences_available
1591	F4JXH7	Q9SI62	negative	True	True	kept	both_sequences_available
1592	F4JY84	Q27GL4	negative	True	True	kept	both_sequences_available
1593	F4JZD5	Q8VXY0	negative	True	True	kept	both_sequences_available
1594	F4K0E8	Q9C803	negative	True	True	kept	both_sequences_available
1595	F4K128	Q9LFS4	negative	True	True	kept	both_sequences_available
1596	F4K1J1	Q8S9G8	negative	True	True	kept	both_sequences_available
1597	F4K1U5	O23712	negative	True	True	kept	both_sequences_available
1598	F4K210	O80765	negative	True	True	kept	both_sequences_available
1599	F4K210	Q9FX31	negative	True	True	kept	both_sequences_available
1600	F4K3G5	O04291	negative	True	True	kept	both_sequences_available
1601	F4K3G5	O64477	negative	True	True	kept	both_sequences_available
1602	F4K3G5	Q6NNI6	negative	True	True	kept	both_sequences_available
1603	F4K5S0	Q9FL13	negative	True	True	kept	both_sequences_available
1604	F4K5S0	Q9MAU6	negative	True	True	kept	both_sequences_available
1605	F4K8Y6	Q9FY69	negative	True	True	kept	both_sequences_available
1606	F4K964	Q9C7K0	negative	True	True	kept	both_sequences_available
1607	F4K9W6	Q9C9N8	negative	True	True	kept	both_sequences_available
1608	F4KAS3	Q94F08	negative	True	True	kept	both_sequences_available
1609	F4KCH7	Q9LQ28	negative	True	True	kept	both_sequences_available
1610	F4KCH7	Q9M9V8	negative	True	True	kept	both_sequences_available
1611	F4KD38	Q8LE52	negative	True	False	removed	sequence_missing_B
1612	F4KG64	Q8L860	negative	True	True	kept	both_sequences_available
1613	F4KGE8	Q9SCM4	negative	True	True	kept	both_sequences_available
1614	F4KGY6	Q9SI09	negative	True	True	kept	both_sequences_available
1615	F4KIB2	Q9LUG9	negative	True	True	kept	both_sequences_available
1616	F4KIB2	Q9LUH2	negative	True	True	kept	both_sequences_available
1617	F4KIJ2	Q8GWJ7	negative	True	True	kept	both_sequences_available
1618	O04005	Q944G5	negative	True	True	kept	both_sequences_available
1619	O04019	Q8S897	negative	True	False	removed	sequence_missing_B
1620	O04027	Q9LRJ9	negative	True	True	kept	both_sequences_available
1621	O04034	Q1G3Z3	negative	True	True	kept	both_sequences_available
1622	O04036	Q9M1Y3	negative	True	True	kept	both_sequences_available
1623	O04173	P56792	negative	True	True	kept	both_sequences_available
1624	O04265	Q9FXG8-2	negative	True	False	removed	sequence_missing_B
1625	O04291	Q38819	negative	True	True	kept	both_sequences_available
1626	O04291	Q9LYG8	negative	True	True	kept	both_sequences_available
1627	O04294	Q8L7V8	negative	True	True	kept	both_sequences_available
1628	O04309	O22890	negative	True	True	kept	both_sequences_available
1629	O04314	Q9LV90	negative	True	True	kept	both_sequences_available
1630	O04316	O64636	negative	True	True	kept	both_sequences_available
1631	O04331	O04848	negative	True	True	kept	both_sequences_available
1632	O04450	Q93ZJ3	negative	True	True	kept	both_sequences_available
1633	O04539	Q9STT5	negative	True	True	kept	both_sequences_available
1634	O04551	P47999	negative	True	True	kept	both_sequences_available
1635	O04632	P93743	negative	True	True	kept	both_sequences_available
1636	O04656	Q9FND1	negative	True	True	kept	both_sequences_available
1637	O04951	Q9FMH6	negative	True	True	kept	both_sequences_available
1638	O04951	Q9M9S0	negative	True	True	kept	both_sequences_available
1639	O22059	Q9SU56	negative	True	True	kept	both_sequences_available
1640	O22178	Q42581	negative	True	True	kept	both_sequences_available
1641	O22211	Q9SJR5	negative	True	True	kept	both_sequences_available
1642	O22224	Q8VY89	negative	True	True	kept	both_sequences_available
1643	O22229	Q8W4I4	negative	True	True	kept	both_sequences_available
1644	O22264	Q94AA3	negative	True	True	kept	both_sequences_available
1645	O22264	Q9FHB0	negative	True	True	kept	both_sequences_available
1646	O22265	P22954	negative	True	True	kept	both_sequences_available
1647	O22285	Q9ZV66	negative	True	True	kept	both_sequences_available
1648	O22286	Q8VYP5	negative	True	True	kept	both_sequences_available
1649	O22456-2	Q9LRY5	negative	False	True	removed	sequence_missing_A
1650	O22476	Q7XJU2	negative	True	True	kept	both_sequences_available
1651	O22476	Q8LCH5	negative	True	True	kept	both_sequences_available
1652	O22527	Q94BY8	negative	True	True	kept	both_sequences_available
1653	O22558	Q93YT1	negative	True	True	kept	both_sequences_available
1654	O22588	Q8GXT3	negative	True	True	kept	both_sequences_available
1655	O22622	Q9LPW3	negative	True	True	kept	both_sequences_available
1656	O22714	Q8VYI1	negative	True	True	kept	both_sequences_available
1657	O22759	Q9FIQ4	negative	True	True	kept	both_sequences_available
1658	O22763	Q93W92	negative	True	True	kept	both_sequences_available
1659	O22768	P29517	negative	True	True	kept	both_sequences_available
1660	O22769	Q42404	negative	True	True	kept	both_sequences_available
1661	O22798	Q9LVI4	negative	True	True	kept	both_sequences_available
1662	O22815	O65523	negative	True	False	removed	sequence_missing_B
1663	O22815	Q9FNZ2	negative	True	True	kept	both_sequences_available
1664	O22823	P25819	negative	True	True	kept	both_sequences_available
1665	O22845	Q9SGS2	negative	True	True	kept	both_sequences_available
1666	O22860	Q84K05	negative	True	True	kept	both_sequences_available
1667	O22900	Q8RWZ6	negative	True	False	removed	sequence_missing_B
1668	O22914	Q9LPL4	negative	True	True	kept	both_sequences_available
1669	O22932	Q9C827	negative	True	True	kept	both_sequences_available
1670	O22958	Q9SVW8	negative	True	True	kept	both_sequences_available
1671	O22985	Q9M9B3	negative	True	True	kept	both_sequences_available
1672	O23063	Q8LDK5	negative	True	False	removed	sequence_missing_B
1673	O23078	Q9FFD5	negative	True	True	kept	both_sequences_available
1674	O23078	Q9SJL7	negative	True	True	kept	both_sequences_available
1675	O23087	Q9FMC7	negative	True	True	kept	both_sequences_available
1676	O23120	Q38826	negative	True	True	kept	both_sequences_available
1677	O23167	Q42581	negative	True	True	kept	both_sequences_available
1678	O23171	Q9FZ33	negative	True	True	kept	both_sequences_available
1679	O23210	Q9C9A6	negative	True	True	kept	both_sequences_available
1680	O23236	Q940U6	negative	True	True	kept	both_sequences_available
1681	O23263	Q9LUZ4	negative	True	True	kept	both_sequences_available
1682	O23264	Q9SAF1	negative	True	True	kept	both_sequences_available
1683	O23290	Q8S3N1	negative	True	False	removed	sequence_missing_B
1684	O23298	Q8RX29	negative	True	False	removed	sequence_missing_B
1685	O23338	O24412	negative	True	True	kept	both_sequences_available
1686	O23342	Q5PP38	negative	True	True	kept	both_sequences_available
1687	O23379	Q9ZR04	negative	True	True	kept	both_sequences_available
1688	O23409	O64798	negative	False	True	removed	sequence_missing_A
1689	O23489	O82290	negative	False	True	removed	sequence_missing_A
1690	O23504	Q944K2	negative	True	True	kept	both_sequences_available
1691	O23530	Q8GYN5	negative	True	True	kept	both_sequences_available
1692	O23628	O64823	negative	True	True	kept	both_sequences_available
1693	O23659	O65397	negative	True	True	kept	both_sequences_available
1694	O23661	Q9FGJ8	negative	True	True	kept	both_sequences_available
1695	O23693	Q9C6B8	negative	True	True	kept	both_sequences_available
1696	O23694	O64511-1	negative	True	False	removed	sequence_missing_B
1697	O23712	Q9SLV1	negative	True	True	kept	both_sequences_available
1698	O23715	Q9FNY0	negative	True	True	kept	both_sequences_available
1699	O23913	P27140	negative	True	True	kept	both_sequences_available
1700	O24409	Q9SKB2	negative	True	True	kept	both_sequences_available
1701	O24412	Q940Z1	negative	True	True	kept	both_sequences_available
1702	O48533	P51102	negative	True	True	kept	both_sequences_available
1703	O48538	Q3E7N5	negative	True	True	kept	both_sequences_available
1704	O48686	P84634	negative	True	True	kept	both_sequences_available
1705	O48707	Q8GYN0	negative	True	True	kept	both_sequences_available
1706	O48707	Q9SIH1	negative	True	True	kept	both_sequences_available
1707	O48741	P34788	negative	True	True	kept	both_sequences_available
1708	O48790	Q9SAH1	negative	True	True	kept	both_sequences_available
1709	O48828	Q1PDZ0	negative	True	True	kept	both_sequences_available
1710	O48844	Q8L838	negative	True	True	kept	both_sequences_available
1711	O48845	Q5YGP7	negative	True	True	kept	both_sequences_available
1712	O48847	Q9ZW31	negative	True	True	kept	both_sequences_available
1713	O48916	Q9LY43	negative	True	True	kept	both_sequences_available
1714	O48917	Q9SJM3	negative	True	True	kept	both_sequences_available
1715	O48963	Q9FK91	negative	True	True	kept	both_sequences_available
1716	O49160	Q9ZR02	negative	True	True	kept	both_sequences_available
1717	O49213	Q9FIP0	negative	True	True	kept	both_sequences_available
1718	O49299	Q9LVI4	negative	True	True	kept	both_sequences_available
1719	O49404	Q94F00	negative	True	True	kept	both_sequences_available
1720	O49460	P56762	negative	True	True	kept	both_sequences_available
1721	O49515	Q39190	negative	True	True	kept	both_sequences_available
1722	O49519	O81793	negative	True	True	kept	both_sequences_available
1723	O49538	Q9FHN8	negative	True	True	kept	both_sequences_available
1724	O49552	Q9C899	negative	True	True	kept	both_sequences_available
1725	O49553	Q8H1B3	negative	True	True	kept	both_sequences_available
1726	O49653	O82568	negative	True	True	kept	both_sequences_available
1727	O49654	Q9C551	negative	True	True	kept	both_sequences_available
1728	O49660	Q8RUS5	negative	True	False	removed	sequence_missing_B
1729	O49663	Q8GYG0	negative	True	True	kept	both_sequences_available
1730	O49686	Q8LDI1	negative	True	True	kept	both_sequences_available
1731	O49697	Q9FNE4	negative	True	True	kept	both_sequences_available
1732	O49724	Q9ZT50	negative	False	True	removed	sequence_missing_A
1733	O49839	Q8LF48	negative	True	False	removed	sequence_missing_B
1734	O49839	Q8LPQ9	negative	True	False	removed	sequence_missing_B
1735	O50068	Q9M345	negative	False	True	removed	sequence_missing_A
1736	O64399	Q38900	negative	True	True	kept	both_sequences_available
1737	O64471	Q84JF2	negative	True	True	kept	both_sequences_available
1738	O64477	Q8GY79	negative	True	True	kept	both_sequences_available
1739	O64503	Q8S3D2	negative	True	False	removed	sequence_missing_B
1740	O64511	Q9LD40	negative	True	True	kept	both_sequences_available
1741	O64531	Q9LU64	negative	True	True	kept	both_sequences_available
1742	O64531	Q9ZVN6	negative	True	True	kept	both_sequences_available
1743	O64602	Q949S3	negative	True	True	kept	both_sequences_available
1744	O64638	Q9LRZ4	negative	True	True	kept	both_sequences_available
1745	O64647	Q941L2	negative	True	True	kept	both_sequences_available
1746	O64687	Q9M0M4	negative	True	True	kept	both_sequences_available
1747	O64778	Q8LDK3	negative	True	False	removed	sequence_missing_B
1748	O64778	Q9T6H8	negative	True	True	kept	both_sequences_available
1749	O64798	Q9SUT6	negative	True	True	kept	both_sequences_available
1750	O64816	Q8LGH4-PRO_0000396851	negative	True	False	removed	sequence_missing_B
1751	O64823	Q6DSS2	negative	True	True	kept	both_sequences_available
1752	O64903	Q9FMR9	negative	True	True	kept	both_sequences_available
1753	O65373	Q84K71	negative	True	True	kept	both_sequences_available
1754	O65389	Q9SA23	negative	True	True	kept	both_sequences_available
1755	O65398	Q8L797	negative	True	True	kept	both_sequences_available
1756	O65421	Q8H7F6	negative	True	True	kept	both_sequences_available
1757	O65440-2	Q8S9K8	negative	False	True	removed	sequence_missing_A
1758	O65440-2	Q94C65	negative	False	True	removed	sequence_missing_A
1759	O65440-2	Q9M886	negative	False	True	removed	sequence_missing_A
1760	O65499	Q07098	negative	True	True	kept	both_sequences_available
1761	O65508	Q42602	negative	True	True	kept	both_sequences_available
1762	O65515	Q9MAN1	negative	True	True	kept	both_sequences_available
1763	O65523	Q1PEY6	negative	False	True	removed	sequence_missing_A
1764	O65539	Q9C9Y8	negative	False	True	removed	sequence_missing_A
1765	O65539	Q9SYM5	negative	False	True	removed	sequence_missing_A
1766	O65567	Q94A21	negative	True	True	kept	both_sequences_available
1767	O65665	Q41969	negative	True	True	kept	both_sequences_available
1768	O65685	Q42533	negative	True	True	kept	both_sequences_available
1769	O65685	Q9LTF2	negative	True	True	kept	both_sequences_available
1770	O65719	P49689	negative	True	True	kept	both_sequences_available
1771	O65782	Q38836-2	negative	True	False	removed	sequence_missing_B
1772	O65784	Q6NQD9	negative	True	True	kept	both_sequences_available
1773	O65786	Q8VYF7	negative	True	True	kept	both_sequences_available
1774	O65896	Q9S7L5	negative	True	True	kept	both_sequences_available
1775	O80345	Q8GW77	negative	True	True	kept	both_sequences_available
1776	O80345	Q9FJB4	negative	True	True	kept	both_sequences_available
1777	O80438	Q9SZI6	negative	True	True	kept	both_sequences_available
1778	O80474	Q94BV4	negative	True	True	kept	both_sequences_available
1779	O80480	Q9M8K6	negative	True	True	kept	both_sequences_available
1780	O80482	Q9LQT3	negative	True	True	kept	both_sequences_available
1781	O80482	Q9SMX3	negative	True	True	kept	both_sequences_available
1782	O80492	Q93VB4	negative	True	True	kept	both_sequences_available
1783	O80501	Q96285	negative	True	True	kept	both_sequences_available
1784	O80517	Q9M350	negative	True	True	kept	both_sequences_available
1785	O80548	Q9SCR0	negative	True	True	kept	both_sequences_available
1786	O80565	Q1ECK0	negative	True	True	kept	both_sequences_available
1787	O80574	Q9FUP0	negative	True	True	kept	both_sequences_available
1788	O80582	Q38822	negative	True	True	kept	both_sequences_available
1789	O80605	Q9ZR04	negative	True	True	kept	both_sequences_available
1790	O80626	Q8RXK1	negative	True	False	removed	sequence_missing_B
1791	O80632	Q94JX9	negative	True	True	kept	both_sequences_available
1792	O80638	Q94AT3	negative	True	True	kept	both_sequences_available
1793	O80651	Q6NNH1	negative	True	True	kept	both_sequences_available
1794	O80651	Q9LYN0	negative	True	True	kept	both_sequences_available
1795	O80653	Q94BY8	negative	True	True	kept	both_sequences_available
1796	O80653	Q9LQ10	negative	True	True	kept	both_sequences_available
1797	O80653	Q9SZR9	negative	True	True	kept	both_sequences_available
1798	O80654	Q9MAX3	negative	True	True	kept	both_sequences_available
1799	O80722	Q8LG92	negative	True	False	removed	sequence_missing_B
1800	O80739	P37107	negative	True	True	kept	both_sequences_available
1801	O80748	Q9SYT0	negative	True	True	kept	both_sequences_available
1802	O80759	Q1G3F7	negative	True	True	kept	both_sequences_available
1803	O80762	Q9FG94	negative	True	True	kept	both_sequences_available
1804	O80786	Q9CAK8	negative	True	True	kept	both_sequences_available
1805	O80805	Q9FE67	negative	True	True	kept	both_sequences_available
1806	O80837	Q42565	negative	True	True	kept	both_sequences_available
1807	O80860	Q9FH99	negative	True	True	kept	both_sequences_available
1808	O80861	Q93ZT6	negative	True	True	kept	both_sequences_available
1809	O80871	Q9LK29	negative	True	True	kept	both_sequences_available
1810	O80902	Q9SI20	negative	True	True	kept	both_sequences_available
1811	O80902	Q9ZSK2	negative	True	True	kept	both_sequences_available
1812	O80915	Q9LXC9	negative	True	True	kept	both_sequences_available
1813	O80917	Q93YQ1	negative	True	True	kept	both_sequences_available
1814	O80952	Q8VYJ7	negative	True	True	kept	both_sequences_available
1815	O80952	Q9LSB2	negative	True	True	kept	both_sequences_available
1816	O80963	Q93WY4	negative	True	True	kept	both_sequences_available
1817	O80982	Q645J1	negative	True	True	kept	both_sequences_available
1818	O80982	Q9SUU8	negative	True	True	kept	both_sequences_available
1819	O81069	Q9C888	negative	True	True	kept	both_sequences_available
1820	O81098	Q501B2	negative	True	True	kept	both_sequences_available
1821	O81148	Q944H1	negative	True	True	kept	both_sequences_available
1822	O81149	Q9FK28	negative	True	True	kept	both_sequences_available
1823	O81283	Q8RY59	negative	True	False	removed	sequence_missing_B
1824	O81292	Q0WQN9	negative	True	True	kept	both_sequences_available
1825	O81292	Q1HDT2	negative	True	True	kept	both_sequences_available
1826	O81313	Q94AQ0	negative	True	True	kept	both_sequences_available
1827	O81323	Q9FFD5	negative	True	True	kept	both_sequences_available
1828	O81325	Q9FPJ4	negative	True	True	kept	both_sequences_available
1829	O81445	Q9C5X8	negative	True	True	kept	both_sequences_available
1830	O81483	P0C7P7	negative	True	True	kept	both_sequences_available
1831	O81632	Q84JU4	negative	True	True	kept	both_sequences_available
1832	O81632	Q84TF4	negative	True	True	kept	both_sequences_available
1833	O81635	Q9SND6	negative	True	True	kept	both_sequences_available
1834	O81644	Q96253	negative	True	True	kept	both_sequences_available
1835	O81752	P59232	negative	False	True	removed	sequence_missing_A
1836	O81793	Q9M1K0	negative	True	True	kept	both_sequences_available
1837	O81836	Q946Y7	negative	True	True	kept	both_sequences_available
1838	O81838	P30184	negative	True	True	kept	both_sequences_available
1839	O81851	Q9LRZ6	negative	True	True	kept	both_sequences_available
1840	O81893	P37106	negative	True	True	kept	both_sequences_available
1841	O81905	Q9M2Z4	negative	True	True	kept	both_sequences_available
1842	O82132	Q1ECF1	negative	True	True	kept	both_sequences_available
1843	O82197	Q9M8Y2	negative	True	False	removed	sequence_missing_B
1844	O82222	Q9C9H5	negative	True	True	kept	both_sequences_available
1845	O82226	Q9M274	negative	True	True	kept	both_sequences_available
1846	O82286-2	Q9LJ50	negative	False	True	removed	sequence_missing_A
1847	O82329	Q9LNV3	negative	True	True	kept	both_sequences_available
1848	O82337	Q96247	negative	True	True	kept	both_sequences_available
1849	O82345	Q9FXG6	negative	True	True	kept	both_sequences_available
1850	O82345	Q9SYK4	negative	True	True	kept	both_sequences_available
1851	O82352	Q8LCG7	negative	True	True	kept	both_sequences_available
1852	O82491	Q9SSP5	negative	True	True	kept	both_sequences_available
1853	O82491	Q9SZI2	negative	True	True	kept	both_sequences_available
1854	O82568	Q9M007	negative	True	True	kept	both_sequences_available
1855	O82568	Q9SS37	negative	True	True	kept	both_sequences_available
1856	O82595	Q8LDI1	negative	True	True	kept	both_sequences_available
1857	O82617	P42813	negative	True	True	kept	both_sequences_available
1858	O82632	Q9S9U6	negative	True	True	kept	both_sequences_available
1859	O82633	Q9M2H8	negative	False	True	removed	sequence_missing_A
1860	O82638	Q9ZV06	negative	True	True	kept	both_sequences_available
1861	O82752	Q9LYG3	negative	True	True	kept	both_sequences_available
1862	O82756	Q9LD90	negative	True	True	kept	both_sequences_available
1863	O82798	Q9LHL8	negative	True	True	kept	both_sequences_available
1864	P04778	Q94KB4	negative	True	True	kept	both_sequences_available
1865	P04778	Q9FMP4	negative	True	True	kept	both_sequences_available
1866	P05466	Q9LSH4	negative	True	True	kept	both_sequences_available
1867	P0C7P7	Q8LAI1	negative	True	True	kept	both_sequences_available
1868	P0C7Q8	Q8RWA5	negative	True	False	removed	sequence_missing_B
1869	P0C896	Q9FRH7	negative	True	True	kept	both_sequences_available
1870	P0C8R0	Q8LPN3	negative	True	False	removed	sequence_missing_B
1871	P0C8R0	Q9SVU0	negative	True	True	kept	both_sequences_available
1872	P0CB21	Q9LT75	negative	True	True	kept	both_sequences_available
1873	P0CB21	Q9ZT91	negative	True	True	kept	both_sequences_available
1874	P10795	P23586	negative	True	True	kept	both_sequences_available
1875	P10798	Q9FGK0	negative	True	True	kept	both_sequences_available
1876	P14712	Q9C933	negative	True	True	kept	both_sequences_available
1877	P14714	Q9XEC3	negative	True	True	kept	both_sequences_available
1878	P15459	Q7Y1Z8	negative	True	True	kept	both_sequences_available
1879	P15459	Q9ZUB5	negative	True	True	kept	both_sequences_available
1880	P20115	P43287	negative	True	True	kept	both_sequences_available
1881	P21240	Q9M0V0	negative	True	True	kept	both_sequences_available
1882	P22738	Q9FNZ1-2	negative	True	False	removed	sequence_missing_B
1883	P22738	Q9LP48	negative	True	True	kept	both_sequences_available
1884	P24636	Q24JL3	negative	True	True	kept	both_sequences_available
1885	P24704	Q8LPL5	negative	True	False	removed	sequence_missing_B
1886	P25818	Q9M2S6	negative	True	True	kept	both_sequences_available
1887	P25856	Q9M817	negative	True	True	kept	both_sequences_available
1888	P27140	Q9M1E6	negative	True	True	kept	both_sequences_available
1889	P27450	Q8W470	negative	True	True	kept	both_sequences_available
1890	P27450	Q9SHQ6	negative	True	True	kept	both_sequences_available
1891	P28187	Q9LVI4	negative	True	True	kept	both_sequences_available
1892	P28188	Q9FHS6	negative	True	True	kept	both_sequences_available
1893	P28297	Q9M0B0	negative	True	False	removed	sequence_missing_B
1894	P28493	Q8GZ22	negative	True	True	kept	both_sequences_available
1895	P29381	Q9FYA2	negative	True	True	kept	both_sequences_available
1896	P29383-3	Q9SCP2	negative	False	True	removed	sequence_missing_A
1897	P29385	Q9ZT48	negative	True	True	kept	both_sequences_available
1898	P29513	Q9SB48	negative	True	True	kept	both_sequences_available
1899	P30181	Q9M384	negative	True	True	kept	both_sequences_available
1900	P30184	Q9M898	negative	True	True	kept	both_sequences_available
1901	P30186	Q94AI7	negative	True	True	kept	both_sequences_available
1902	P30186	Q9SIN1	negative	True	True	kept	both_sequences_available
1903	P31169	Q9LHP2	negative	True	True	kept	both_sequences_available
1904	P31582	Q9SYS3	negative	True	True	kept	both_sequences_available
1905	P34791	Q8RY60	negative	True	False	removed	sequence_missing_B
1906	P35510	Q93Z81	negative	True	True	kept	both_sequences_available
1907	P35510	Q9FI87	negative	True	True	kept	both_sequences_available
1908	P36210	Q9LYR4	negative	True	True	kept	both_sequences_available
1909	P36397	P40228	negative	True	True	kept	both_sequences_available
1910	P37107	Q9SRT9	negative	True	True	kept	both_sequences_available
1911	P37107	Q9XFM0	negative	True	True	kept	both_sequences_available
1912	P38418	Q39083	negative	True	True	kept	both_sequences_available
1913	P38418	Q8VYB9	negative	True	True	kept	both_sequences_available
1914	P40940	Q9LTX2	negative	True	True	kept	both_sequences_available
1915	P41127	Q9S745	negative	True	True	kept	both_sequences_available
1916	P41376	Q1JPP8	negative	True	True	kept	both_sequences_available
1917	P41376	Q9SYP1	negative	True	True	kept	both_sequences_available
1918	P41377	Q9FH28	negative	True	True	kept	both_sequences_available
1919	P42698	Q9SLK2	negative	True	True	kept	both_sequences_available
1920	P42730	Q9CAX3	negative	True	True	kept	both_sequences_available
1921	P42762	Q9SRQ7	negative	True	True	kept	both_sequences_available
1922	P42776	Q8RY84	negative	True	False	removed	sequence_missing_B
1923	P42795	Q9XEF1	negative	True	True	kept	both_sequences_available
1924	P42801	Q9SYS3	negative	True	True	kept	both_sequences_available
1925	P42818	Q9LYR4	negative	True	True	kept	both_sequences_available
1926	P42825	Q8RWG8	negative	True	False	removed	sequence_missing_B
1927	P43286	Q1PEL7	negative	True	True	kept	both_sequences_available
1928	P43287	Q42384	negative	True	True	kept	both_sequences_available
1929	P43294	Q9FHR7	negative	True	True	kept	both_sequences_available
1930	P43299	Q9M0I6	negative	True	True	kept	both_sequences_available
1931	P46077	Q9SRQ8	negative	True	True	kept	both_sequences_available
1932	P46286	Q9C8M5	negative	True	True	kept	both_sequences_available
1933	P46286	Q9LIQ6	negative	True	True	kept	both_sequences_available
1934	P46312	Q9FLT8	negative	True	True	kept	both_sequences_available
1935	P46573	Q9LDE3	negative	True	True	kept	both_sequences_available
1936	P46600	Q9M1K1	negative	True	True	kept	both_sequences_available
1937	P46665	Q9T0A6	negative	True	True	kept	both_sequences_available
1938	P46897	Q29PT3	negative	True	True	kept	both_sequences_available
1939	P47192	Q8VY60	negative	True	True	kept	both_sequences_available
1940	P47735	Q5PNT1	negative	True	True	kept	both_sequences_available
1941	P47735	Q8VY21	negative	True	True	kept	both_sequences_available
1942	P47998	Q9LVV6	negative	True	True	kept	both_sequences_available
1943	P48007	Q6NMB6	negative	True	True	kept	both_sequences_available
1944	P48785	Q9M089	negative	True	False	removed	sequence_missing_B
1945	P48785	Q9SUU8	negative	True	True	kept	both_sequences_available
1946	P49205	Q94C27	negative	True	True	kept	both_sequences_available
1947	P49597	Q9FJ77	negative	True	True	kept	both_sequences_available
1948	P51566	Q84W89	negative	True	True	kept	both_sequences_available
1949	P51568	Q8RXL8	negative	True	False	removed	sequence_missing_B
1950	P52032	Q84L32	negative	True	True	kept	both_sequences_available
1951	P53780	Q9SZM3	negative	True	True	kept	both_sequences_available
1952	P54609	Q8VYD2	negative	True	True	kept	both_sequences_available
1953	P54609	Q9SD73	negative	True	True	kept	both_sequences_available
1954	P55228	Q9ZT63	negative	True	True	kept	both_sequences_available
1955	P55852	Q9FKI0	negative	True	True	kept	both_sequences_available
1956	P56755	Q8GWM8	negative	True	True	kept	both_sequences_available
1957	P56760	Q9SAJ6	negative	True	True	kept	both_sequences_available
1958	P56761	Q9ZV08	negative	True	True	kept	both_sequences_available
1959	P56764	Q93YP9	negative	True	True	kept	both_sequences_available
1960	P56764	Q9FLA1	negative	True	True	kept	both_sequences_available
1961	P56771	Q8L540	negative	True	True	kept	both_sequences_available
1962	P56771	Q8L7A6	negative	True	True	kept	both_sequences_available
1963	P56773	Q5HZ36	negative	True	True	kept	both_sequences_available
1964	P56773	Q93XN8	negative	True	True	kept	both_sequences_available
1965	P56780	Q9LYR4	negative	True	True	kept	both_sequences_available
1966	P56785	Q9FYD1	negative	True	True	kept	both_sequences_available
1967	P56795	Q9SHC8	negative	True	True	kept	both_sequences_available
1968	P56804	Q94CK3	negative	True	True	kept	both_sequences_available
1969	P57758	Q93VQ5	negative	True	True	kept	both_sequences_available
1970	P58684	Q9LJU6	negative	True	True	kept	both_sequences_available
1971	P59227	Q9LSX7	negative	False	True	removed	sequence_missing_A
1972	P59229	Q9S814	negative	True	True	kept	both_sequences_available
1973	P59233	Q9SSD1	negative	True	True	kept	both_sequences_available
1974	P59263	Q9M5A9	negative	False	True	removed	sequence_missing_A
1975	P60112	Q9LTZ4	negative	True	True	kept	both_sequences_available
1976	P61837	Q7XA88	negative	True	True	kept	both_sequences_available
1977	P62598	Q9SKA8	negative	True	True	kept	both_sequences_available
1978	P68349	Q8RWF5	negative	True	False	removed	sequence_missing_B
1979	P68349	Q95749	negative	True	True	kept	both_sequences_available
1980	P68350	Q3YL57	negative	True	True	kept	both_sequences_available
1981	P82715	Q9LK95	negative	True	True	kept	both_sequences_available
1982	P82873	Q9C977	negative	True	True	kept	both_sequences_available
1983	P83484	Q93Z00	negative	True	True	kept	both_sequences_available
1984	P92557	Q8VY20	negative	True	True	kept	both_sequences_available
1985	P92935	Q9FL82	negative	True	True	kept	both_sequences_available
1986	P92942	Q0WQ91	negative	True	True	kept	both_sequences_available
1987	P92963	Q6NPD8	negative	True	True	kept	both_sequences_available
1988	P92965	Q9C9N6	negative	True	True	kept	both_sequences_available
1989	P92981	Q9LST0	negative	True	True	kept	both_sequences_available
1990	P93024	Q9LY50	negative	True	True	kept	both_sequences_available
1991	P93025	Q84W40	negative	True	True	kept	both_sequences_available
1992	P93045	Q9S7G6	negative	True	True	kept	both_sequences_available
1993	P93048	Q9C5G2	negative	True	True	kept	both_sequences_available
1994	P93303	Q8GWW6	negative	True	True	kept	both_sequences_available
1995	P93303	Q9SAA2	negative	True	True	kept	both_sequences_available
1996	P93306	Q9SN23	negative	True	True	kept	both_sequences_available
1997	P93743	Q94BZ6	negative	True	True	kept	both_sequences_available
1998	P93819	Q84MD6	negative	True	True	kept	both_sequences_available
1999	P93822	Q9LUG9	negative	True	True	kept	both_sequences_available
2000	P93832	Q9SGH4	negative	True	True	kept	both_sequences_available
2001	P93836	Q8GWQ6	negative	True	True	kept	both_sequences_available
2002	Q01474	Q38824	negative	True	True	kept	both_sequences_available
2003	Q02283	Q93VP9	negative	True	True	kept	both_sequences_available
2004	Q05466	Q9XIC7	negative	True	True	kept	both_sequences_available
2005	Q05753	Q9SHG7	negative	True	True	kept	both_sequences_available
2006	Q05763	Q9FYF9	negative	True	True	kept	both_sequences_available
2007	Q058I9	Q9C553	negative	True	True	kept	both_sequences_available
2008	Q058N0	Q94AZ8	negative	True	True	kept	both_sequences_available
2009	Q058P7	Q9LHA6	negative	True	True	kept	both_sequences_available
2010	Q06850	Q940T9	negative	True	True	kept	both_sequences_available
2011	Q08467	Q0WPH8	negative	True	True	kept	both_sequences_available
2012	Q08A69	Q8RY99	negative	True	False	removed	sequence_missing_B
2013	Q0PCS3	Q940Y5	negative	True	True	kept	both_sequences_available
2014	Q0PW40	Q94JR1	negative	True	True	kept	both_sequences_available
2015	Q0PW40	Q9SIZ5	negative	True	True	kept	both_sequences_available
2016	Q0V7Y3	Q940T0	negative	True	True	kept	both_sequences_available
2017	Q0V811	Q9LXV0	negative	True	True	kept	both_sequences_available
2018	Q0WKW1	Q1ECK0	negative	True	True	kept	both_sequences_available
2019	Q0WKZ9	Q9LDL7	negative	True	True	kept	both_sequences_available
2020	Q0WLS8	Q84VW0	negative	True	True	kept	both_sequences_available
2021	Q0WLZ8	Q9ZUI8	negative	True	True	kept	both_sequences_available
2022	Q0WM93	Q9M085	negative	True	True	kept	both_sequences_available
2023	Q0WN54	Q9ZW22	negative	True	True	kept	both_sequences_available
2024	Q0WNP7	Q9FG87	negative	True	True	kept	both_sequences_available
2025	Q0WPF2	Q7X887	negative	True	True	kept	both_sequences_available
2026	Q0WR59	Q9M111	negative	True	True	kept	both_sequences_available
2027	Q0WRC9	Q6NPE4	negative	True	True	kept	both_sequences_available
2028	Q0WT48	Q9SGV6	negative	True	True	kept	both_sequences_available
2029	Q0WTY4	Q8VYL4	negative	True	True	kept	both_sequences_available
2030	Q0WUA3	Q9LDU6	negative	True	True	kept	both_sequences_available
2031	Q0WVD6	Q9FIJ5	negative	True	True	kept	both_sequences_available
2032	Q0WVM4	Q9LD37	negative	True	True	kept	both_sequences_available
2033	Q0WVR4	Q8W5B1	negative	True	True	kept	both_sequences_available
2034	Q0WVZ1	Q9C533	negative	True	True	kept	both_sequences_available
2035	Q0WW40	Q93XX0	negative	True	True	kept	both_sequences_available
2036	Q0WW84	Q9FIC3	negative	True	True	kept	both_sequences_available
2037	Q147F7	Q9FX53	negative	True	True	kept	both_sequences_available
2038	Q147Q9	Q9C5H4	negative	True	True	kept	both_sequences_available
2039	Q147Q9	Q9S816	negative	True	True	kept	both_sequences_available
2040	Q17TI5	Q9LK72	negative	True	True	kept	both_sequences_available
2041	Q1EBV6	Q9FXG8-1	negative	True	False	removed	sequence_missing_B
2042	Q1EBV6	Q9SJY4	negative	True	True	kept	both_sequences_available
2043	Q1EC57	Q9SIR8	negative	True	True	kept	both_sequences_available
2044	Q1ECF1	Q9FLJ2	negative	True	True	kept	both_sequences_available
2045	Q1G3K7	Q9LIR8	negative	True	True	kept	both_sequences_available
2046	Q1G3Q4	Q9SF92	negative	True	True	kept	both_sequences_available
2047	Q1H595	Q8L7I1	negative	True	True	kept	both_sequences_available
2048	Q1HDT2	Q93VQ5	negative	True	True	kept	both_sequences_available
2049	Q1JPM3	Q9LM46	negative	True	True	kept	both_sequences_available
2050	Q1JPN7	Q9SX27	negative	True	True	kept	both_sequences_available
2051	Q1PED2	Q6XAT2	negative	True	True	kept	both_sequences_available
2052	Q1PET6	Q9LUN2	negative	True	True	kept	both_sequences_available
2053	Q1PEU3	Q9LM77	negative	True	True	kept	both_sequences_available
2054	Q1PEY6	Q9LZV7	negative	True	True	kept	both_sequences_available
2055	Q1PFB9	Q9M0F9	negative	True	True	kept	both_sequences_available
2056	Q1PFV9	Q8GRT9	negative	True	True	kept	both_sequences_available
2057	Q1PFV9	Q9SZ05	negative	True	True	kept	both_sequences_available
2058	Q27GM2	Q9C4Z7	negative	True	True	kept	both_sequences_available
2059	Q29PQ8	Q8VZP6	negative	True	True	kept	both_sequences_available
2060	Q29PZ8	Q9LUV9	negative	True	True	kept	both_sequences_available
2061	Q29Q26	Q42338	negative	True	True	kept	both_sequences_available
2062	Q29Q28	Q39068	negative	True	True	kept	both_sequences_available
2063	Q29Q34	Q9ZUN5	negative	True	True	kept	both_sequences_available
2064	Q2EF88	Q9LX49	negative	True	True	kept	both_sequences_available
2065	Q2HIK4	Q9XII1	negative	True	True	kept	both_sequences_available
2066	Q2HIW3	Q9SZD4	negative	True	True	kept	both_sequences_available
2067	Q2LAE1	Q3E7N5	negative	True	True	kept	both_sequences_available
2068	Q2LAE1	Q8GWL1	negative	True	True	kept	both_sequences_available
2069	Q2V359	Q9SIP7	negative	True	True	kept	both_sequences_available
2070	Q2V3B2	Q93Z08	negative	True	True	kept	both_sequences_available
2071	Q2V3H2	Q8RWD9	negative	True	False	removed	sequence_missing_B
2072	Q2VWA2	Q9SUR6	negative	True	True	kept	both_sequences_available
2073	Q304A0	Q8GYK6	negative	True	True	kept	both_sequences_available
2074	Q38796	Q8L9M8	negative	True	True	kept	both_sequences_available
2075	Q38798	Q93W05	negative	True	True	kept	both_sequences_available
2076	Q38819	Q8VXY0	negative	True	True	kept	both_sequences_available
2077	Q38819	Q9FG61	negative	True	True	kept	both_sequences_available
2078	Q38824	Q681Q7	negative	True	True	kept	both_sequences_available
2079	Q38826-1	Q9MAH8	negative	False	True	removed	sequence_missing_A
2080	Q38828	Q84JS6	negative	True	True	kept	both_sequences_available
2081	Q38832	Q9SJW6	negative	True	True	kept	both_sequences_available
2082	Q38838	Q8VXZ7	negative	True	True	kept	both_sequences_available
2083	Q38851	Q9LEQ3	negative	True	True	kept	both_sequences_available
2084	Q38853	Q9FLP5	negative	True	True	kept	both_sequences_available
2085	Q38861	Q9FLE2	negative	True	True	kept	both_sequences_available
2086	Q38879	Q93YW4	negative	True	True	kept	both_sequences_available
2087	Q38882	Q93WC4	negative	True	True	kept	both_sequences_available
2088	Q38899	Q9M2S7	negative	True	True	kept	both_sequences_available
2089	Q38900	Q9SB92	negative	True	True	kept	both_sequences_available
2090	Q38911	Q9SUD5	negative	True	True	kept	both_sequences_available
2091	Q38919	Q7G8T1	negative	True	True	kept	both_sequences_available
2092	Q38919	Q9C5G8	negative	True	True	kept	both_sequences_available
2093	Q38935	Q8RXW0	negative	True	False	removed	sequence_missing_B
2094	Q38937	Q9FJ77	negative	True	True	kept	both_sequences_available
2095	Q38960	Q9LUA2	negative	True	True	kept	both_sequences_available
2096	Q38970	Q8GYQ9	negative	True	True	kept	both_sequences_available
2097	Q38997	Q9FXF2-2	negative	True	False	removed	sequence_missing_B
2098	Q38998	Q9SEI4	negative	True	True	kept	both_sequences_available
2099	Q39008	Q9SAD4	negative	True	True	kept	both_sequences_available
2100	Q39009	Q944J2	negative	True	True	kept	both_sequences_available
2101	Q39041	Q8S397	negative	True	False	removed	sequence_missing_B
2102	Q39065	Q8L837	negative	True	True	kept	both_sequences_available
2103	Q39065	Q9SSK9	negative	True	True	kept	both_sequences_available
2104	Q39079	Q8VYD4	negative	True	True	kept	both_sequences_available
2105	Q39083	Q9FKH1	negative	True	True	kept	both_sequences_available
2106	Q39132	Q8GWE6	negative	True	True	kept	both_sequences_available
2107	Q39132	Q9T0A8	negative	True	True	kept	both_sequences_available
2108	Q39142	Q8RWA2	negative	True	False	removed	sequence_missing_B
2109	Q39161	Q8RY08	negative	True	False	removed	sequence_missing_B
2110	Q39173	Q9FZ76	negative	True	True	kept	both_sequences_available
2111	Q39194	Q9M9S4	negative	True	True	kept	both_sequences_available
2112	Q39211	Q9ZRE2	negative	True	True	kept	both_sequences_available
2113	Q39212	Q9XF92	negative	True	True	kept	both_sequences_available
2114	Q39216	Q8LAK5	negative	True	True	kept	both_sequences_available
2115	Q39221	Q3E9B8	negative	True	True	kept	both_sequences_available
2116	Q39221	Q9C524	negative	True	True	kept	both_sequences_available
2117	Q39233	Q8L5Y2	negative	True	True	kept	both_sequences_available
2118	Q39241	Q5PP28	negative	True	True	kept	both_sequences_available
2119	Q39262	Q8VYW7	negative	True	True	kept	both_sequences_available
2120	Q3E7I5	Q9SV15-2	negative	True	False	removed	sequence_missing_B
2121	Q3E875	Q9C9U2	negative	True	True	kept	both_sequences_available
2122	Q3E922	Q9LUN5	negative	True	True	kept	both_sequences_available
2123	Q3E958	Q9LX93	negative	True	True	kept	both_sequences_available
2124	Q3EAF9-2	Q9STR4	negative	False	True	removed	sequence_missing_A
2125	Q3EAV6	Q8RWV3	negative	True	False	removed	sequence_missing_B
2126	Q3EB02	Q8GUK8	negative	True	True	kept	both_sequences_available
2127	Q3EBC8	Q9SJ67	negative	True	True	kept	both_sequences_available
2128	Q3EBD3	Q944N8	negative	True	True	kept	both_sequences_available
2129	Q3EBQ3	Q8L467	negative	True	True	kept	both_sequences_available
2130	Q3EC11	Q500V6	negative	True	True	kept	both_sequences_available
2131	Q3EC11	Q6NLE5	negative	True	True	kept	both_sequences_available
2132	Q3EC11	Q8GWD1	negative	True	True	kept	both_sequences_available
2133	Q3EC60	Q9SCR0	negative	True	True	kept	both_sequences_available
2134	Q3EC92	Q9C5Z2	negative	True	True	kept	both_sequences_available
2135	Q3ECB8	Q9SK47	negative	True	True	kept	both_sequences_available
2136	Q3ECS5	Q9S6Z7	negative	True	True	kept	both_sequences_available
2137	Q41906	Q8VZ38	negative	True	True	kept	both_sequences_available
2138	Q41931	Q67ZF6	negative	True	True	kept	both_sequences_available
2139	Q41931	Q9LHN2	negative	True	True	kept	both_sequences_available
2140	Q41932	Q9LFP7	negative	True	True	kept	both_sequences_available
2141	Q41932	Q9LMM5	negative	True	True	kept	both_sequences_available
2142	Q42029	Q9LXB9	negative	True	True	kept	both_sequences_available
2143	Q42093	Q8RWD9	negative	True	False	removed	sequence_missing_B
2144	Q42290	Q8H1S5	negative	True	True	kept	both_sequences_available
2145	Q42328	Q84ME1	negative	True	True	kept	both_sequences_available
2146	Q42344	Q941C0	negative	True	True	kept	both_sequences_available
2147	Q42381	Q8GXN7	negative	True	True	kept	both_sequences_available
2148	Q42396	Q8L5R3	negative	True	True	kept	both_sequences_available
2149	Q42580	Q9FJF5	negative	True	True	kept	both_sequences_available
2150	Q42583	Q9C525	negative	True	True	kept	both_sequences_available
2151	Q42593	Q9M2S7	negative	True	True	kept	both_sequences_available
2152	Q42601	Q9LTM0	negative	True	True	kept	both_sequences_available
2153	Q42602	Q9M439	negative	True	True	kept	both_sequences_available
2154	Q42605	Q9M337	negative	True	True	kept	both_sequences_available
2155	Q43127	Q9S836	negative	True	True	kept	both_sequences_available
2156	Q43295	Q9C8J8	negative	True	True	kept	both_sequences_available
2157	Q43386	Q9FWR4	negative	True	True	kept	both_sequences_available
2158	Q43870	Q940P5	negative	True	True	kept	both_sequences_available
2159	Q4FE47	Q9SJA7	negative	True	True	kept	both_sequences_available
2160	Q4PL95	Q93XN8	negative	True	True	kept	both_sequences_available
2161	Q4PSE2	Q9SUK8	negative	True	True	kept	both_sequences_available
2162	Q4PSU4	Q9LYA5	negative	True	True	kept	both_sequences_available
2163	Q4V3B8	Q9FG05	negative	True	True	kept	both_sequences_available
2164	Q4V3B8	Q9LT81	negative	True	True	kept	both_sequences_available
2165	Q500X1	Q6NMB6	negative	True	True	kept	both_sequences_available
2166	Q501F9	Q9FGK5	negative	True	True	kept	both_sequences_available
2167	Q56X95	Q9LEV3	negative	True	True	kept	both_sequences_available
2168	Q56XE4	Q9M5A9	negative	True	True	kept	both_sequences_available
2169	Q56XU4	Q5PP38	negative	True	True	kept	both_sequences_available
2170	Q56XY2	Q9LX86	negative	True	True	kept	both_sequences_available
2171	Q56YA5	Q7DLR9	negative	True	True	kept	both_sequences_available
2172	Q56YW9	Q9C4Z8	negative	True	True	kept	both_sequences_available
2173	Q56Z59	Q6NQA8	negative	True	True	kept	both_sequences_available
2174	Q56Z59	Q9CA98	negative	True	True	kept	both_sequences_available
2175	Q56Z59	Q9FGQ7	negative	True	True	kept	both_sequences_available
2176	Q56ZZ7	Q9FX53	negative	True	True	kept	both_sequences_available
2177	Q5BPT7	Q9SDY5	negative	True	True	kept	both_sequences_available
2178	Q5M731	Q9M367	negative	True	True	kept	both_sequences_available
2179	Q5PP28	Q93ZY2	negative	True	True	kept	both_sequences_available
2180	Q5S2C4	Q9SGV6	negative	True	True	kept	both_sequences_available
2181	Q5UBY2	Q9SJH8	negative	True	True	kept	both_sequences_available
2182	Q5XEV4	Q9LDL7	negative	True	True	kept	both_sequences_available
2183	Q5XEV6	Q9M2K8	negative	True	True	kept	both_sequences_available
2184	Q5XF32	Q9C794	negative	True	True	kept	both_sequences_available
2185	Q5XF35	Q9LZQ9	negative	True	True	kept	both_sequences_available
2186	Q5XPJ6	Q9LTI0	negative	True	True	kept	both_sequences_available
2187	Q5XPJ9	Q9C508	negative	True	True	kept	both_sequences_available
2188	Q5XPJ9	Q9FMX0	negative	True	True	kept	both_sequences_available
2189	Q5XV52	Q9LZ41	negative	True	True	kept	both_sequences_available
2190	Q5XXE7	Q6NLB7	negative	True	True	kept	both_sequences_available
2191	Q5XXL4	Q8W4A3	negative	True	True	kept	both_sequences_available
2192	Q67XJ2	Q9FZ47	negative	True	True	kept	both_sequences_available
2193	Q67XT7	Q9FH75	negative	True	True	kept	both_sequences_available
2194	Q67XX3	Q94C69	negative	True	True	kept	both_sequences_available
2195	Q67Y93	Q9FME2	negative	True	True	kept	both_sequences_available
2196	Q67YI6	Q94A76	negative	True	True	kept	both_sequences_available
2197	Q682T9	Q9LIA8	negative	True	True	kept	both_sequences_available
2198	Q682V0	Q9ZPR7	negative	True	True	kept	both_sequences_available
2199	Q683D5	Q9SIW1	negative	True	True	kept	both_sequences_available
2200	Q6AWS7	Q6XL73	negative	True	True	kept	both_sequences_available
2201	Q6DBF6	Q9SKW5	negative	True	True	kept	both_sequences_available
2202	Q6E248	Q9FIJ0	negative	True	True	kept	both_sequences_available
2203	Q6ID77	Q9FFH0	negative	True	True	kept	both_sequences_available
2204	Q6IDL4	Q9ASQ6-3	negative	True	False	removed	sequence_missing_B
2205	Q6IDS6	Q9SX77	negative	True	True	kept	both_sequences_available
2206	Q6J9Q2	Q9S7L6	negative	True	True	kept	both_sequences_available
2207	Q6LA43	Q9SIC8	negative	True	True	kept	both_sequences_available
2208	Q6NLB0	Q9SCQ6	negative	True	True	kept	both_sequences_available
2209	Q6NLQ6	Q8RX71	negative	True	False	removed	sequence_missing_B
2210	Q6NM15	Q9C5A9	negative	True	True	kept	both_sequences_available
2211	Q6NM17	Q9FT76	negative	True	True	kept	both_sequences_available
2212	Q6NNH1	Q9SF92	negative	True	True	kept	both_sequences_available
2213	Q6NNI3	Q9LZH9	negative	True	True	kept	both_sequences_available
2214	Q6NNP0	Q84WG0	negative	True	True	kept	both_sequences_available
2215	Q6NPD8	Q8GWT9	negative	True	True	kept	both_sequences_available
2216	Q6NPF4	Q9LW74	negative	True	True	kept	both_sequences_available
2217	Q6NPF9	Q8L7G8	negative	True	True	kept	both_sequences_available
2218	Q6NPM7	Q9M1U2	negative	True	True	kept	both_sequences_available
2219	Q6NQJ7	Q9C9F0	negative	True	True	kept	both_sequences_available
2220	Q6R0A6	Q9LNT9	negative	True	True	kept	both_sequences_available
2221	Q6R0C4	Q8W4N1	negative	True	True	kept	both_sequences_available
2222	Q6R0E4	Q9SV20	negative	True	True	kept	both_sequences_available
2223	Q6S591	Q9M0F7	negative	True	True	kept	both_sequences_available
2224	Q6S592	Q9FH18	negative	True	True	kept	both_sequences_available
2225	Q6S799	Q9C5J7	negative	True	True	kept	both_sequences_available
2226	Q700D2	Q8L4H0	negative	True	True	kept	both_sequences_available
2227	Q700E3	Q940I0	negative	True	True	kept	both_sequences_available
2228	Q700E4	Q9M0F9	negative	True	True	kept	both_sequences_available
2229	Q7G8V2	Q9M1X4	negative	True	True	kept	both_sequences_available
2230	Q7X659	Q9SD94	negative	True	True	kept	both_sequences_available
2231	Q7X6T3	Q9SQT9	negative	True	True	kept	both_sequences_available
2232	Q7X9H9	Q9SK87	negative	True	True	kept	both_sequences_available
2233	Q7XJ62	Q9LY28	negative	True	True	kept	both_sequences_available
2234	Q7XJK7	Q9LFK6	negative	True	True	kept	both_sequences_available
2235	Q7XJL1	Q9SR07	negative	True	True	kept	both_sequences_available
2236	Q7XYY2-1	Q9LT56	negative	False	True	removed	sequence_missing_A
2237	Q84J71	Q84TK1	negative	True	True	kept	both_sequences_available
2238	Q84JF0	Q9LHP2	negative	True	True	kept	both_sequences_available
2239	Q84JF0	Q9SPK4	negative	True	True	kept	both_sequences_available
2240	Q84JI2	Q9STS3	negative	True	True	kept	both_sequences_available
2241	Q84JJ0	Q9M0X8	negative	True	True	kept	both_sequences_available
2242	Q84JP1	Q9FIW9	negative	True	True	kept	both_sequences_available
2243	Q84JR3	Q9FXG8	negative	True	True	kept	both_sequences_available
2244	Q84JY3	Q9M0I7	negative	True	True	kept	both_sequences_available
2245	Q84K84	Q9FDX9	negative	True	True	kept	both_sequences_available
2246	Q84LG2	Q8RWW1	negative	True	False	removed	sequence_missing_B
2247	Q84LG2	Q9SZD4	negative	True	True	kept	both_sequences_available
2248	Q84MD8	Q9C944	negative	True	True	kept	both_sequences_available
2249	Q84N34	Q8H1F4	negative	True	True	kept	both_sequences_available
2250	Q84P25	Q8VZJ1	negative	True	True	kept	both_sequences_available
2251	Q84R09	Q8VYL4	negative	True	True	kept	both_sequences_available
2252	Q84R15	Q84TK3	negative	True	True	kept	both_sequences_available
2253	Q84RD1	Q9LTM3	negative	True	True	kept	both_sequences_available
2254	Q84TD4	U5LV24	negative	True	False	removed	sequence_missing_B
2255	Q84TD6	Q9LJD8	negative	True	True	kept	both_sequences_available
2256	Q84TF7	Q94BQ3	negative	True	True	kept	both_sequences_available
2257	Q84VW3	Q8RXL7	negative	True	False	removed	sequence_missing_B
2258	Q84VW5	Q8LBP4	negative	True	True	kept	both_sequences_available
2259	Q84W01	Q9FUA4	negative	True	True	kept	both_sequences_available
2260	Q84W01	Q9SMW7	negative	True	True	kept	both_sequences_available
2261	Q84WG0	Q9LQW3	negative	True	True	kept	both_sequences_available
2262	Q84WP6	Q9SZF7	negative	True	True	kept	both_sequences_available
2263	Q84WU2	Q9FYE6	negative	True	True	kept	both_sequences_available
2264	Q84WU9	Q96293	negative	True	True	kept	both_sequences_available
2265	Q84WW1	Q9LVC8	negative	True	True	kept	both_sequences_available
2266	Q84XF3	Q9FVC1-2	negative	True	False	removed	sequence_missing_B
2267	Q8GTS1	Q9SAU2	negative	True	True	kept	both_sequences_available
2268	Q8GUM1	Q8VYK7	negative	True	True	kept	both_sequences_available
2269	Q8GV05	Q9FFR9	negative	True	True	kept	both_sequences_available
2270	Q8GV05	Q9FWT2	negative	True	True	kept	both_sequences_available
2271	Q8GW19	Q8VZR8	negative	True	True	kept	both_sequences_available
2272	Q8GW19	Q9MAT6	negative	True	True	kept	both_sequences_available
2273	Q8GW49	Q93VQ7	negative	True	True	kept	both_sequences_available
2274	Q8GWC7	Q9LXF3	negative	True	True	kept	both_sequences_available
2275	Q8GWE1	Q9SZB3	negative	True	True	kept	both_sequences_available
2276	Q8GWF1	Q9C5I3	negative	True	True	kept	both_sequences_available
2277	Q8GWJ6	Q94BX4	negative	True	True	kept	both_sequences_available
2278	Q8GWK2	Q8L8Z1	negative	True	True	kept	both_sequences_available
2279	Q8GWU7	Q9SKC1	negative	True	True	kept	both_sequences_available
2280	Q8GX26	Q9C8W5	negative	True	True	kept	both_sequences_available
2281	Q8GX78	Q94K07	negative	True	True	kept	both_sequences_available
2282	Q8GXD2	Q8L467	negative	True	True	kept	both_sequences_available
2283	Q8GXD9	Q9SXS2	negative	True	True	kept	both_sequences_available
2284	Q8GXE6	Q9LZM8	negative	True	True	kept	both_sequences_available
2285	Q8GXN6	Q9CAP8	negative	True	True	kept	both_sequences_available
2286	Q8GXP4	Q9FGP3	negative	True	True	kept	both_sequences_available
2287	Q8GXT3	Q93VK7	negative	True	True	kept	both_sequences_available
2288	Q8GXW6	Q9LV09	negative	True	True	kept	both_sequences_available
2289	Q8GXX7	Q9SF47	negative	True	True	kept	both_sequences_available
2290	Q8GXZ7	Q8W4K5	negative	True	True	kept	both_sequences_available
2291	Q8GY25	Q8RY37	negative	True	False	removed	sequence_missing_B
2292	Q8GY88	Q9SR71	negative	True	True	kept	both_sequences_available
2293	Q8GYA2	Q9XI98	negative	True	True	kept	both_sequences_available
2294	Q8GYD2	Q945P2	negative	True	True	kept	both_sequences_available
2295	Q8GYN2	Q9SA19	negative	True	True	kept	both_sequences_available
2296	Q8GYQ9	Q8L5Z2	negative	True	True	kept	both_sequences_available
2297	Q8GYT3	Q9SR93	negative	True	True	kept	both_sequences_available
2298	Q8GYU3	Q9FFJ0	negative	True	True	kept	both_sequences_available
2299	Q8H0V5	Q9FH63	negative	True	True	kept	both_sequences_available
2300	Q8H104	Q93XW9	negative	True	True	kept	both_sequences_available
2301	Q8H107	Q9SD88	negative	True	True	kept	both_sequences_available
2302	Q8H116	Q9FLX5	negative	True	True	kept	both_sequences_available
2303	Q8H125	Q9FNM5	negative	True	True	kept	both_sequences_available
2304	Q8H133	Q9M089	negative	True	False	removed	sequence_missing_B
2305	Q8H175	Q9FJZ3	negative	True	True	kept	both_sequences_available
2306	Q8H181	Q93VV0	negative	True	True	kept	both_sequences_available
2307	Q8H1D2	Q93VT9	negative	True	True	kept	both_sequences_available
2308	Q8H1D9	Q9C5E5	negative	True	True	kept	both_sequences_available
2309	Q8H1E5	Q9SJJ0	negative	True	True	kept	both_sequences_available
2310	Q8H1F1	Q9S9U3	negative	True	True	kept	both_sequences_available
2311	Q8H1F4	Q9LYD7	negative	True	True	kept	both_sequences_available
2312	Q8H1F4	Q9M053	negative	True	True	kept	both_sequences_available
2313	Q8H1G5	Q9FMV7	negative	True	True	kept	both_sequences_available
2314	Q8H1R4	Q9C9I0	negative	True	True	kept	both_sequences_available
2315	Q8H2D5	Q9FM16	negative	True	True	kept	both_sequences_available
2316	Q8L3T0	Q9SJT7	negative	True	True	kept	both_sequences_available
2317	Q8L3Z8	Q9SZQ5	negative	True	True	kept	both_sequences_available
2318	Q8L402	Q9LS08	negative	True	True	kept	both_sequences_available
2319	Q8L4J2	Q9SN97	negative	True	True	kept	both_sequences_available
2320	Q8L4R0	Q9M9N9	negative	True	True	kept	both_sequences_available
2321	Q8L586	Q8RXF8	negative	True	False	removed	sequence_missing_B
2322	Q8L586	Q9LFH6	negative	True	True	kept	both_sequences_available
2323	Q8L5W8	Q9T031	negative	True	True	kept	both_sequences_available
2324	Q8L5Y4	Q93V43	negative	True	True	kept	both_sequences_available
2325	Q8L616	Q9SMX3	negative	True	True	kept	both_sequences_available
2326	Q8L708	Q9SKH9	negative	True	True	kept	both_sequences_available
2327	Q8L736	Q8LPI7	negative	True	False	removed	sequence_missing_B
2328	Q8L736	Q9LD37	negative	True	True	kept	both_sequences_available
2329	Q8L736	Q9M658	negative	True	True	kept	both_sequences_available
2330	Q8L770	Q96321	negative	True	True	kept	both_sequences_available
2331	Q8L793	Q9LQI9	negative	True	True	kept	both_sequences_available
2332	Q8L7E2	Q8VXU9	negative	True	True	kept	both_sequences_available
2333	Q8L7F2	Q9M4A1	negative	True	True	kept	both_sequences_available
2334	Q8L7G0	Q8LG64	negative	True	False	removed	sequence_missing_B
2335	Q8L7G2	Q9SXZ2-2	negative	True	False	removed	sequence_missing_B
2336	Q8L7H4	Q9FME4	negative	True	True	kept	both_sequences_available
2337	Q8L7K9	Q9FUS9	negative	True	True	kept	both_sequences_available
2338	Q8L7L8	Q940G3	negative	True	True	kept	both_sequences_available
2339	Q8L7N4	Q9FFD3	negative	True	True	kept	both_sequences_available
2340	Q8L7U7	Q9MAP3	negative	True	True	kept	both_sequences_available
2341	Q8L7W0	Q9SR06	negative	True	True	kept	both_sequences_available
2342	Q8L7Y8	Q9FYC2	negative	True	True	kept	both_sequences_available
2343	Q8L7Z3	Q9XII4	negative	True	True	kept	both_sequences_available
2344	Q8L7Z3	Q9ZPV7	negative	True	True	kept	both_sequences_available
2345	Q8L866	Q9FJ00	negative	True	True	kept	both_sequences_available
2346	Q8L866	Q9LSY0	negative	True	True	kept	both_sequences_available
2347	Q8L8Q3	Q9S7D1	negative	True	True	kept	both_sequences_available
2348	Q8L8Q3	Q9SZL5	negative	True	True	kept	both_sequences_available
2349	Q8LA96	Q9FLQ2	negative	True	True	kept	both_sequences_available
2350	Q8LA96	Q9SZ65	negative	True	True	kept	both_sequences_available
2351	Q8LAA6	Q9SLD4	negative	True	True	kept	both_sequences_available
2352	Q8LAD4	Q9LF57	negative	True	True	kept	both_sequences_available
2353	Q8LAH7	Q9C8F7	negative	True	True	kept	both_sequences_available
2354	Q8LAI1	Q8VXZ7	negative	True	True	kept	both_sequences_available
2355	Q8LAK5	Q940Y1	negative	True	True	kept	both_sequences_available
2356	Q8LAL2	Q9ASX9	negative	True	True	kept	both_sequences_available
2357	Q8LB02	Q9C595	negative	True	True	kept	both_sequences_available
2358	Q8LB17	Q9FEF7	negative	True	True	kept	both_sequences_available
2359	Q8LB60	Q9LQ96	negative	True	True	kept	both_sequences_available
2360	Q8LB88	Q8LG92	negative	True	False	removed	sequence_missing_B
2361	Q8LB88	Q9LVS0	negative	True	True	kept	both_sequences_available
2362	Q8LBB2	Q9C525	negative	True	True	kept	both_sequences_available
2363	Q8LBH4	Q945Q1	negative	True	True	kept	both_sequences_available
2364	Q8LBH4	Q9XIR8	negative	True	True	kept	both_sequences_available
2365	Q8LCG7	Q9FRL8	negative	True	True	kept	both_sequences_available
2366	Q8LCH5	Q9C6A1	negative	True	True	kept	both_sequences_available
2367	Q8LCT3	Q94CK0	negative	True	True	kept	both_sequences_available
2368	Q8LCY3	Q9FN37	negative	True	True	kept	both_sequences_available
2369	Q8LD46	Q9LV75	negative	True	True	kept	both_sequences_available
2370	Q8LE43	Q8VXV7	negative	False	True	removed	sequence_missing_A
2371	Q8LE94	Q9FGL2	negative	False	True	removed	sequence_missing_A
2372	Q8LEB2	Q94BR1	negative	False	True	removed	sequence_missing_A
2373	Q8LEB2	Q9SV09	negative	False	True	removed	sequence_missing_A
2374	Q8LEM7	Q8VYQ4	negative	False	True	removed	sequence_missing_A
2375	Q8LF21	Q9LJ45	negative	False	True	removed	sequence_missing_A
2376	Q8LF80	Q94C27	negative	False	True	removed	sequence_missing_A
2377	Q8LFJ6	Q9SDS7	negative	False	True	removed	sequence_missing_A
2378	Q8LFT2	Q9M2D2	negative	False	True	removed	sequence_missing_A
2379	Q8LFV3	Q9SD45	negative	False	True	removed	sequence_missing_A
2380	Q8LFV3	Q9ZWC8	negative	False	True	removed	sequence_missing_A
2381	Q8LGC6	Q9FG94	negative	False	True	removed	sequence_missing_A
2382	Q8LGI3	Q9LJ44	negative	False	True	removed	sequence_missing_A
2383	Q8LJT8	Q9SIF2	negative	False	True	removed	sequence_missing_A
2384	Q8LPF0	Q9MAM1-4	negative	False	False	removed	sequence_missing_A_and_B
2385	Q8LPH6	Q9C6C8	negative	False	True	removed	sequence_missing_A
2386	Q8LPH6	Q9CAD1	negative	False	True	removed	sequence_missing_A
2387	Q8LPJ4	Q94BN0	negative	False	True	removed	sequence_missing_A
2388	Q8LPL5	Q94BY2	negative	False	True	removed	sequence_missing_A
2389	Q8LPS5	Q9LJD8	negative	False	True	removed	sequence_missing_A
2390	Q8LSZ4	Q9LEV3	negative	False	True	removed	sequence_missing_A
2391	Q8RVL2	Q9FVI6	negative	False	True	removed	sequence_missing_A
2392	Q8RWA2	Q9FPJ4	negative	False	True	removed	sequence_missing_A
2393	Q8RWF0	Q9CAT5	negative	False	True	removed	sequence_missing_A
2394	Q8RWK8	Q9FWW2	negative	False	True	removed	sequence_missing_A
2395	Q8RWL4	Q9C5C8	negative	False	True	removed	sequence_missing_A
2396	Q8RWQ1	Q9FF99	negative	False	True	removed	sequence_missing_A
2397	Q8RWQ8	Q945P6	negative	False	True	removed	sequence_missing_A
2398	Q8RWV0	Q9LXG8	negative	False	True	removed	sequence_missing_A
2399	Q8RWV3	Q9C6B8	negative	False	True	removed	sequence_missing_A
2400	Q8RWV8	Q9M2H8	negative	False	True	removed	sequence_missing_A
2401	Q8RWV9	Q9C9F0	negative	False	True	removed	sequence_missing_A
2402	Q8RWY7	Q9ZW19	negative	False	True	removed	sequence_missing_A
2403	Q8RWZ1	Q940V1	negative	False	True	removed	sequence_missing_A
2404	Q8RWZ3	Q8RY18	negative	False	False	removed	sequence_missing_A_and_B
2405	Q8RWZ6	Q9LPZ9	negative	False	True	removed	sequence_missing_A
2406	Q8RXD5	Q9SR34	negative	False	True	removed	sequence_missing_A
2407	Q8RXD7	Q9LMC7	negative	False	True	removed	sequence_missing_A
2408	Q8RXE5	Q9LVW0	negative	False	True	removed	sequence_missing_A
2409	Q8RXG3	Q9LIQ6	negative	False	True	removed	sequence_missing_A
2410	Q8RXL7	Q9SIZ5	negative	False	True	removed	sequence_missing_A
2411	Q8RXM5	Q9FKD7	negative	False	True	removed	sequence_missing_A
2412	Q8RXN6	Q9LTI0	negative	False	True	removed	sequence_missing_A
2413	Q8RXT8	Q9CAF6	negative	False	True	removed	sequence_missing_A
2414	Q8RXY4	Q9C5Q2	negative	False	True	removed	sequence_missing_A
2415	Q8RY17	Q9FFR5	negative	False	True	removed	sequence_missing_A
2416	Q8RY60	Q8VZK4	negative	False	True	removed	sequence_missing_A
2417	Q8RY65	Q9SIV0	negative	False	True	removed	sequence_missing_A
2418	Q8RY74	Q9SCK0	negative	False	True	removed	sequence_missing_A
2419	Q8RY84	Q9C6M0	negative	False	True	removed	sequence_missing_A
2420	Q8RYD3	Q9SIL6	negative	False	True	removed	sequence_missing_A
2421	Q8RYD9	Q9S763	negative	False	True	removed	sequence_missing_A
2422	Q8RYE2	Q9XFR5	negative	False	True	removed	sequence_missing_A
2423	Q8S2T0	Q9LRJ9	negative	False	True	removed	sequence_missing_A
2424	Q8S8A0	Q9ZW22	negative	True	True	kept	both_sequences_available
2425	Q8S8A2	Q9SJG9	negative	True	True	kept	both_sequences_available
2426	Q8S8E3	Q940Y6	negative	True	True	kept	both_sequences_available
2427	Q8S8E3	Q9LTD6	negative	True	True	kept	both_sequences_available
2428	Q8S8M9	Q9FE83	negative	True	True	kept	both_sequences_available
2429	Q8S8Q2	Q9LHL6	negative	True	True	kept	both_sequences_available
2430	Q8S9K9	Q949M4	negative	True	True	kept	both_sequences_available
2431	Q8S9L7	Q93V99	negative	True	True	kept	both_sequences_available
2432	Q8S9L7	Q9STW3	negative	True	True	kept	both_sequences_available
2433	Q8VWK4	Q944K2	negative	True	True	kept	both_sequences_available
2434	Q8VXV7	Q9ASS2	negative	True	True	kept	both_sequences_available
2435	Q8VXV7	Q9FE67	negative	True	True	kept	both_sequences_available
2436	Q8VY07	Q9FF87	negative	True	True	kept	both_sequences_available
2437	Q8VY16	Q94AZ4	negative	True	True	kept	both_sequences_available
2438	Q8VY16	Q9LUN5	negative	True	True	kept	both_sequences_available
2439	Q8VY21	Q9LX13	negative	True	True	kept	both_sequences_available
2440	Q8VYI3	Q9SAF1	negative	True	True	kept	both_sequences_available
2441	Q8VYU8	Q9FRS9	negative	True	True	kept	both_sequences_available
2442	Q8VZ17	Q9LY00	negative	True	True	kept	both_sequences_available
2443	Q8VZ22	Q9FF53	negative	True	True	kept	both_sequences_available
2444	Q8VZ22	Q9ZT92	negative	True	True	kept	both_sequences_available
2445	Q8VZ24	Q9SJZ6	negative	True	True	kept	both_sequences_available
2446	Q8VZD5	Q9SCP2	negative	True	True	kept	both_sequences_available
2447	Q8VZK0	Q9LEZ3	negative	True	True	kept	both_sequences_available
2448	Q8VZT3	Q9SFF4	negative	True	True	kept	both_sequences_available
2449	Q8VZU2	Q9SKC9	negative	True	True	kept	both_sequences_available
2450	Q8W0Z6	Q9SLB9	negative	True	True	kept	both_sequences_available
2451	Q8W115	Q9SBA7	negative	True	True	kept	both_sequences_available
2452	Q8W117	Q9SR37	negative	True	True	kept	both_sequences_available
2453	Q8W2F2-2	Q9FJ90	negative	False	True	removed	sequence_missing_A
2454	Q8W497	Q9S701	negative	True	True	kept	both_sequences_available
2455	Q8W4I7	Q8W575	negative	True	True	kept	both_sequences_available
2456	Q8W4S5	Q9C7R6	negative	True	True	kept	both_sequences_available
2457	Q93V43	Q9LIC7	negative	True	True	kept	both_sequences_available
2458	Q93V56	Q9SRI1	negative	True	True	kept	both_sequences_available
2459	Q93VA8	Q9FLF7	negative	True	True	kept	both_sequences_available
2460	Q93VP3	Q9FMS4	negative	True	True	kept	both_sequences_available
2461	Q93VQ5	Q9FK55	negative	True	True	kept	both_sequences_available
2462	Q93W30	Q9SHQ6	negative	True	True	kept	both_sequences_available
2463	Q93W30	Q9ZU82	negative	True	True	kept	both_sequences_available
2464	Q93W87	Q9LMR2	negative	True	True	kept	both_sequences_available
2465	Q93W87	Q9SY29	negative	True	True	kept	both_sequences_available
2466	Q93WB5	Q9SJA2	negative	True	True	kept	both_sequences_available
2467	Q93WB8	Q9LPT6	negative	True	True	kept	both_sequences_available
2468	Q93XW9	Q9M9T4	negative	True	True	kept	both_sequences_available
2469	Q93XX5	Q9SYS6	negative	True	True	kept	both_sequences_available
2470	Q93XY0	Q9FMT9	negative	True	True	kept	both_sequences_available
2471	Q93XY2	Q94CI7	negative	True	True	kept	both_sequences_available
2472	Q93XY9	Q9MAU3	negative	True	True	kept	both_sequences_available
2473	Q93YN0	Q9LS19	negative	True	True	kept	both_sequences_available
2474	Q93YS8	Q9C5C7	negative	True	True	kept	both_sequences_available
2475	Q93YS8	Q9M1U3	negative	True	True	kept	both_sequences_available
2476	Q93YU2	Q9STJ9	negative	True	True	kept	both_sequences_available
2477	Q93Z92	Q9LHI0	negative	True	True	kept	both_sequences_available
2478	Q93ZB1-2	Q9ZPX9	negative	False	True	removed	sequence_missing_A
2479	Q93ZH7	Q9C6T7	negative	True	True	kept	both_sequences_available
2480	Q93ZJ9	Q93ZQ3	negative	True	True	kept	both_sequences_available
2481	Q93ZQ9	Q9FI00	negative	True	True	kept	both_sequences_available
2482	Q93ZT2	Q9M020	negative	True	True	kept	both_sequences_available
2483	Q93ZV8	Q9SV15-2	negative	True	False	removed	sequence_missing_B
2484	Q93ZX1	Q94AC3	negative	True	True	kept	both_sequences_available
2485	Q940C2	Q9MAS5	negative	True	True	kept	both_sequences_available
2486	Q940D0	Q9SH71	negative	True	True	kept	both_sequences_available
2487	Q940H6	Q9LVA7	negative	True	True	kept	both_sequences_available
2488	Q940H8	Q9FH05	negative	True	True	kept	both_sequences_available
2489	Q940J1	Q9SZ75	negative	True	True	kept	both_sequences_available
2490	Q940J7	Q9FLH5	negative	True	True	kept	both_sequences_available
2491	Q940V4	Q9C5Q2	negative	True	True	kept	both_sequences_available
2492	Q940X7	Q94BT9	negative	True	True	kept	both_sequences_available
2493	Q941C9	Q9LQQ9	negative	True	True	kept	both_sequences_available
2494	Q941D1	Q9M1K9	negative	True	True	kept	both_sequences_available
2495	Q941L2	Q949U7	negative	True	True	kept	both_sequences_available
2496	Q944A6	Q9ZRV4	negative	True	True	kept	both_sequences_available
2497	Q945F0	Q9FJ80	negative	True	True	kept	both_sequences_available
2498	Q945K9	Q9S814	negative	True	True	kept	both_sequences_available
2499	Q945M1	Q9M622	negative	True	True	kept	both_sequences_available
2500	Q945M9	Q9LHG0	negative	True	True	kept	both_sequences_available
2501	Q945M9	Q9XFB0	negative	True	True	kept	both_sequences_available
2502	Q945P7	Q9SE83	negative	True	True	kept	both_sequences_available
2503	Q945Q1	Q9FG74	negative	True	True	kept	both_sequences_available
2504	Q945S8	Q9C9G5	negative	True	True	kept	both_sequences_available
2505	Q949V0	Q9S735	negative	True	True	kept	both_sequences_available
2506	Q94A20	Q9LFH4	negative	True	True	kept	both_sequences_available
2507	Q94AC3	Q9LIJ8	negative	True	True	kept	both_sequences_available
2508	Q94AH8	Q9S9K7	negative	True	True	kept	both_sequences_available
2509	Q94AI4	Q9LDZ0	negative	True	True	kept	both_sequences_available
2510	Q94AJ5	Q9FE06	negative	True	True	kept	both_sequences_available
2511	Q94AK6	Q9SPI1	negative	True	True	kept	both_sequences_available
2512	Q94AN4	Q9FEG2	negative	True	True	kept	both_sequences_available
2513	Q94AU3	Q9LK50	negative	True	True	kept	both_sequences_available
2514	Q94AW9	Q9S9P2	negative	True	True	kept	both_sequences_available
2515	Q94AZ4	Q9M8M7	negative	True	True	kept	both_sequences_available
2516	Q94AZ5	Q9FZ98	negative	True	True	kept	both_sequences_available
2517	Q94B55	Q9SA00	negative	True	True	kept	both_sequences_available
2518	Q94B65	Q9CB01	negative	True	True	kept	both_sequences_available
2519	Q94B75	Q9SRV7	negative	True	True	kept	both_sequences_available
2520	Q94BS7	Q9SV74	negative	True	True	kept	both_sequences_available
2521	Q94BU8	Q9C5X8	negative	True	True	kept	both_sequences_available
2522	Q94BV4	Q9LU46	negative	True	True	kept	both_sequences_available
2523	Q94BY8	Q9SFU2	negative	True	True	kept	both_sequences_available
2524	Q94C25	Q9M2S6	negative	True	True	kept	both_sequences_available
2525	Q94C33	Q9LRX9	negative	True	True	kept	both_sequences_available
2526	Q94C65	Q9M310	negative	True	True	kept	both_sequences_available
2527	Q94CC9	Q9SRL2	negative	True	True	kept	both_sequences_available
2528	Q94CE4	Q9ASR1	negative	True	True	kept	both_sequences_available
2529	Q94CH8	Q9SWG3	negative	True	True	kept	both_sequences_available
2530	Q94CK1	Q9FG68	negative	True	True	kept	both_sequences_available
2531	Q94CK9-3	Q9SUH1	negative	False	True	removed	sequence_missing_A
2532	Q94EI9	Q9LJG8	negative	True	True	kept	both_sequences_available
2533	Q94F62	Q9M007	negative	True	True	kept	both_sequences_available
2534	Q94FB9	Q9M2U8	negative	True	True	kept	both_sequences_available
2535	Q94HV7	Q9SRV1	negative	True	True	kept	both_sequences_available
2536	Q94JM3	Q9SUL7	negative	True	True	kept	both_sequences_available
2537	Q94JV1	Q9FF91	negative	True	True	kept	both_sequences_available
2538	Q94K05	Q9FNV8	negative	True	True	kept	both_sequences_available
2539	Q94K18	Q9M1L9	negative	True	True	kept	both_sequences_available
2540	Q94K72	Q9CB01	negative	True	True	kept	both_sequences_available
2541	Q95747	Q9ZV07	negative	True	True	kept	both_sequences_available
2542	Q95749	Q9FIG0	negative	True	True	kept	both_sequences_available
2543	Q96247	Q9FIU1	negative	True	True	kept	both_sequences_available
2544	Q96250	Q9LW57	negative	True	True	kept	both_sequences_available
2545	Q96251	Q96286	negative	True	True	kept	both_sequences_available
2546	Q96254	Q9LVR4	negative	True	True	kept	both_sequences_available
2547	Q96266	Q9LNC5	negative	True	True	kept	both_sequences_available
2548	Q96276	Q9FG38	negative	True	True	kept	both_sequences_available
2549	Q96282	Q9LSC7	negative	True	True	kept	both_sequences_available
2550	Q9ASQ2	Q9LZW6	negative	True	True	kept	both_sequences_available
2551	Q9ASQ6-3	Q9S818	negative	False	True	removed	sequence_missing_A
2552	Q9ASX6	Q9SYS3	negative	True	True	kept	both_sequences_available
2553	Q9ASY2	Q9SRL2	negative	True	True	kept	both_sequences_available
2554	Q9ASY3	Q9FMA5	negative	True	True	kept	both_sequences_available
2555	Q9C4Z6	Q9LYL6	negative	True	True	kept	both_sequences_available
2556	Q9C4Z7	Q9LNT6	negative	True	True	kept	both_sequences_available
2557	Q9C519	Q9LXV2	negative	True	True	kept	both_sequences_available
2558	Q9C519	Q9SRL8	negative	True	True	kept	both_sequences_available
2559	Q9C557	Q9CAT5	negative	True	True	kept	both_sequences_available
2560	Q9C562	Q9LV58	negative	True	True	kept	both_sequences_available
2561	Q9C5G2	Q9ZPW3-2	negative	True	False	removed	sequence_missing_B
2562	Q9C5H9	Q9FGJ8	negative	True	True	kept	both_sequences_available
2563	Q9C5I3	Q9SLN0	negative	True	True	kept	both_sequences_available
2564	Q9C5J5	Q9SF34	negative	True	True	kept	both_sequences_available
2565	Q9C5L8	Q9ZUJ2	negative	True	True	kept	both_sequences_available
2566	Q9C5Q2	Q9ZVX5	negative	True	True	kept	both_sequences_available
2567	Q9C5Z2	Q9LSE2	negative	True	True	kept	both_sequences_available
2568	Q9C6S5	Q9M9F0	negative	True	True	kept	both_sequences_available
2569	Q9C6Y3	Q9SFV2	negative	True	True	kept	both_sequences_available
2570	Q9C788	Q9FVR6	negative	True	True	kept	both_sequences_available
2571	Q9C7I9	Q9SE37	negative	True	True	kept	both_sequences_available
2572	Q9C7R6	Q9ZU25	negative	True	True	kept	both_sequences_available
2573	Q9C7S5	Q9SUN5	negative	True	True	kept	both_sequences_available
2574	Q9C7Y2	Q9FVC8	negative	True	True	kept	both_sequences_available
2575	Q9C809	Q9FJ49	negative	True	True	kept	both_sequences_available
2576	Q9C827	Q9LQQ9	negative	True	True	kept	both_sequences_available
2577	Q9C827	Q9SYK5	negative	True	True	kept	both_sequences_available
2578	Q9C836	Q9SHI2	negative	True	True	kept	both_sequences_available
2579	Q9C865	Q9LFP1	negative	True	True	kept	both_sequences_available
2580	Q9C895	Q9XF89	negative	True	True	kept	both_sequences_available
2581	Q9C8C4	Q9LND7	negative	True	True	kept	both_sequences_available
2582	Q9C8D1	Q9LPT6	negative	True	True	kept	both_sequences_available
2583	Q9C8F7	Q9SD96	negative	True	True	kept	both_sequences_available
2584	Q9C8M0	Q9SVT8	negative	True	True	kept	both_sequences_available
2585	Q9C8T1	Q9FZF2	negative	True	True	kept	both_sequences_available
2586	Q9C8Y3	Q9FK10	negative	True	True	kept	both_sequences_available
2587	Q9C932	Q9FM97	negative	True	True	kept	both_sequences_available
2588	Q9C933	Q9LZD2	negative	True	True	kept	both_sequences_available
2589	Q9C941	Q9CAI2	negative	True	True	kept	both_sequences_available
2590	Q9C960	Q9LD45	negative	True	True	kept	both_sequences_available
2591	Q9C966	Q9M012	negative	True	True	kept	both_sequences_available
2592	Q9C994	Q9FYD1	negative	True	True	kept	both_sequences_available
2593	Q9C995	Q9ZU90	negative	True	True	kept	both_sequences_available
2594	Q9C9A9	Q9FKM7	negative	True	True	kept	both_sequences_available
2595	Q9C9A9	Q9M3C3	negative	True	True	kept	both_sequences_available
2596	Q9C9B5	Q9LFQ1	negative	True	True	kept	both_sequences_available
2597	Q9C9D4	Q9FGN0	negative	True	True	kept	both_sequences_available
2598	Q9C9H1	Q9M021	negative	True	True	kept	both_sequences_available
2599	Q9C9H8	Q9S7A9	negative	True	True	kept	both_sequences_available
2600	Q9C9U4	Q9SAH8	negative	True	True	kept	both_sequences_available
2601	Q9C9V2	Q9ZQ87	negative	True	True	kept	both_sequences_available
2602	Q9C9W0	Q9FRS9	negative	True	True	kept	both_sequences_available
2603	Q9C9X0	Q9FRK9	negative	True	True	kept	both_sequences_available
2604	Q9C9X0	Q9SQY8	negative	True	True	kept	both_sequences_available
2605	Q9C9Y8	Q9SKN2	negative	True	True	kept	both_sequences_available
2606	Q9CA19	Q9ZVA4	negative	True	True	kept	both_sequences_available
2607	Q9CA67	Q9SIV0	negative	True	True	kept	both_sequences_available
2608	Q9CAC5	Q9ZRF9	negative	True	True	kept	both_sequences_available
2609	Q9CAD5	Q9S7Q2	negative	True	True	kept	both_sequences_available
2610	Q9CAF6	Q9LQR8	negative	True	True	kept	both_sequences_available
2611	Q9CAJ8	Q9FL33	negative	True	True	kept	both_sequences_available
2612	Q9FE25	Q9SA19	negative	True	True	kept	both_sequences_available
2613	Q9FE78	Q9SFE9	negative	True	True	kept	both_sequences_available
2614	Q9FE83	Q9M0V5	negative	True	True	kept	both_sequences_available
2615	Q9FF49	Q9MAM1	negative	True	True	kept	both_sequences_available
2616	Q9FFC0	Q9SR37	negative	True	True	kept	both_sequences_available
2617	Q9FFD7	Q9LJU6	negative	True	True	kept	both_sequences_available
2618	Q9FFJ0	Q9STG1	negative	True	True	kept	both_sequences_available
2619	Q9FFJ2	Q9LIB5	negative	True	True	kept	both_sequences_available
2620	Q9FFS8	Q9LU08	negative	True	True	kept	both_sequences_available
2621	Q9FFT6	Q9LQ02	negative	True	True	kept	both_sequences_available
2622	Q9FFW6	Q9LVM5	negative	True	True	kept	both_sequences_available
2623	Q9FFW8	Q9LMU0	negative	True	True	kept	both_sequences_available
2624	Q9FFX4	Q9FII6	negative	True	True	kept	both_sequences_available
2625	Q9FG00	Q9SQZ0	negative	True	True	kept	both_sequences_available
2626	Q9FG01	Q9LHG0	negative	True	True	kept	both_sequences_available
2627	Q9FG38	Q9XF67	negative	True	True	kept	both_sequences_available
2628	Q9FG68	Q9ZNX9	negative	True	True	kept	both_sequences_available
2629	Q9FGJ6	Q9LHL8	negative	True	True	kept	both_sequences_available
2630	Q9FGP3	Q9LV35	negative	True	True	kept	both_sequences_available
2631	Q9FGR0	Q9LYU5	negative	True	True	kept	both_sequences_available
2632	Q9FGS5	Q9LTT8	negative	True	True	kept	both_sequences_available
2633	Q9FGS7	Q9LZ65	negative	True	True	kept	both_sequences_available
2634	Q9FGU1	Q9LRM4	negative	True	True	kept	both_sequences_available
2635	Q9FGW5	Q9FYK6	negative	True	True	kept	both_sequences_available
2636	Q9FGW5	Q9M1E5	negative	True	True	kept	both_sequences_available
2637	Q9FGY3	Q9M0E0	negative	True	True	kept	both_sequences_available
2638	Q9FGZ5	Q9LJE5	negative	True	True	kept	both_sequences_available
2639	Q9FH13	Q9SVQ5	negative	True	False	removed	sequence_missing_B
2640	Q9FH18-1	Q9LPT1	negative	False	True	removed	sequence_missing_A
2641	Q9FH22	Q9LFT2	negative	True	True	kept	both_sequences_available
2642	Q9FH75	Q9SJ16	negative	True	True	kept	both_sequences_available
2643	Q9FH95	Q9LU01	negative	True	True	kept	both_sequences_available
2644	Q9FHP0	Q9M376	negative	True	True	kept	both_sequences_available
2645	Q9FHS0	Q9XF91	negative	True	True	kept	both_sequences_available
2646	Q9FI47	Q9LSX9	negative	True	True	kept	both_sequences_available
2647	Q9FI70	Q9SYM2	negative	True	True	kept	both_sequences_available
2648	Q9FII8	Q9SUR6	negative	True	True	kept	both_sequences_available
2649	Q9FIR9	Q9FME4	negative	True	True	kept	both_sequences_available
2650	Q9FIR9	Q9LQ98	negative	True	True	kept	both_sequences_available
2651	Q9FIW6	Q9S818	negative	True	True	kept	both_sequences_available
2652	Q9FIX0	Q9LEA3	negative	True	True	kept	both_sequences_available
2653	Q9FIY6	Q9LSF1	negative	True	True	kept	both_sequences_available
2654	Q9FJ50	Q9LVI6	negative	True	True	kept	both_sequences_available
2655	Q9FJE2	Q9M390	negative	True	True	kept	both_sequences_available
2656	Q9FJH0	Q9SY38	negative	True	True	kept	both_sequences_available
2657	Q9FJL3	Q9SP32	negative	True	True	kept	both_sequences_available
2658	Q9FJW0	Q9ZVT7	negative	True	True	kept	both_sequences_available
2659	Q9FK45	Q9SN80	negative	True	True	kept	both_sequences_available
2660	Q9FK46	Q9ZV48	negative	True	True	kept	both_sequences_available
2661	Q9FK72	Q9LID1	negative	True	True	kept	both_sequences_available
2662	Q9FK91	Q9XI36	negative	True	True	kept	both_sequences_available
2663	Q9FKH1	Q9SMY8	negative	True	True	kept	both_sequences_available
2664	Q9FKJ4	Q9LQZ2	negative	True	True	kept	both_sequences_available
2665	Q9FKK2	Q9M565	negative	True	True	kept	both_sequences_available
2666	Q9FKP8	Q9SV31	negative	True	True	kept	both_sequences_available
2667	Q9FKQ7	Q9XIJ1	negative	True	True	kept	both_sequences_available
2668	Q9FKR9	Q9SD02	negative	True	True	kept	both_sequences_available
2669	Q9FKT7	Q9M651	negative	True	True	kept	both_sequences_available
2670	Q9FKY2	Q9SU25	negative	True	True	kept	both_sequences_available
2671	Q9FLA1	Q9SI03	negative	True	True	kept	both_sequences_available
2672	Q9FLD4	Q9SJM1	negative	True	True	kept	both_sequences_available
2673	Q9FLM0	Q9FM11	negative	True	True	kept	both_sequences_available
2674	Q9FLN5	Q9SCY2	negative	True	True	kept	both_sequences_available
2675	Q9FLZ5	Q9ZVI9	negative	True	True	kept	both_sequences_available
2676	Q9FM16	Q9SZD1	negative	True	True	kept	both_sequences_available
2677	Q9FM69	Q9LJF5	negative	True	True	kept	both_sequences_available
2678	Q9FM69	Q9M8J9	negative	True	True	kept	both_sequences_available
2679	Q9FMB6	Q9S841	negative	True	True	kept	both_sequences_available
2680	Q9FMC7	Q9SAU2	negative	True	True	kept	both_sequences_available
2681	Q9FMF7	Q9M1P5	negative	True	True	kept	both_sequences_available
2682	Q9FMM7	Q9LYC7	negative	True	True	kept	both_sequences_available
2683	Q9FMN2	Q9LTI0	negative	True	True	kept	both_sequences_available
2684	Q9FMS4	Q9M0I9	negative	True	True	kept	both_sequences_available
2685	Q9FMY3	Q9FZK1	negative	True	True	kept	both_sequences_available
2686	Q9FNQ0	Q9SB61	negative	True	True	kept	both_sequences_available
2687	Q9FNZ1-2	Q9LIF6	negative	False	True	removed	sequence_missing_A
2688	Q9FPE8	Q9ZW05	negative	True	True	kept	both_sequences_available
2689	Q9FPQ8	Q9T072	negative	True	True	kept	both_sequences_available
2690	Q9FPS7	Q9M8U1	negative	True	True	kept	both_sequences_available
2691	Q9FRK5	Q9ZQR3	negative	True	True	kept	both_sequences_available
2692	Q9FRL8	Q9FZ48	negative	True	True	kept	both_sequences_available
2693	Q9FUP0	Q9XIE3	negative	True	True	kept	both_sequences_available
2694	Q9FUQ7	Q9SCW1	negative	True	True	kept	both_sequences_available
2695	Q9FUT3	Q9MAB9	negative	True	True	kept	both_sequences_available
2696	Q9FUZ2	Q9FXT6	negative	True	True	kept	both_sequences_available
2697	Q9FV52	Q9M1B4	negative	True	True	kept	both_sequences_available
2698	Q9FVT5	Q9T097	negative	True	False	removed	sequence_missing_B
2699	Q9FX67	Q9LNR3	negative	True	True	kept	both_sequences_available
2700	Q9FX99	Q9LXU1	negative	True	True	kept	both_sequences_available
2701	Q9FXG6	Q9LSK7	negative	True	True	kept	both_sequences_available
2702	Q9FY82	Q9LQM8	negative	True	True	kept	both_sequences_available
2703	Q9FYA2	Q9XIN7	negative	True	True	kept	both_sequences_available
2704	Q9FYR1	Q9S9Z2	negative	True	True	kept	both_sequences_available
2705	Q9FZ54	Q9S9U3	negative	True	True	kept	both_sequences_available
2706	Q9FZ54	Q9SIX1	negative	True	True	kept	both_sequences_available
2707	Q9LD60	Q9LDM5	negative	False	True	removed	sequence_missing_A
2708	Q9LD83	Q9S834	negative	True	True	kept	both_sequences_available
2709	Q9LDC0	Q9SKY2	negative	True	True	kept	both_sequences_available
2710	Q9LE80	Q9LTC7	negative	True	True	kept	both_sequences_available
2711	Q9LEA3	Q9SA56	negative	True	True	kept	both_sequences_available
2712	Q9LEQ3	Q9LK74	negative	True	True	kept	both_sequences_available
2713	Q9LES0	Q9LR30	negative	True	True	kept	both_sequences_available
2714	Q9LET0	Q9SA00	negative	True	True	kept	both_sequences_available
2715	Q9LEX0	Q9M9E8	negative	True	True	kept	both_sequences_available
2716	Q9LF22	Q9LXM2	negative	True	True	kept	both_sequences_available
2717	Q9LF53	Q9M0G2	negative	True	True	kept	both_sequences_available
2718	Q9LF98	Q9LVA9	negative	True	True	kept	both_sequences_available
2719	Q9LFB5	Q9LPZ9	negative	True	True	kept	both_sequences_available
2720	Q9LFB6	Q9M0V0	negative	True	True	kept	both_sequences_available
2721	Q9LFE0	Q9LFU3	negative	True	True	kept	both_sequences_available
2722	Q9LFR3	Q9LYD7	negative	True	True	kept	both_sequences_available
2723	Q9LFS4	Q9LHG8	negative	True	True	kept	both_sequences_available
2724	Q9LHF5	Q9SFB0	negative	True	True	kept	both_sequences_available
2725	Q9LHG0	Q9LXM5	negative	True	True	kept	both_sequences_available
2726	Q9LHG9	Q9ZVH3	negative	True	True	kept	both_sequences_available
2727	Q9LHJ9	Q9LPD5	negative	True	True	kept	both_sequences_available
2728	Q9LHP1	Q9ZVY7	negative	True	True	kept	both_sequences_available
2729	Q9LHQ4	Q9ZR79	negative	True	True	kept	both_sequences_available
2730	Q9LHQ4	Q9ZVL8	negative	True	True	kept	both_sequences_available
2731	Q9LHS9	Q9ZQ46	negative	True	True	kept	both_sequences_available
2732	Q9LIA4	Q9SGA6	negative	True	True	kept	both_sequences_available
2733	Q9LID6	Q9LK25	negative	True	True	kept	both_sequences_available
2734	Q9LIH5	Q9LJQ3	negative	True	True	kept	both_sequences_available
2735	Q9LIP9	Q9MAH3	negative	True	True	kept	both_sequences_available
2736	Q9LJE2	Q9LYD3	negative	True	True	kept	both_sequences_available
2737	Q9LJF3	Q9SXS2	negative	True	True	kept	both_sequences_available
2738	Q9LJF5	Q9STG2	negative	True	True	kept	both_sequences_available
2739	Q9LJM4	Q9SEE9	negative	True	True	kept	both_sequences_available
2740	Q9LJP2	Q9SLV1	negative	True	True	kept	both_sequences_available
2741	Q9LK09	Q9STL2	negative	True	True	kept	both_sequences_available
2742	Q9LK40	Q9SX27	negative	True	True	kept	both_sequences_available
2743	Q9LK52	Q9M339	negative	True	True	kept	both_sequences_available
2744	Q9LKC2	Q9LU44	negative	True	True	kept	both_sequences_available
2745	Q9LKU3	Q9LV75	negative	True	True	kept	both_sequences_available
2746	Q9LM59	Q9SZM3	negative	True	True	kept	both_sequences_available
2747	Q9LM77	Q9LNK0	negative	True	True	kept	both_sequences_available
2748	Q9LM91	Q9M035	negative	True	True	kept	both_sequences_available
2749	Q9LML3	Q9LXK1	negative	True	True	kept	both_sequences_available
2750	Q9LMN8	Q9LXB3	negative	True	True	kept	both_sequences_available
2751	Q9LN03	Q9SEI4	negative	True	True	kept	both_sequences_available
2752	Q9LNM6	Q9SRI1	negative	True	True	kept	both_sequences_available
2753	Q9LPR8	Q9SUR5	negative	True	True	kept	both_sequences_available
2754	Q9LPZ0	Q9SVN2	negative	True	True	kept	both_sequences_available
2755	Q9LQM7	Q9SYG2	negative	True	True	kept	both_sequences_available
2756	Q9LQR8	Q9SIZ2	negative	True	True	kept	both_sequences_available
2757	Q9LQZ2	Q9LVR4	negative	True	True	kept	both_sequences_available
2758	Q9LRA7	Q9LZS7	negative	True	True	kept	both_sequences_available
2759	Q9LRR4	Q9M2B3	negative	True	True	kept	both_sequences_available
2760	Q9LRX8	Q9M1V9	negative	True	True	kept	both_sequences_available
2761	Q9LRZ3	Q9SS37	negative	True	True	kept	both_sequences_available
2762	Q9LRZ4	Q9SKD9	negative	True	True	kept	both_sequences_available
2763	Q9LS42	Q9SUY9	negative	True	True	kept	both_sequences_available
2764	Q9LS61	Q9LZ61	negative	True	True	kept	both_sequences_available
2765	Q9LSB2	Q9M2Y9	negative	True	True	kept	both_sequences_available
2766	Q9LSY1	Q9LW64	negative	True	True	kept	both_sequences_available
2767	Q9LT87	Q9LZM6	negative	True	True	kept	both_sequences_available
2768	Q9LTX5	Q9SRH7	negative	True	True	kept	both_sequences_available
2769	Q9LTX9	Q9LVU5	negative	True	True	kept	both_sequences_available
2770	Q9LU64	Q9STL4	negative	True	True	kept	both_sequences_available
2771	Q9LU77	Q9LUG9	negative	True	True	kept	both_sequences_available
2772	Q9LUC4	Q9SVL6	negative	True	True	kept	both_sequences_available
2773	Q9LUJ5	Q9LYG3	negative	True	True	kept	both_sequences_available
2774	Q9LUN4	Q9STS6	negative	True	True	kept	both_sequences_available
2775	Q9LUS8	Q9ZVA4	negative	True	True	kept	both_sequences_available
2776	Q9LV28	Q9SDQ4	negative	True	True	kept	both_sequences_available
2777	Q9LVM1	Q9LYG3	negative	True	True	kept	both_sequences_available
2778	Q9LVM1	Q9T0A7	negative	True	True	kept	both_sequences_available
2779	Q9LVM5	Q9SLH0	negative	True	True	kept	both_sequences_available
2780	Q9LVN7	Q9SMX3	negative	True	True	kept	both_sequences_available
2781	Q9LVN7	Q9SS37	negative	True	True	kept	both_sequences_available
2782	Q9LVQ7	Q9SG82	negative	True	True	kept	both_sequences_available
2783	Q9LVQ8	Q9SIA5	negative	True	True	kept	both_sequences_available
2784	Q9LVV6	Q9ZUW3	negative	True	True	kept	both_sequences_available
2785	Q9LXG8	Q9S834	negative	True	True	kept	both_sequences_available
2786	Q9LYC8	Q9SPK4	negative	True	True	kept	both_sequences_available
2787	Q9LYE4	Q9ZU93	negative	True	True	kept	both_sequences_available
2788	Q9LYF8	Q9SZ44	negative	True	True	kept	both_sequences_available
2789	Q9LYK2	Q9M812	negative	True	True	kept	both_sequences_available
2790	Q9LYK7	Q9SEI3	negative	True	True	kept	both_sequences_available
2791	Q9LZB8	Q9M9F0	negative	True	True	kept	both_sequences_available
2792	Q9LZR5	Q9ZVP0	negative	True	True	kept	both_sequences_available
2793	Q9M0A4	Q9S7H1	negative	True	True	kept	both_sequences_available
2794	Q9M0F9	Q9SUB0	negative	True	True	kept	both_sequences_available
2795	Q9M1X3	Q9SNA3	negative	True	True	kept	both_sequences_available
2796	Q9M219	Q9SZU7	negative	True	True	kept	both_sequences_available
2797	Q9M2M5	Q9M329	negative	True	True	kept	both_sequences_available
2798	Q9M2M5	Q9SSS9	negative	True	True	kept	both_sequences_available
2799	Q9M2R4	Q9XI84	negative	True	True	kept	both_sequences_available
2800	Q9M392	Q9SD94	negative	True	True	kept	both_sequences_available
2801	Q9M591	Q9M5P7	negative	True	False	removed	sequence_missing_B
2802	Q9M5K3	Q9SNB4	negative	True	True	kept	both_sequences_available
2803	Q9M5K3	Q9SUM2	negative	True	True	kept	both_sequences_available
2804	Q9M622	Q9SHH8	negative	True	True	kept	both_sequences_available
2805	Q9M7Q2	Q9SX97	negative	True	True	kept	both_sequences_available
2806	Q9M7Q4	Q9S745	negative	True	True	kept	both_sequences_available
2807	Q9M844	Q9M8T0	negative	True	True	kept	both_sequences_available
2808	Q9M8J9	Q9SR38	negative	True	True	kept	both_sequences_available
2809	Q9M9T4	Q9ZUB5	negative	True	True	kept	both_sequences_available
2810	Q9MAH4	Q9SHI3	negative	True	True	kept	both_sequences_available
2811	Q9MAL9	Q9T041	negative	True	True	kept	both_sequences_available
2812	Q9S6Z8	Q9SG80	negative	True	True	kept	both_sequences_available
2813	Q9S745	Q9SHZ6	negative	True	True	kept	both_sequences_available
2814	Q9S745	Q9SRS5	negative	True	True	kept	both_sequences_available
2815	Q9S7L5	Q9SWA6	negative	True	True	kept	both_sequences_available
2816	Q9S836	Q9SXS7	negative	True	True	kept	both_sequences_available
2817	Q9SAG7	Q9XIP7	negative	True	True	kept	both_sequences_available
2818	Q9SAH8	Q9SXS2	negative	True	True	kept	both_sequences_available
2819	Q9SAI2	Q9STR4	negative	True	True	kept	both_sequences_available
2820	Q9SD33	Q9SRS2	negative	True	True	kept	both_sequences_available
2821	Q9SF16	Q9STF1	negative	True	True	kept	both_sequences_available
2822	Q9SF85	Q9XIB5	negative	True	True	kept	both_sequences_available
2823	Q9SFD8	Q9SMN1	negative	True	True	kept	both_sequences_available
2824	Q9SG86	Q9SUA6	negative	True	True	kept	both_sequences_available
2825	Q9SGP6	Q9XED8	negative	True	True	kept	both_sequences_available
2826	Q9SH71	Q9ZUL5	negative	True	True	kept	both_sequences_available
2827	Q9SHP0	Q9SK96	negative	True	True	kept	both_sequences_available
2828	Q9SI54	Q9XIJ3	negative	True	False	removed	sequence_missing_B
2829	Q9SI61	Q9STL2	negative	True	True	kept	both_sequences_available
2830	Q9SJJ5	Q9SVD5	negative	True	True	kept	both_sequences_available
2831	Q9SJJ7	Q9SJW6	negative	True	True	kept	both_sequences_available
2832	Q9SJL9	Q9SRT3	negative	True	True	kept	both_sequences_available
2833	Q9SK55	Q9ZSK2	negative	True	True	kept	both_sequences_available
2834	Q9SK92	Q9ZSM8	negative	True	True	kept	both_sequences_available
2835	Q9SL90	Q9SNA3	negative	True	True	kept	both_sequences_available
2836	Q9SLN0	Q9ZPR7	negative	True	True	kept	both_sequences_available
2837	Q9SN19	Q9ZPV7	negative	True	True	kept	both_sequences_available
2838	Q9SR34	Q9SXL4	negative	True	True	kept	both_sequences_available
2839	Q9SSW1	Q9ZRD6	negative	True	True	kept	both_sequences_available
2840	Q9STY0	Q9SUC0	negative	True	True	kept	both_sequences_available
2841	Q9SUQ8	Q9XI98	negative	True	True	kept	both_sequences_available
2842	Q9SVL6	Q9ZV45	negative	True	True	kept	both_sequences_available
2843	Q9SVW8	Q9ZV90	negative	True	True	kept	both_sequences_available
2844	Q9SVX5	Q9ZU51	negative	True	True	kept	both_sequences_available
2845	Q9SYG2	Q9ZW30	negative	True	True	kept	both_sequences_available
2846	Q9SYM5	Q9SYQ8	negative	True	True	kept	both_sequences_available
2847	Q9SZE2	Q9ZVJ4	negative	True	True	kept	both_sequences_available
2848	Q9XI32	Q9ZQC0	negative	True	True	kept	both_sequences_available
2849	Q9ZQ85	Q9ZR14	negative	True	True	kept	both_sequences_available
