uniprot_A	uniprot_B	locus_A	locus_B	label	interaction_type	miscore_max	n_evidences	methods
A1L4W5	Q8H1E4	At3g43700	At1g78080	positive	MI:0407	0.44	1	MI:0096
A8R7E6	A8R7E6	At3g21630	At3g21630	positive	MI:0407	0.65	4	MI:0007;MI:0071;MI:0077;MI:0096
A9LNK9	O82312	At1g30460	At2g25850	positive	MI:0407	0.65	3	MI:0018;MI:0096
A9LNK9	Q8GUP1	At1g30460	At1g17760	positive	MI:0407	0.59	2	MI:0018;MI:0096
A9LNK9	Q9LKF9	At1g30460	At5g23880	positive	MI:0407	0.65	3	MI:0018;MI:0096
B4F7R9	P17839		At4g18960	positive	MI:0407	0.53	3	MI:0007;MI:0018
B7U179	Q710E8	At5g13060	At4g14700	positive	MI:0407	0.65	9	MI:0006;MI:0018;MI:0096
B7U179	Q9C758	At5g13060	At1g30210	positive	MI:0407	0.6	4	MI:0006;MI:0096
B7U179	Q9M1S9	At5g13060	At3g54710	positive	MI:0407	0.53	2	MI:0018;MI:0096
B7U179	Q9SJW9	At5g13060	At2g31270	positive	MI:0407	0.58	3	MI:0006;MI:0018;MI:0096
B7U179	Q9SU24	At5g13060	At4g12620	positive	MI:0407	0.53	2	MI:0018;MI:0096
B9DG86	F4K210	At5g07890	At5g61200	positive	MI:0407	0.56	4	MI:0018;MI:0096;MI:0416
B9DGI8	B9DGI8	At5g28770	At5g28770	positive	MI:0407	0.57	2	MI:0018;MI:0809
B9DGI8	Q9LZP8	At5g28770	At3g62420	positive	MI:0407	0.73	8	MI:0018;MI:0096;MI:0397
C0LGH4	O23320	At1g56145	At4g14640	positive	MI:0407	0.44	1	MI:0089
C0LGH4	P25071	At1g56145	At2g41100	positive	MI:0407	0.44	1	MI:0089
C0LGH4	P30187	At1g56145	At2g41090	positive	MI:0407	0.44	1	MI:0089
C0LGH4	P59220	At1g56145	At3g43810	positive	MI:0407	0.44	1	MI:0089
C0LGH4	Q03509	At1g56145	At5g21274	positive	MI:0407	0.44	1	MI:0089
C0LGH4	Q9S744	At1g56145	At3g51920	positive	MI:0407	0.44	1	MI:0089
C0LGU7	Q4VP08	At5g45840	At5g43510	positive	MI:0407	0.64	5	MI:0007;MI:0096;MI:1247
C0LGU7	Q8VZG8	At5g45840	At4g08850	positive	MI:0407	0.65	5	MI:0007;MI:0018;MI:0096;MI:0809
C0LGU7	Q9M0G7	At5g45840	At4g28650	positive	MI:0407	0.65	7	MI:0007;MI:0018;MI:0096;MI:0809
C6KIE6	Q9XIB5	At4g34390	At1g49480	positive	MI:0407	0.59	4	MI:0007;MI:0018;MI:0096
D3K0M2	O23320	At3g17600	At4g14640	positive	MI:0407	0.44	1	MI:0089
D3K0M2	P25071	At3g17600	At2g41100	positive	MI:0407	0.44	1	MI:0089
D3K0M2	P30187	At3g17600	At2g41090	positive	MI:0407	0.44	1	MI:0089
D3K0M2	P59220	At3g17600	At3g43810	positive	MI:0407	0.44	1	MI:0089
D3K0M2	Q03509	At3g17600	At5g21274	positive	MI:0407	0.54	2	MI:0007;MI:0089
D3K0M2	Q9S744	At3g17600	At3g51920	positive	MI:0407	0.44	1	MI:0089
F4HTH8	Q9SEX2	At1g61210	At1g80350	positive	MI:0407	0.53	3	MI:0007;MI:0018
F4HZB2	Q9SJF3	At1g03060	At1g08370	positive	MI:0407	0.61	5	MI:0018;MI:0055;MI:0096;MI:0809
F4HZY9	Q944A6	At1g35580	At1g09020	positive	MI:0407	0.53	2	MI:0007;MI:0809
F4IAG2	F4IAG2	At1g11720	At1g11720	positive	MI:0407	0.56	4	MI:0047;MI:0096
F4IEM5	P18064	At1g52920	At2g26300	positive	MI:0407	0.63	5	MI:0007;MI:0107;MI:0112;MI:0809
F4IFC5	P82805	At2g04842	At5g40930	positive	MI:0407	0.44	1	MI:0077
F4IHS2	O22456	At2g28290	At1g24260	positive	MI:0407	0.53	2	MI:0096;MI:0809
F4IHS2	Q00958	At2g28290	At5g61850	positive	MI:0407	0.63	4	MI:0007;MI:0018;MI:0096;MI:0809
F4IIM1	O48946	At2g22125	At4g32410	positive	MI:0407	0.41	1	MI:0018
F4IIM1	Q941L0	At2g22125	At5g05170	positive	MI:0407	0.41	1	MI:0018
F4IIM1	Q94JQ6	At2g22125	At5g64740	positive	MI:0407	0.41	2	MI:0018
F4IIU4	Q9FHN8	At2g34680	At5g65930	positive	MI:0407	0.61	6	MI:0006;MI:0018;MI:0096;MI:0663
F4IS56	Q9S744	At2g43850	At3g51920	positive	MI:0407	0.44	1	MI:0089
F4IZC5	Q8H0X6	At3g56170	At3g12490	positive	MI:0407	0.58	3	MI:0018;MI:0096;MI:0809
F4J8D3	F4J8D3	At3g01780	At3g01780	positive	MI:0407	0.41	2	MI:0809
F4J8D3	O04209	At3g01780	At2g40060	positive	MI:0407	0.53	5	MI:0663;MI:0809
F4J8D3	Q0WLB5	At3g01780	At3g08530	positive	MI:0407	0.41	2	MI:0809
F4JS25	Q9FPR2	At4g37460	At4g37450	positive	MI:0407	0.44	1	MI:0096
F4K210	O49160	At5g61200	At3g56150	positive	MI:0407	0.69	4	MI:0006;MI:0018;MI:0096
F4K210	Q42347	At5g61200	At2g36620	positive	MI:0407	0.59	3	MI:0018;MI:0096
F4K210	Q9LD55	At5g61200	At4g11420	positive	MI:0407	0.54	2	MI:0006;MI:0096
F4K6B8	O23320	At5g56040	At4g14640	positive	MI:0407	0.44	1	MI:0089
F4K6B8	P25071	At5g56040	At2g41100	positive	MI:0407	0.44	1	MI:0089
F4K6B8	P30187	At5g56040	At2g41090	positive	MI:0407	0.44	1	MI:0089
F4K6B8	P59220	At5g56040	At3g43810	positive	MI:0407	0.44	1	MI:0089
F4K6B8	Q03509	At5g56040	At5g21274	positive	MI:0407	0.44	1	MI:0089
F4K6B8	Q9S744	At5g56040	At3g51920	positive	MI:0407	0.44	1	MI:0089
F4KBF5	F4KBF5	At5g23070	At5g23070	positive	MI:0407	0.44	1	MI:0071
F4KCL7	Q9LHE5	At5g09420	At3g20000	positive	MI:0407	0.53	2	MI:0006;MI:0018
O04027	Q9LX49	At1g09030	At3g59220	positive	MI:0407	0.53	2	MI:0018;MI:0096
O04197	Q39255	At2g39940	At1g75950	positive	MI:0407	0.89	11	MI:0006;MI:0007;MI:0018;MI:0069;MI:0071;MI:0096;MI:0114;MI:0397
O04197	Q8W4J8	At2g39940	At1g70700	positive	MI:0407	0.73	7	MI:0018;MI:0096
O04197	Q9LMA8	At2g39940	At1g19180	positive	MI:0407	0.87	10	MI:0018;MI:0096;MI:0114;MI:0676
O04197	Q9LVI4	At2g39940	At3g17860	positive	MI:0407	0.74	6	MI:0018;MI:0096
O04203	Q944A6	At2g40000	At1g09020	positive	MI:0407	0.78	11	MI:0004;MI:0007;MI:0018;MI:0809;MI:1314
O04209	O04209	At2g40060	At2g40060	positive	MI:0407	0.41	2	MI:0809
O04209	Q0WLB5	At2g40060	At3g08530	positive	MI:0407	0.41	3	MI:0809
O04292	Q9LEZ3	At1g30490	At5g08130	positive	MI:0407	0.65	5	MI:0007;MI:1356;MI:2277
O04292	Q9SAD4	At1g30490	At1g12980	positive	MI:0407	0.71	5	MI:0006;MI:0007;MI:0018;MI:0809
O04336	P59220	At2g30590	At3g43810	positive	MI:0407	0.44	1	MI:0089
O04492	O04492	At1g09700	At1g09700	positive	MI:0407	0.74	5	MI:0007;MI:0047;MI:0071;MI:0096;MI:0114
O04492	Q3EBC8	At1g09700	At3g03300	positive	MI:0407	0.44	2	MI:0047
O04492	Q8GY79	At1g09700	At5g41070	positive	MI:0407	0.75	7	MI:0047;MI:0397;MI:1112;MI:1356
O04492	Q9SP32	At1g09700	At1g01040	positive	MI:0407	0.67	3	MI:0007;MI:0047;MI:0096
O04567	P30187	At1g27190	At2g41090	positive	MI:0407	0.44	1	MI:0089
O04567	P59220	At1g27190	At3g43810	positive	MI:0407	0.44	1	MI:0089
O04567	Q03509	At1g27190	At5g21274	positive	MI:0407	0.44	1	MI:0089
O04567	Q9S744	At1g27190	At3g51920	positive	MI:0407	0.44	1	MI:0089
O04603	Q67XX3	At4g01310	At5g06550	positive	MI:0407	0.44	1	MI:0096
O04663	P38418	At5g35620	At3g45140	positive	MI:0407	0.68	7	MI:0004;MI:0006;MI:0007;MI:0018;MI:0588
O04663	Q9SMW7	At5g35620	At1g17880	positive	MI:0407	0.53	2	MI:0007;MI:0018
O04714	P18064	At1g48270	At2g26300	positive	MI:0407	0.72	6	MI:0006;MI:0007;MI:0112
O04719	Q84JG2	At5g57050	At2g33610	positive	MI:0407	0.51	2	MI:0018;MI:0809
O04719	Q84MC7	At5g57050	At1g01360	positive	MI:0407	0.74	7	MI:0018;MI:0065;MI:0397;MI:0588;MI:0809;MI:1112;MI:1356
O22042	Q03509	At3g06030	At5g21274	positive	MI:0407	0.44	1	MI:0089
O22179	O23320	At2g23290	At4g14640	positive	MI:0407	0.44	1	MI:0089
O22179	P25071	At2g23290	At2g41100	positive	MI:0407	0.44	1	MI:0089
O22179	P30187	At2g23290	At2g41090	positive	MI:0407	0.44	1	MI:0089
O22179	P59220	At2g23290	At3g43810	positive	MI:0407	0.44	1	MI:0089
O22179	Q03509	At2g23290	At5g21274	positive	MI:0407	0.44	1	MI:0089
O22179	Q9S744	At2g23290	At3g51920	positive	MI:0407	0.44	1	MI:0089
O22265	O22265	At2g47450	At2g47450	positive	MI:0407	0.75	5	MI:0018;MI:0071;MI:0096
O22265	P37107	At2g47450	At5g03940	positive	MI:0407	0.97	21	MI:0007;MI:0018;MI:0065;MI:0071;MI:0077;MI:0081;MI:0096;MI:0107;MI:0114;MI:0826
O22265	Q01667	At2g47450	At3g54890	positive	MI:0407	0.44	1	MI:0067
O22265	Q8LBP4	At2g47450	At2g28800	positive	MI:0407	0.71	10	MI:0007;MI:0018;MI:0096;MI:0809
O22265	Q9XF89	At2g47450	At4g10340	positive	MI:0407	0.44	1	MI:0067
O22267	Q05609	At2g47430	At5g03730	positive	MI:0407	0.44	1	MI:0096
O22286	Q8H1E4	At2g39760	At1g78080	positive	MI:0407	0.53	2	MI:0018;MI:0096
O22446	Q8GWF1	At4g38130	At5g22570	positive	MI:0407	0.53	2	MI:0007;MI:0809
O22446	Q9LZV6	At4g38130	At5g01900	positive	MI:0407	0.7	5	MI:0007;MI:0018;MI:0809
O22456	Q6EVK6	At1g24260	At2g46020	positive	MI:0407	0.53	2	MI:0096;MI:0809
O22456	Q8W234	At1g24260	At1g43850	positive	MI:0407	0.53	2	MI:0018;MI:0096
O22456	Q9FUY2	At1g24260	At4g32551	positive	MI:0407	0.44	1	MI:0096
O22467	Q9LKZ3	At5g58230	At3g12280	positive	MI:0407	0.54	2	MI:0096;MI:0809
O22476	Q94AG2	At4g39400	At1g71830	positive	MI:0407	0.75	7	MI:0006;MI:0007;MI:0071;MI:0114;MI:0276;MI:0416
O22607	O49552	At2g19520	At4g21100	positive	MI:0407	0.41	1	MI:0018
O22607	P93831	At2g19520	At2g23380	positive	MI:0407	0.58	3	MI:0007;MI:0018;MI:0809
O22607	Q9M0V3	At2g19520	At4g05420	positive	MI:0407	0.52	2	MI:0018;MI:0809
O22609	O22609	At3g27925	At3g27925	positive	MI:0407	0.56	2	MI:0071;MI:0114
O22763	O23320	At4g02640	At4g14640	positive	MI:0407	0.44	1	MI:0089
O22763	P25071	At4g02640	At2g41100	positive	MI:0407	0.44	1	MI:0089
O22763	P30187	At4g02640	At2g41090	positive	MI:0407	0.44	1	MI:0089
O22763	P59220	At4g02640	At3g43810	positive	MI:0407	0.44	1	MI:0089
O22763	Q03509	At4g02640	At5g21274	positive	MI:0407	0.44	1	MI:0089
O22763	Q9LZP8	At4g02640	At3g62420	positive	MI:0407	0.71	8	MI:0018;MI:0096;MI:0416
O22763	Q9S744	At4g02640	At3g51920	positive	MI:0407	0.44	1	MI:0089
O22971	Q8LAS7	At2g34180	At5g55990	positive	MI:0407	0.65	4	MI:0018;MI:0096
O23144	P20649	At4g27500	At2g18960	positive	MI:0407	0.67	7	MI:0018;MI:0047
O23145	O23320	At3g61160	At4g14640	positive	MI:0407	0.44	1	MI:0089
O23145	P25071	At3g61160	At2g41100	positive	MI:0407	0.44	1	MI:0089
O23145	P30187	At3g61160	At2g41090	positive	MI:0407	0.44	1	MI:0089
O23145	Q03509	At3g61160	At5g21274	positive	MI:0407	0.44	1	MI:0089
O23145	Q9S744	At3g61160	At3g51920	positive	MI:0407	0.44	1	MI:0089
O23171	Q9LFT6	At4g37150	At5g10300	positive	MI:0407	0.53	3	MI:0096;MI:0397
O23320	O48814	At4g14640	At2g39660	positive	MI:0407	0.44	1	MI:0089
O23320	O64817	At4g14640	At2g23080	positive	MI:0407	0.44	1	MI:0089
O23320	O65469	At4g14640	At4g23170	positive	MI:0407	0.44	1	MI:0089
O23320	O80651	At4g14640	At1g77145	positive	MI:0407	0.44	1	MI:0089
O23320	O81292	At4g14640	At4g02410	positive	MI:0407	0.44	1	MI:0089
O23320	P27450	At4g14640	At4g35600	positive	MI:0407	0.44	1	MI:0089
O23320	P29383	At4g14640	At2g03710	positive	MI:0407	0.44	1	MI:0089
O23320	P43294	At4g14640	At4g13020	positive	MI:0407	0.44	1	MI:0089
O23320	P55737	At4g14640	At5g56030	positive	MI:0407	0.44	1	MI:0089
O23320	P93050	At4g14640	At2g48010	positive	MI:0407	0.44	1	MI:0089
O23320	Q2V359	At4g14640	At5g20810	positive	MI:0407	0.44	1	MI:0089
O23320	Q38876	At4g14640	At5g60910	positive	MI:0407	0.44	1	MI:0089
O23320	Q39010	At4g14640	At2g30980	positive	MI:0407	0.44	1	MI:0089
O23320	Q39050	At4g14640	At4g14340	positive	MI:0407	0.44	1	MI:0089
O23320	Q42479	At4g14640	At4g23650	positive	MI:0407	0.44	1	MI:0089
O23320	Q4PSU4	At4g14640	At2g24840	positive	MI:0407	0.44	1	MI:0089
O23320	Q5XXJ3	At4g14640	At3g58780	positive	MI:0407	0.44	1	MI:0089
O23320	Q70E96	At4g14640	At4g36250	positive	MI:0407	0.44	1	MI:0089
O23320	Q7X9N2	At4g14640	At5g27070	positive	MI:0407	0.44	1	MI:0089
O23320	Q84MD8	At4g14640	At4g21470	positive	MI:0407	0.44	1	MI:0089
O23320	Q84WC8	At4g14640		positive	MI:0407	0.44	1	MI:0089
O23320	Q8GY11	At4g14640	At2g46130	positive	MI:0407	0.44	1	MI:0089
O23320	Q8GY88	At4g14640	At4g39540	positive	MI:0407	0.44	1	MI:0089
O23320	Q8GYF5	At4g14640	At5g66790	positive	MI:0407	0.44	1	MI:0089
O23320	Q8GZ99	At4g14640	At5g49760	positive	MI:0407	0.44	1	MI:0089
O23320	Q8H1D6	At4g14640	At5g10520	positive	MI:0407	0.44	1	MI:0089
O23320	Q93XM6	At4g14640	At1g08320	positive	MI:0407	0.44	1	MI:0089
O23320	Q93Z27	At4g14640	At5g39670	positive	MI:0407	0.44	1	MI:0089
O23320	Q93Z30	At4g14640	At4g18950	positive	MI:0407	0.44	1	MI:0089
O23320	Q9C960	At4g14640	At1g60920	positive	MI:0407	0.44	1	MI:0089
O23320	Q9FGX2	At4g14640	At5g49450	positive	MI:0407	0.44	1	MI:0089
O23320	Q9FGZ5	At4g14640	At5g49490	positive	MI:0407	0.44	1	MI:0089
O23320	Q9FIW6	At4g14640	At5g39810	positive	MI:0407	0.44	1	MI:0089
O23320	Q9FJK3	At4g14640	At5g48670	positive	MI:0407	0.44	1	MI:0089
O23320	Q9FKR2	At4g14640	At5g38740	positive	MI:0407	0.44	1	MI:0089
O23320	Q9FM43	At4g14640	At5g40540	positive	MI:0407	0.44	1	MI:0089
O23320	Q9FMC2	At4g14640	At5g38800	positive	MI:0407	0.44	1	MI:0089
O23320	Q9LDI3	At4g14640	At5g35410	positive	MI:0407	0.44	1	MI:0089
O23320	Q9LFU3	At4g14640	At5g15830/F14F8_210	positive	MI:0407	0.44	1	MI:0089
O23320	Q9LHI7	At4g14640	At3g12200	positive	MI:0407	0.44	1	MI:0089
O23320	Q9LJY7	At4g14640	At3g20110	positive	MI:0407	0.44	1	MI:0089
O23320	Q9LKA4	At4g14640	At3g15010	positive	MI:0407	0.44	1	MI:0089
O23320	Q9LQ65	At4g14640	At1g59530	positive	MI:0407	0.44	1	MI:0089
O23320	Q9LSI9	At4g14640	At3g28450	positive	MI:0407	0.44	1	MI:0089
O23320	Q9LV04	At4g14640	At5g53450	positive	MI:0407	0.44	1	MI:0089
O23320	Q9LW66	At4g14640	At3g23310	positive	MI:0407	0.44	1	MI:0089
O23320	Q9LX56	At4g14640	At3g59150	positive	MI:0407	0.44	1	MI:0089
O23320	Q9LYL6	At4g14640	At3g56270	positive	MI:0407	0.44	1	MI:0089
O23320	Q9LZV7	At4g14640	At5g01890	positive	MI:0407	0.44	1	MI:0089
O23320	Q9M2K4	At4g14640	At3g58120	positive	MI:0407	0.44	1	MI:0089
O23320	Q9M5K2	At4g14640	At3g17240	positive	MI:0407	0.44	1	MI:0089
O23320	Q9M7Q2	At4g14640	At3g19290	positive	MI:0407	0.44	1	MI:0089
O23320	Q9MAB4	At4g14640	At3g05050	positive	MI:0407	0.44	1	MI:0089
O23320	Q9SGN7	At4g14640	At1g28390	positive	MI:0407	0.44	1	MI:0089
O23320	Q9SJX8	At4g14640	At2g31180	positive	MI:0407	0.44	1	MI:0089
O23320	Q9SKN2	At4g14640	At2g28380	positive	MI:0407	0.44	1	MI:0089
O23320	Q9SND6	At4g14640	At3g50310	positive	MI:0407	0.44	1	MI:0089
O23320	Q9SSF8	At4g14640	At1g74740	positive	MI:0407	0.44	1	MI:0089
O23320	Q9SUP6	At4g14640	At4g23810	positive	MI:0407	0.44	1	MI:0089
O23320	Q9SYB9	At4g14640	At1g51170	positive	MI:0407	0.44	1	MI:0089
O23320	Q9SYP2	At4g14640	At1g20950	positive	MI:0407	0.44	1	MI:0089
O23320	Q9SYS3	At4g14640	At4g04570	positive	MI:0407	0.44	1	MI:0089
O23320	Q9SZ03	At4g14640	At4g34380/F10M10_150	positive	MI:0407	0.44	1	MI:0089
O23320	Q9ZPE4	At4g14640	At4g08980	positive	MI:0407	0.44	1	MI:0089
O23320	Q9ZVM9	At4g14640	At1g54610	positive	MI:0407	0.44	1	MI:0089
O23346	O23346	At4g14910	At4g14910	positive	MI:0407	0.44	1	MI:0114
O23403	Q9SV55	At4g15510	At4g28910	positive	MI:0407	0.41	1	MI:0018
O23674	Q500U8	At1g02050	At4g35420	positive	MI:0407	0.51	2	MI:0055;MI:0096
O23674	Q9LQ12	At1g02050	At1g62940	positive	MI:0407	0.51	3	MI:0055;MI:0096
O23680	O23680	At1g02280	At1g02280	positive	MI:0407	0.56	4	MI:0096;MI:0276
O23680	O81283	At1g02280	At4g02510	positive	MI:0407	0.44	1	MI:0096
O24409	Q9SN12	At3g15540	At3g50060	positive	MI:0407	0.53	3	MI:0096;MI:0809
O24606	Q8W4J8	At3g20770	At1g70700	positive	MI:0407	0.41	1	MI:0018
O24606	Q9FML2	At3g20770	At5g63110	positive	MI:0407	0.53	2	MI:0007;MI:0018
O24606	Q9LMA8	At3g20770	At1g19180	positive	MI:0407	0.63	4	MI:0007;MI:0018;MI:0096;MI:0809
O24606	Q9LVI4	At3g20770	At3g17860	positive	MI:0407	0.41	1	MI:0018
O24646	P43254	At5g11260	At2g32950	positive	MI:0407	0.82	8	MI:0018;MI:0096
O24646	Q9LQZ7	At5g11260	At1g75540	positive	MI:0407	0.68	4	MI:0018;MI:0055;MI:1356;MI:2277
O48661	Q94BN2	At1g70310	At5g53120	positive	MI:0407	0.53	4	MI:0018;MI:0096
O48661	Q9ZUB3	At1g70310	At1g23820	positive	MI:0407	0.63	7	MI:0007;MI:0018;MI:0071;MI:0096
O48726	Q9SII8	At2g26590	At2g17200	positive	MI:0407	0.44	5	MI:0096
O48788	P59220	At2g26730	At3g43810	positive	MI:0407	0.59	2	MI:0089;MI:0809
O48963	O48963	At3g45780	At3g45780	positive	MI:0407	0.62	5	MI:0030;MI:0424
O48963	Q9SWI1	At3g45780	At2g02950	positive	MI:0407	0.52	3	MI:0007;MI:0096
O49160	Q9C5Z3	At3g56150	At3g57290	positive	MI:0407	0.59	3	MI:0006;MI:0018;MI:0096
O49396	P25071	At4g31950	At2g41100	positive	MI:0407	0.44	1	MI:0089
O49413	Q9LN63	At4g19000	At1g19350	positive	MI:0407	0.6	3	MI:0018;MI:0096;MI:0809
O49686	O49686	At4g17870	At4g17870	positive	MI:0407	0.77	8	MI:0065;MI:0067;MI:0071;MI:0077;MI:0114;MI:0826
O49686	P49597	At4g17870	At4g26080	positive	MI:0407	0.89	12	MI:0004;MI:0007;MI:0018;MI:0096;MI:0397;MI:0905;MI:1112;MI:1356
O49686	Q9CAJ0	At4g17870	At1g72770	positive	MI:0407	0.97	17	MI:0007;MI:0018;MI:0067;MI:0071;MI:0096;MI:0114;MI:0397;MI:0905;MI:1112;MI:1356
O49687	Q8LBM2	At4g17880	At1g30135	positive	MI:0407	0.68	4	MI:0397;MI:0905;MI:1112;MI:1356
O49687	Q8W4J8	At4g17880	At1g70700	positive	MI:0407	0.73	8	MI:0007;MI:0018;MI:0397;MI:0905;MI:1112;MI:1356
O49687	Q9C5K8	At4g17880	At5g20900	positive	MI:0407	0.68	4	MI:0397;MI:0905;MI:1112;MI:1356
O49839	P30187	At1g14370	At2g41090	positive	MI:0407	0.44	1	MI:0089
O49839	P59220	At1g14370	At3g43810	positive	MI:0407	0.44	1	MI:0089
O49839	Q03509	At1g14370	At5g21274	positive	MI:0407	0.44	1	MI:0089
O49839	Q9S744	At1g14370	At3g51920	positive	MI:0407	0.44	1	MI:0089
O49840	Q9S744	At2g02800	At3g51920	positive	MI:0407	0.44	1	MI:0089
O50055	Q9SYX2	At5g15850	At2g46340/At2g46350	positive	MI:0407	0.75	10	MI:0006;MI:0007;MI:0055;MI:0071;MI:0663
O64471	Q9LHE5	At2g19080	At3g20000	positive	MI:0407	0.53	2	MI:0006;MI:0018
O64682	Q9C6B8	At2g34650	At1g73590	positive	MI:0407	0.62	2	MI:0424
O64816	O64816	At2g23070	At2g23070	positive	MI:0407	0.44	1	MI:0807
O64817	P25071	At2g23080	At2g41100	positive	MI:0407	0.44	1	MI:0089
O64817	P30187	At2g23080	At2g41090	positive	MI:0407	0.44	1	MI:0089
O64817	P59220	At2g23080	At3g43810	positive	MI:0407	0.44	1	MI:0089
O64817	Q03509	At2g23080	At5g21274	positive	MI:0407	0.44	1	MI:0089
O64817	Q9S744	At2g23080	At3g51920	positive	MI:0407	0.44	1	MI:0089
O64903	Q9LDI3	At5g63310	At5g35410	positive	MI:0407	0.53	3	MI:0018;MI:0096
O65154	O65155	At5g09250	At4g10920	positive	MI:0407	0.71	9	MI:0006;MI:0018;MI:0096;MI:1356;MI:2277
O65373	P22953	At1g12060	At5g02500	positive	MI:0407	0.44	1	MI:0047
O65469	P25071	At4g23170	At2g41100	positive	MI:0407	0.44	1	MI:0089
O65469	P30187	At4g23170	At2g41090	positive	MI:0407	0.44	1	MI:0089
O65469	P59220	At4g23170	At3g43810	positive	MI:0407	0.44	1	MI:0089
O65469	Q03509	At4g23170	At5g21274	positive	MI:0407	0.44	1	MI:0089
O65469	Q9S744	At4g23170	At3g51920	positive	MI:0407	0.44	1	MI:0089
O65554	P30187	At4g30960	At2g41090	positive	MI:0407	0.44	1	MI:0089
O65554	P59220	At4g30960	At3g43810	positive	MI:0407	0.44	1	MI:0089
O65554	Q03509	At4g30960	At5g21274	positive	MI:0407	0.44	1	MI:0089
O65554	Q9S744	At4g30960	At3g51920	positive	MI:0407	0.44	1	MI:0089
O65665	Q8L765	At4g39780	At5g19000	positive	MI:0407	0.68	4	MI:0096;MI:0397;MI:1112;MI:1356
O80365	Q67XQ1	At2g41310	At1g03430	positive	MI:0407	0.53	3	MI:0018;MI:0096
O80366	Q67XQ1	At3g57040	At1g03430	positive	MI:0407	0.53	3	MI:0018;MI:0096
O80452	Q9C5U0	At2g38280	At2g01830	positive	MI:0407	0.53	2	MI:0018;MI:0096
O80480	Q058P7	At1g09270		positive	MI:0407	0.53	2	MI:0096;MI:0397
O80513	P24100	At2g44740	At3g48750	positive	MI:0407	0.53	2	MI:0007;MI:0018
O80536	O80536	At1g09530	At1g09530	positive	MI:0407	0.69	3	MI:0007;MI:0018
O80536	P14712	At1g09530	At1g09570	positive	MI:0407	0.92	8	MI:0007;MI:0018;MI:0096;MI:0416
O80536	P14713	At1g09530	At2g18790	positive	MI:0407	0.97	22	MI:0007;MI:0018;MI:0065;MI:0071;MI:0096;MI:0226;MI:0416
O80536	Q8GZM7	At1g09530	At2g20180	positive	MI:0407	0.59	6	MI:0007;MI:0018
O80536	Q9SLH3	At1g09530	At2g01570	positive	MI:0407	0.74	6	MI:0006;MI:0018;MI:0096;MI:0809
O80651	P25071	At1g77145	At2g41100	positive	MI:0407	0.44	1	MI:0089
O80651	P30187	At1g77145	At2g41090	positive	MI:0407	0.44	1	MI:0089
O80651	P59220	At1g77145	At3g43810	positive	MI:0407	0.44	1	MI:0089
O80651	Q03509	At1g77145	At5g21274	positive	MI:0407	0.44	1	MI:0089
O80651	Q9S744	At1g77145	At3g51920	positive	MI:0407	0.44	1	MI:0089
O80719	Q39023	At2g47060	At3g45640	positive	MI:0407	0.56	2	MI:0096;MI:0424
O80719	Q39026	At2g47060	At2g43790	positive	MI:0407	0.61	3	MI:0007;MI:0096;MI:0424
O80719	Q9LSF1	At2g47060	At3g25250	positive	MI:0407	0.61	4	MI:0007;MI:0096;MI:0424
O80920	P49597	At2g38310	At4g26080	positive	MI:0407	0.9	9	MI:0004;MI:0018;MI:0397;MI:0905;MI:1112;MI:1356
O80920	P49598	At2g38310	At3g11410	positive	MI:0407	0.75	5	MI:0018;MI:0397;MI:1112;MI:1356
O80920	Q9CAJ0	At2g38310	At1g72770	positive	MI:0407	0.9	8	MI:0018;MI:0397;MI:0905;MI:1112;MI:1356
O80920	Q9LMA8	At2g38310	At1g19180	positive	MI:0407	0.53	3	MI:0018;MI:0096
O80982	O80982	At2g26150	At2g26150	positive	MI:0407	0.44	1	MI:0030
O80992	O80992	At2g26040	At2g26040	positive	MI:0407	0.72	4	MI:0028;MI:0071;MI:0114
O80992	P49597	At2g26040	At4g26080	positive	MI:0407	0.82	6	MI:0096;MI:0397;MI:0905;MI:1112;MI:1356
O80992	Q9CAJ0	At2g26040	At1g72770	positive	MI:0407	0.9	10	MI:0018;MI:0071;MI:0114;MI:0397;MI:0905;MI:0944;MI:1112;MI:1356
O81001	Q8L8A5	At2g22840	At5g28640	positive	MI:0407	0.68	6	MI:0018;MI:0096;MI:1356;MI:2277
O81126	P51567	At4g31580	At4g24740	positive	MI:0407	0.44	1	MI:0096
O81127	Q42404	At1g23860	At3g50670	positive	MI:0407	0.65	4	MI:0018;MI:0047
O81223	Q9LDI3	At5g24270	At5g35410	positive	MI:0407	0.91	10	MI:0018;MI:0047;MI:0049;MI:0096;MI:0809
O81275	P92973	At3g60250	At2g46830	positive	MI:0407	0.77	6	MI:0018;MI:0096;MI:0424
O81275	Q6R0H1	At3g60250	At1g01060	positive	MI:0407	0.44	1	MI:0096
O81283	Q38906	At4g02510	At5g05000	positive	MI:0407	0.59	5	MI:0006;MI:0028;MI:0096
O81292	P25071	At4g02410	At2g41100	positive	MI:0407	0.44	1	MI:0089
O81292	P30187	At4g02410	At2g41090	positive	MI:0407	0.44	1	MI:0089
O81292	P59220	At4g02410	At3g43810	positive	MI:0407	0.44	1	MI:0089
O81292	Q03509	At4g02410	At5g21274	positive	MI:0407	0.44	1	MI:0089
O81292	Q9S744	At4g02410	At3g51920	positive	MI:0407	0.44	1	MI:0089
O81346	P59220	At4g39950	At3g43810	positive	MI:0407	0.44	1	MI:0089
O81775	Q9S752	At4g31730	At3g09770	positive	MI:0407	0.72	15	MI:0007;MI:0018;MI:0096
O82312	Q9LKF9	At2g25850	At5g23880	positive	MI:0407	0.76	5	MI:0018;MI:0096
O82462	Q38834	At5g26710	At3g50950	positive	MI:0407	0.41	1	MI:0018
O82462	Q43127	At5g26710	At5g35630	positive	MI:0407	0.41	1	MI:0018
O82462	Q940T9	At5g26710	At5g24930	positive	MI:0407	0.41	1	MI:0018
O82754	Q9S744	At4g23050	At3g51920	positive	MI:0407	0.44	1	MI:0089
P0DKH5	P0DKH5	At5g45260/At5g45270	At5g45260/At5g45270	positive	MI:0407	0.67	5	MI:0007;MI:0018;MI:0067;MI:0071;MI:0114
P0DKH5	Q9XGM3	At5g45260/At5g45270	At5g45250	positive	MI:0407	0.71	18	MI:0007;MI:0018;MI:0065;MI:0067;MI:0071;MI:0096;MI:0826
P14713	P14713	At2g18790	At2g18790	positive	MI:0407	0.66	3	MI:0018;MI:0071;MI:0807
P14713	Q96524	At2g18790	At1g04400	positive	MI:0407	0.57	3	MI:0006;MI:0055;MI:0416
P15459	Q9C5U2	At4g27160	At5g35750	positive	MI:0407	0.53	2	MI:0018;MI:0096
P17597	P17597	At3g48560	At3g48560	positive	MI:0407	0.44	1	MI:0114
P17839	Q1PEU3	At4g18960	At2g45650	positive	MI:0407	0.53	3	MI:0007;MI:0018
P17839	Q5XXN8	At4g18960	At5g15800	positive	MI:0407	0.53	3	MI:0007;MI:0018
P18064	Q8H1F2	At2g26300	At3g26090	positive	MI:0407	0.81	7	MI:0055;MI:0096;MI:0107;MI:0419;MI:0809
P19456	Q01525	At4g30190	At1g78300	positive	MI:0407	0.44	1	MI:0047
P22953	P25071	At5g02500	At2g41100	positive	MI:0407	0.44	1	MI:0089
P22953	Q9LYP4	At5g02500	At5g07220	positive	MI:0407	0.44	1	MI:0047
P23321	Q8GRU8	At5g66570	At5g56010	positive	MI:0407	0.44	1	MI:0006
P23321	Q9LHA8	At5g66570	At3g12580	positive	MI:0407	0.44	1	MI:0006
P24100	Q67Y93	At3g48750	At2g23430	positive	MI:0407	0.89	10	MI:0018;MI:0096;MI:0112;MI:0676;MI:0809
P24100	Q9FKF6	At3g48750	At5g61650	positive	MI:0407	0.53	2	MI:0007;MI:0018
P24100	Q9LJ45	At3g48750	At3g21870	positive	MI:0407	0.53	2	MI:0007;MI:0018
P24100	Q9LZ78	At3g48750	At5g04470	positive	MI:0407	0.44	1	MI:0055
P24100	Q9SHD3	At3g48750	At2g45080	positive	MI:0407	0.44	1	MI:0007
P25071	P27450	At2g41100	At4g35600	positive	MI:0407	0.44	1	MI:0089
P25071	P43294	At2g41100	At4g13020	positive	MI:0407	0.44	1	MI:0089
P25071	P55737	At2g41100	At5g56030	positive	MI:0407	0.44	1	MI:0089
P25071	P83755	At2g41100	AtCg00020	positive	MI:0407	0.44	1	MI:0089
P25071	Q2V359	At2g41100	At5g20810	positive	MI:0407	0.44	1	MI:0089
P25071	Q38876	At2g41100	At5g60910	positive	MI:0407	0.44	1	MI:0089
P25071	Q39010	At2g41100	At2g30980	positive	MI:0407	0.44	1	MI:0089
P25071	Q39019	At2g41100	At1g09840	positive	MI:0407	0.44	1	MI:0089
P25071	Q39050	At2g41100	At4g14340	positive	MI:0407	0.44	1	MI:0089
P25071	Q39254	At2g41100	At3g13320	positive	MI:0407	0.44	1	MI:0089
P25071	Q42479	At2g41100	At4g23650	positive	MI:0407	0.44	1	MI:0089
P25071	Q4PSU4	At2g41100	At2g24840	positive	MI:0407	0.44	1	MI:0089
P25071	Q5XXJ3	At2g41100	At3g58780	positive	MI:0407	0.44	1	MI:0089
P25071	Q70E96	At2g41100	At4g36250	positive	MI:0407	0.44	1	MI:0089
P25071	Q7X7A9	At2g41100	At1g11270	positive	MI:0407	0.44	1	MI:0089
P25071	Q7X9N2	At2g41100	At5g27070	positive	MI:0407	0.44	1	MI:0089
P25071	Q7Y224	At2g41100	At1g74490	positive	MI:0407	0.44	1	MI:0089
P25071	Q84WC8	At2g41100		positive	MI:0407	0.44	1	MI:0089
P25071	Q8GY11	At2g41100	At2g46130	positive	MI:0407	0.44	1	MI:0089
P25071	Q8GY88	At2g41100	At4g39540	positive	MI:0407	0.44	1	MI:0089
P25071	Q8GYF5	At2g41100	At5g66790	positive	MI:0407	0.44	1	MI:0089
P25071	Q8GZ99	At2g41100	At5g49760	positive	MI:0407	0.44	1	MI:0089
P25071	Q8H1D6	At2g41100	At5g10520	positive	MI:0407	0.44	1	MI:0089
P25071	Q93XM6	At2g41100	At1g08320	positive	MI:0407	0.44	1	MI:0089
P25071	Q93Z27	At2g41100	At5g39670	positive	MI:0407	0.44	1	MI:0089
P25071	Q93Z30	At2g41100	At4g18950	positive	MI:0407	0.44	1	MI:0089
P25071	Q9C562	At2g41100	At5g58380	positive	MI:0407	0.44	1	MI:0089
P25071	Q9C7R6	At2g41100	At1g29340	positive	MI:0407	0.44	1	MI:0089
P25071	Q9C960	At2g41100	At1g60920	positive	MI:0407	0.44	1	MI:0089
P25071	Q9FGX2	At2g41100	At5g49450	positive	MI:0407	0.44	1	MI:0089
P25071	Q9FGZ5	At2g41100	At5g49490	positive	MI:0407	0.44	1	MI:0089
P25071	Q9FHZ1	At2g41100	At5g41920	positive	MI:0407	0.44	1	MI:0089
P25071	Q9FIW6	At2g41100	At5g39810	positive	MI:0407	0.44	1	MI:0089
P25071	Q9FJK3	At2g41100	At5g48670	positive	MI:0407	0.44	1	MI:0089
P25071	Q9FJV0	At2g41100	At5g56580	positive	MI:0407	0.44	1	MI:0089
P25071	Q9FM43	At2g41100	At5g40540	positive	MI:0407	0.44	1	MI:0089
P25071	Q9FMC2	At2g41100	At5g38800	positive	MI:0407	0.44	1	MI:0089
P25071	Q9LDI3	At2g41100	At5g35410	positive	MI:0407	0.44	1	MI:0089
P25071	Q9LFU3	At2g41100	At5g15830/F14F8_210	positive	MI:0407	0.44	1	MI:0089
P25071	Q9LHI7	At2g41100	At3g12200	positive	MI:0407	0.44	1	MI:0089
P25071	Q9LJ68	At2g41100	At3g18980	positive	MI:0407	0.44	1	MI:0089
P25071	Q9LJZ2	At2g41100	At3g20080	positive	MI:0407	0.44	1	MI:0089
P25071	Q9LKA4	At2g41100	At3g15010	positive	MI:0407	0.44	1	MI:0089
P25071	Q9LPK5	At2g41100	At1g21550	positive	MI:0407	0.44	1	MI:0089
P25071	Q9LQ65	At2g41100	At1g59530	positive	MI:0407	0.44	1	MI:0089
P25071	Q9LSI9	At2g41100	At3g28450	positive	MI:0407	0.44	1	MI:0089
P25071	Q9LTW2	At2g41100	At3g12720	positive	MI:0407	0.44	1	MI:0089
P25071	Q9LV04	At2g41100	At5g53450	positive	MI:0407	0.44	1	MI:0089
P25071	Q9LX56	At2g41100	At3g59150	positive	MI:0407	0.44	1	MI:0089
P25071	Q9LYG8	At2g41100	At5g11620	positive	MI:0407	0.44	1	MI:0089
P25071	Q9LYL6	At2g41100	At3g56270	positive	MI:0407	0.44	1	MI:0089
P25071	Q9LZP8	At2g41100	At3g62420	positive	MI:0407	0.44	1	MI:0089
P25071	Q9M2K4	At2g41100	At3g58120	positive	MI:0407	0.44	1	MI:0089
P25071	Q9M7Q2	At2g41100	At3g19290	positive	MI:0407	0.44	1	MI:0089
P25071	Q9M9C3	At2g41100	At1g68380/T2E12_7	positive	MI:0407	0.44	1	MI:0089
P25071	Q9S7H5	At2g41100	At2g04890	positive	MI:0407	0.44	1	MI:0089
P25071	Q9SJX8	At2g41100	At2g31180	positive	MI:0407	0.44	1	MI:0089
P25071	Q9SKN2	At2g41100	At2g28380	positive	MI:0407	0.44	1	MI:0089
P25071	Q9SSF8	At2g41100	At1g74740	positive	MI:0407	0.44	1	MI:0089
P25071	Q9SUP6	At2g41100	At4g23810	positive	MI:0407	0.44	1	MI:0089
P25071	Q9SYP2	At2g41100	At1g20950	positive	MI:0407	0.44	1	MI:0089
P25071	Q9SYS3	At2g41100	At4g04570	positive	MI:0407	0.44	1	MI:0089
P25071	Q9SZ03	At2g41100	At4g34380/F10M10_150	positive	MI:0407	0.44	1	MI:0089
P25071	Q9XID3	At2g41100	At1g34300	positive	MI:0407	0.44	1	MI:0089
P25071	Q9ZPE4	At2g41100	At4g08980	positive	MI:0407	0.44	1	MI:0089
P25071	Q9ZUI9	At2g41100	At1g60040	positive	MI:0407	0.44	1	MI:0089
P25071	Q9ZVM9	At2g41100	At1g54610	positive	MI:0407	0.44	1	MI:0089
P25697	Q9LZP9	At1g32060	At3g62410	positive	MI:0407	0.44	1	MI:0065
P25856	Q9LZP9	At3g26650	At3g62410	positive	MI:0407	0.62	4	MI:0065;MI:0067;MI:0071
P27202	Q8VZW1	At1g79040	At4g19030	positive	MI:0407	0.53	2	MI:0096;MI:0397
P27323	Q9LDC0	At5g52640	At3g21640	positive	MI:0407	0.44	1	MI:0065
P27450	P30187	At4g35600	At2g41090	positive	MI:0407	0.44	1	MI:0089
P27450	P59220	At4g35600	At3g43810	positive	MI:0407	0.44	1	MI:0089
P27450	Q03509	At4g35600	At5g21274	positive	MI:0407	0.44	1	MI:0089
P27450	Q9S744	At4g35600	At3g51920	positive	MI:0407	0.44	1	MI:0089
P30187	P43294	At2g41090	At4g13020	positive	MI:0407	0.44	1	MI:0089
P30187	P55737	At2g41090	At5g56030	positive	MI:0407	0.44	1	MI:0089
P30187	P83755	At2g41090	AtCg00020	positive	MI:0407	0.44	1	MI:0089
P30187	P92525	At2g41090	AtMg00870	positive	MI:0407	0.44	1	MI:0089
P30187	P93050	At2g41090	At2g48010	positive	MI:0407	0.44	1	MI:0089
P30187	Q29Q72	At2g41090		positive	MI:0407	0.44	1	MI:0089
P30187	Q2V359	At2g41090	At5g20810	positive	MI:0407	0.44	1	MI:0089
P30187	Q38847	At2g41090	At5g13790	positive	MI:0407	0.44	1	MI:0089
P30187	Q39010	At2g41090	At2g30980	positive	MI:0407	0.44	1	MI:0089
P30187	Q39050	At2g41090	At4g14340	positive	MI:0407	0.44	1	MI:0089
P30187	Q39162	At2g41090	At5g10030	positive	MI:0407	0.44	1	MI:0089
P30187	Q39254	At2g41090	At3g13320	positive	MI:0407	0.44	1	MI:0089
P30187	Q42479	At2g41090	At4g23650	positive	MI:0407	0.44	1	MI:0089
P30187	Q4PSE3	At2g41090	At5g27050	positive	MI:0407	0.44	1	MI:0089
P30187	Q4PSU4	At2g41090	At2g24840	positive	MI:0407	0.44	1	MI:0089
P30187	Q5XXJ3	At2g41090	At3g58780	positive	MI:0407	0.44	1	MI:0089
P30187	Q70E96	At2g41090	At4g36250	positive	MI:0407	0.44	1	MI:0089
P30187	Q7X9H6	At2g41090	At3g30260	positive	MI:0407	0.44	1	MI:0089
P30187	Q7X9N2	At2g41090	At5g27070	positive	MI:0407	0.44	1	MI:0089
P30187	Q84WC8	At2g41090		positive	MI:0407	0.44	1	MI:0089
P30187	Q84WW1	At2g41090	At3g12350	positive	MI:0407	0.44	1	MI:0089
P30187	Q8GY11	At2g41090	At2g46130	positive	MI:0407	0.44	1	MI:0089
P30187	Q8GY88	At2g41090	At4g39540	positive	MI:0407	0.44	1	MI:0089
P30187	Q8GYF5	At2g41090	At5g66790	positive	MI:0407	0.44	1	MI:0089
P30187	Q8GZ99	At2g41090	At5g49760	positive	MI:0407	0.44	1	MI:0089
P30187	Q8H1D6	At2g41090	At5g10520	positive	MI:0407	0.44	1	MI:0089
P30187	Q8LAW2	At2g41090	At2g24540	positive	MI:0407	0.44	1	MI:0089
P30187	Q8VZK4	At2g41090	At4g16410	positive	MI:0407	0.44	1	MI:0089
P30187	Q8W490	At2g41090	At1g12680	positive	MI:0407	0.44	1	MI:0089
P30187	Q93XM6	At2g41090	At1g08320	positive	MI:0407	0.44	1	MI:0089
P30187	Q93Z27	At2g41090	At5g39670	positive	MI:0407	0.44	1	MI:0089
P30187	Q93Z30	At2g41090	At4g18950	positive	MI:0407	0.44	1	MI:0089
P30187	Q9C5C0	At2g41090	At1g53510	positive	MI:0407	0.44	1	MI:0089
P30187	Q9C9Q4	At2g41090	At1g75100	positive	MI:0407	0.44	1	MI:0089
P30187	Q9FGX2	At2g41090	At5g49450	positive	MI:0407	0.44	1	MI:0089
P30187	Q9FGZ5	At2g41090	At5g49490	positive	MI:0407	0.44	1	MI:0089
P30187	Q9FHQ3	At2g41090	At5g37670	positive	MI:0407	0.44	1	MI:0089
P30187	Q9FIK0	At2g41090	At5g47810	positive	MI:0407	0.44	1	MI:0089
P30187	Q9FIW6	At2g41090	At5g39810	positive	MI:0407	0.44	1	MI:0089
P30187	Q9FJK3	At2g41090	At5g48670	positive	MI:0407	0.44	1	MI:0089
P30187	Q9FL03	At2g41090	At5g66770	positive	MI:0407	0.44	1	MI:0089
P30187	Q9FL19	At2g41090	At5g40120	positive	MI:0407	0.44	1	MI:0089
P30187	Q9FLL0	At2g41090	At5g41200	positive	MI:0407	0.44	1	MI:0089
P30187	Q9FLV4	At2g41090	At5g24080	positive	MI:0407	0.44	1	MI:0089
P30187	Q9FMC2	At2g41090	At5g38800	positive	MI:0407	0.44	1	MI:0089
P30187	Q9FME9	At2g41090	At5g64400	positive	MI:0407	0.44	1	MI:0089
P30187	Q9FUD3	At2g41090	At5g24800	positive	MI:0407	0.44	1	MI:0089
P30187	Q9LDI3	At2g41090	At5g35410	positive	MI:0407	0.44	1	MI:0089
P30187	Q9LFU3	At2g41090	At5g15830/F14F8_210	positive	MI:0407	0.44	1	MI:0089
P30187	Q9LHI7	At2g41090	At3g12200	positive	MI:0407	0.44	1	MI:0089
P30187	Q9LJL9	At2g41090	At3g19100	positive	MI:0407	0.44	1	MI:0089
P30187	Q9LJY7	At2g41090	At3g20110	positive	MI:0407	0.44	1	MI:0089
P30187	Q9LQ65	At2g41090	At1g59530	positive	MI:0407	0.44	1	MI:0089
P30187	Q9LSI9	At2g41090	At3g28450	positive	MI:0407	0.44	1	MI:0089
P30187	Q9LV04	At2g41090	At5g53450	positive	MI:0407	0.44	1	MI:0089
P30187	Q9LW45	At2g41090	At3g30530	positive	MI:0407	0.44	1	MI:0089
P30187	Q9LW66	At2g41090	At3g23310	positive	MI:0407	0.44	1	MI:0089
P30187	Q9LX56	At2g41090	At3g59150	positive	MI:0407	0.44	1	MI:0089
P30187	Q9LYL6	At2g41090	At3g56270	positive	MI:0407	0.44	1	MI:0089
P30187	Q9LZP8	At2g41090	At3g62420	positive	MI:0407	0.44	1	MI:0089
P30187	Q9LZV7	At2g41090	At5g01890	positive	MI:0407	0.44	1	MI:0089
P30187	Q9M2K4	At2g41090	At3g58120	positive	MI:0407	0.44	1	MI:0089
P30187	Q9M7Q2	At2g41090	At3g19290	positive	MI:0407	0.44	1	MI:0089
P30187	Q9M8T0	At2g41090	At3g02880	positive	MI:0407	0.44	1	MI:0089
P30187	Q9M9C3	At2g41090	At1g68380/T2E12_7	positive	MI:0407	0.44	1	MI:0089
P30187	Q9M9C5	At2g41090	At1g68400	positive	MI:0407	0.44	1	MI:0089
P30187	Q9SGN7	At2g41090	At1g28390	positive	MI:0407	0.44	1	MI:0089
P30187	Q9SJX8	At2g41090	At2g31180	positive	MI:0407	0.44	1	MI:0089
P30187	Q9SKN2	At2g41090	At2g28380	positive	MI:0407	0.44	1	MI:0089
P30187	Q9SL70	At2g41090	At2g20110	positive	MI:0407	0.44	1	MI:0089
P30187	Q9SLP1	At2g41090	At3g61880	positive	MI:0407	0.44	1	MI:0089
P30187	Q9SND6	At2g41090	At3g50310	positive	MI:0407	0.44	1	MI:0089
P30187	Q9SSC7	At2g41090	At1g80120	positive	MI:0407	0.44	1	MI:0089
P30187	Q9SSF8	At2g41090	At1g74740	positive	MI:0407	0.44	1	MI:0089
P30187	Q9SUP6	At2g41090	At4g23810	positive	MI:0407	0.44	1	MI:0089
P30187	Q9SYS3	At2g41090	At4g04570	positive	MI:0407	0.44	1	MI:0089
P30187	Q9SZ03	At2g41090	At4g34380/F10M10_150	positive	MI:0407	0.44	1	MI:0089
P30187	Q9SZJ6	At2g41090	At4g37940	positive	MI:0407	0.44	1	MI:0089
P30187	Q9T074	At2g41090	At4g37870	positive	MI:0407	0.44	1	MI:0089
P30187	Q9ZPE4	At2g41090	At4g08980	positive	MI:0407	0.44	1	MI:0089
P30187	Q9ZUI9	At2g41090	At1g60040	positive	MI:0407	0.44	1	MI:0089
P30187	Q9ZVM9	At2g41090	At1g54610	positive	MI:0407	0.44	1	MI:0089
P30302	Q08733	At2g37180	At1g01620	positive	MI:0407	0.53	2	MI:0096;MI:0397
P30302	Q9ZVX8	At2g37180	At2g16850	positive	MI:0407	0.65	4	MI:0096;MI:0397;MI:0809
P34047	P34047	At3g22425	At3g22425	positive	MI:0407	0.44	1	MI:0114
P34791	Q42588	At3g62030	At1g55920	positive	MI:0407	0.53	3	MI:0018;MI:0096
P35631	Q8W234	At1g69120	At1g43850	positive	MI:0407	0.53	2	MI:0018;MI:0096
P35631	Q9FUY2	At1g69120	At4g32551	positive	MI:0407	0.44	1	MI:0096
P40228	P92973	At5g47080	At2g46830	positive	MI:0407	0.6	3	MI:0018;MI:0096;MI:0424
P42697	Q5W7F2	At5g42080	At5g13300	positive	MI:0407	0.56	4	MI:0018;MI:0096;MI:0663
P42697	Q9C5U2	At5g42080	At5g35750	positive	MI:0407	0.53	3	MI:0018;MI:0096
P42752	Q9LZ78	At2g22490	At5g04470	positive	MI:0407	0.44	1	MI:0055
P42752	Q9SGE2	At2g22490	At1g08180	positive	MI:0407	0.44	1	MI:0055
P43254	P43254	At2g32950	At2g32950	positive	MI:0407	0.78	7	MI:0006;MI:0007;MI:0012;MI:0018;MI:0030;MI:0071
P43254	P93025	At2g32950	At5g58140	positive	MI:0407	0.53	2	MI:0007;MI:0809
P43254	Q39057	At2g32950	At5g15840	positive	MI:0407	0.73	8	MI:0007;MI:0018;MI:0055;MI:0096;MI:0416
P43254	Q43125	At2g32950	At4g08920	positive	MI:0407	0.68	4	MI:0007;MI:0018;MI:0663
P43254	Q8W4J9	At2g32950	At5g43470	positive	MI:0407	0.53	2	MI:0007;MI:0809
P43254	Q94BM7	At2g32950	At1g53090	positive	MI:0407	0.78	14	MI:0006;MI:0007;MI:0018;MI:0096;MI:0397
P43254	Q96524	At2g32950	At1g04400	positive	MI:0407	0.65	3	MI:0006;MI:0018;MI:0809
P43254	Q9SK53	At2g32950	At2g24790	positive	MI:0407	0.53	3	MI:0018;MI:0055
P43273	P93002	At5g06950	At1g64280	positive	MI:0407	0.94	12	MI:0004;MI:0007;MI:0018;MI:0096;MI:0397;MI:1112;MI:1356
P43291	Q39090	At1g10940	At1g30950	positive	MI:0407	0.53	3	MI:0018;MI:0096
P43294	P59220	At4g13020	At3g43810	positive	MI:0407	0.44	1	MI:0089
P43294	Q03509	At4g13020	At5g21274	positive	MI:0407	0.44	1	MI:0089
P43294	Q9S744	At4g13020	At3g51920	positive	MI:0407	0.44	1	MI:0089
P43298	P46014	At1g66150	At5g19280	positive	MI:0407	0.44	1	MI:0049
P46014	P47735	At5g19280	At4g28490	positive	MI:0407	0.44	1	MI:0047
P46014	Q8GYA4	At5g19280	At4g23180	positive	MI:0407	0.44	1	MI:0049
P46014	Q9C5S9	At5g19280	At4g23140	positive	MI:0407	0.44	2	MI:0049
P46014	Q9SYQ8	At5g19280	At1g75820	positive	MI:0407	0.81	6	MI:0047;MI:0049;MI:0107;MI:0411;MI:0424;MI:0434
P46639	Q9LZM8	At4g08150	At5g02030	positive	MI:0407	0.85	9	MI:0018;MI:0047;MI:0416;MI:1356;MI:2277
P47998	Q9MAX3	At4g14880	At1g78000	positive	MI:0407	0.63	5	MI:0018;MI:0096;MI:0809
P48349	Q94AG2	At5g10450	At1g71830	positive	MI:0407	0.65	6	MI:0018;MI:0055;MI:0096;MI:0424;MI:0663
P48349	Q9FK25	At5g10450	At5g54160	positive	MI:0407	0.44	1	MI:0047
P48641	P48641	At3g24170	At3g24170	positive	MI:0407	0.44	1	MI:0071
P48731	Q38874	At4g32980	At1g62360	positive	MI:0407	0.84	9	MI:0007;MI:0018;MI:0096;MI:0809;MI:1356;MI:2277
P49177	Q93V47	At4g34460	At3g22942	positive	MI:0407	0.53	2	MI:0018;MI:0096
P49177	Q9FDX9	At4g34460	At3g63420	positive	MI:0407	0.82	8	MI:0018;MI:0055;MI:0096;MI:0112;MI:0663
P49333	Q05609	At1g66340	At5g03730	positive	MI:0407	0.76	6	MI:0018;MI:0096
P49333	Q9S814	At1g66340	At5g03280	positive	MI:0407	0.56	2	MI:0017;MI:0055
P49597	Q39192	At4g26080	At3g50500	positive	MI:0407	0.81	7	MI:0004;MI:0007;MI:0018;MI:0809
P49597	Q39193	At4g26080	At5g66880	positive	MI:0407	0.8	8	MI:0004;MI:0007;MI:0018;MI:0809
P49597	Q8S8E3	At4g26080	At2g40330	positive	MI:0407	0.82	9	MI:0004;MI:0397;MI:0905;MI:1112;MI:1356
P49597	Q8VZS8	At4g26080	At5g46790	positive	MI:0407	0.94	13	MI:0004;MI:0071;MI:0096;MI:0114;MI:0397;MI:0905;MI:1112;MI:1356
P49597	Q93ZY2	At4g26080	At4g38430	positive	MI:0407	0.63	4	MI:0007;MI:0018;MI:0096;MI:0809
P49597	Q940H6	At4g26080	At4g33950	positive	MI:0407	0.94	15	MI:0007;MI:0018;MI:0434;MI:0809
P49597	Q9FLB1	At4g26080	At5g05440	positive	MI:0407	0.86	12	MI:0004;MI:0397;MI:0905;MI:1112;MI:1356
P49597	Q9M101	At4g26080	At4g04740	positive	MI:0407	0.41	1	MI:0809
P49597	Q9M9E9	At4g26080	At1g78290	positive	MI:0407	0.41	1	MI:0018
P49597	Q9SSM7	At4g26080	At1g73000	positive	MI:0407	0.77	5	MI:0397;MI:0905;MI:1112;MI:1356
P49597	Q9ZSA2	At4g26080	At4g04720	positive	MI:0407	0.41	1	MI:0809
P49598	Q39192	At3g11410	At3g50500	positive	MI:0407	0.41	1	MI:0018
P49598	Q39193	At3g11410	At5g66880	positive	MI:0407	0.41	1	MI:0018
P49598	Q940H6	At3g11410	At4g33950	positive	MI:0407	0.54	2	MI:0018;MI:0434
P49598	Q9LD83	At3g11410	At1g12480	positive	MI:0407	0.41	1	MI:0809
P49677	P49677	At4g14560	At4g14560	positive	MI:0407	0.87	10	MI:0018;MI:0096;MI:0397;MI:1112;MI:1356
P51567	Q9SEU4	At4g24740	At1g55310	positive	MI:0407	0.56	2	MI:0096;MI:0424
P54609	P54609	At3g09840	At3g09840	positive	MI:0407	0.74	5	MI:0018;MI:0055;MI:0807
P54609	Q94AG2	At3g09840	At1g71830	positive	MI:0407	0.87	12	MI:0006;MI:0007;MI:0018;MI:0055;MI:0096;MI:0423;MI:0424;MI:0663
P55034	Q84L30	At4g38630	At5g38470	positive	MI:0407	0.44	1	MI:0096
P55034	Q84L31	At4g38630	At3g02540	positive	MI:0407	0.44	1	MI:0096
P55034	Q84L32	At4g38630	At1g16190	positive	MI:0407	0.44	1	MI:0096
P55034	Q84L33	At4g38630	At1g79650	positive	MI:0407	0.44	1	MI:0096
P55034	Q9SII8	At4g38630	At2g17200	positive	MI:0407	0.44	2	MI:0096
P55737	P55737	At5g56030	At5g56030	positive	MI:0407	0.44	1	MI:0030
P55737	P59220	At5g56030	At3g43810	positive	MI:0407	0.54	2	MI:0007;MI:0089
P55737	Q03509	At5g56030	At5g21274	positive	MI:0407	0.54	2	MI:0007;MI:0089
P55737	Q9S744	At5g56030	At3g51920	positive	MI:0407	0.54	2	MI:0007;MI:0089
P55852	Q9SJN0	At4g26840	At2g36270	positive	MI:0407	0.54	2	MI:0007;MI:0808
P59220	P83755	At3g43810	AtCg00020	positive	MI:0407	0.54	2	MI:0007;MI:0089
P59220	P92525	At3g43810	AtMg00870	positive	MI:0407	0.44	1	MI:0089
P59220	P93050	At3g43810	At2g48010	positive	MI:0407	0.44	1	MI:0089
P59220	Q29Q72	At3g43810		positive	MI:0407	0.44	1	MI:0089
P59220	Q2V359	At3g43810	At5g20810	positive	MI:0407	0.54	2	MI:0007;MI:0089
P59220	Q38847	At3g43810	At5g13790	positive	MI:0407	0.44	1	MI:0089
P59220	Q39010	At3g43810	At2g30980	positive	MI:0407	0.44	1	MI:0089
P59220	Q39050	At3g43810	At4g14340	positive	MI:0407	0.44	1	MI:0089
P59220	Q39254	At3g43810	At3g13320	positive	MI:0407	0.44	1	MI:0089
P59220	Q42479	At3g43810	At4g23650	positive	MI:0407	0.54	2	MI:0007;MI:0089
P59220	Q4PSE3	At3g43810	At5g27050	positive	MI:0407	0.44	1	MI:0089
P59220	Q4PSU4	At3g43810	At2g24840	positive	MI:0407	0.44	1	MI:0089
P59220	Q5XXJ3	At3g43810	At3g58780	positive	MI:0407	0.44	1	MI:0089
P59220	Q6R0E4	At3g43810	At1g06910	positive	MI:0407	0.44	1	MI:0089
P59220	Q70E96	At3g43810	At4g36250	positive	MI:0407	0.44	1	MI:0089
P59220	Q7X9H6	At3g43810	At3g30260	positive	MI:0407	0.44	1	MI:0089
P59220	Q7X9H9	At3g43810	At5g26950	positive	MI:0407	0.44	1	MI:0089
P59220	Q7X9N2	At3g43810	At5g27070	positive	MI:0407	0.44	1	MI:0089
P59220	Q84JC2	At3g43810	At4g18650	positive	MI:0407	0.44	1	MI:0089
P59220	Q84WC8	At3g43810		positive	MI:0407	0.44	1	MI:0089
P59220	Q84WW1	At3g43810	At3g12350	positive	MI:0407	0.44	1	MI:0089
P59220	Q8GY11	At3g43810	At2g46130	positive	MI:0407	0.44	1	MI:0089
P59220	Q8GY88	At3g43810	At4g39540	positive	MI:0407	0.44	1	MI:0089
P59220	Q8GYF5	At3g43810	At5g66790	positive	MI:0407	0.44	1	MI:0089
P59220	Q8GYP4	At3g43810	At4g18630/F28A21_40	positive	MI:0407	0.44	1	MI:0089
P59220	Q8GZ99	At3g43810	At5g49760	positive	MI:0407	0.44	1	MI:0089
P59220	Q8H1D6	At3g43810	At5g10520	positive	MI:0407	0.44	1	MI:0089
P59220	Q8LAW2	At3g43810	At2g24540	positive	MI:0407	0.44	1	MI:0089
P59220	Q8VZK4	At3g43810	At4g16410	positive	MI:0407	0.44	1	MI:0089
P59220	Q8W490	At3g43810	At1g12680	positive	MI:0407	0.44	1	MI:0089
P59220	Q93XM6	At3g43810	At1g08320	positive	MI:0407	0.44	1	MI:0089
P59220	Q93Z27	At3g43810	At5g39670	positive	MI:0407	0.44	1	MI:0089
P59220	Q93Z30	At3g43810	At4g18950	positive	MI:0407	0.44	1	MI:0089
P59220	Q944J2	At3g43810	At4g28706	positive	MI:0407	0.44	1	MI:0089
P59220	Q9C5C0	At3g43810	At1g53510	positive	MI:0407	0.44	1	MI:0089
P59220	Q9FG14	At3g43810	At5g06560	positive	MI:0407	0.44	1	MI:0089
P59220	Q9FG20	At3g43810	At5g06500	positive	MI:0407	0.44	1	MI:0089
P59220	Q9FGZ5	At3g43810	At5g49490	positive	MI:0407	0.44	1	MI:0089
P59220	Q9FHZ1	At3g43810	At5g41920	positive	MI:0407	0.44	1	MI:0089
P59220	Q9FIK0	At3g43810	At5g47810	positive	MI:0407	0.44	1	MI:0089
P59220	Q9FIW6	At3g43810	At5g39810	positive	MI:0407	0.44	1	MI:0089
P59220	Q9FJK3	At3g43810	At5g48670	positive	MI:0407	0.44	1	MI:0089
P59220	Q9FL03	At3g43810	At5g66770	positive	MI:0407	0.44	1	MI:0089
P59220	Q9FL19	At3g43810	At5g40120	positive	MI:0407	0.44	1	MI:0089
P59220	Q9FLL0	At3g43810	At5g41200	positive	MI:0407	0.44	1	MI:0089
P59220	Q9FLV4	At3g43810	At5g24080	positive	MI:0407	0.44	1	MI:0089
P59220	Q9FMC2	At3g43810	At5g38800	positive	MI:0407	0.44	1	MI:0089
P59220	Q9FME9	At3g43810	At5g64400	positive	MI:0407	0.44	1	MI:0089
P59220	Q9FUD3	At3g43810	At5g24800	positive	MI:0407	0.44	1	MI:0089
P59220	Q9LD45	At3g43810	At5g47120	positive	MI:0407	0.54	2	MI:0047;MI:0809
P59220	Q9LDI3	At3g43810	At5g35410	positive	MI:0407	0.54	2	MI:0007;MI:0089
P59220	Q9LFU3	At3g43810	At5g15830/F14F8_210	positive	MI:0407	0.44	1	MI:0089
P59220	Q9LHI7	At3g43810	At3g12200	positive	MI:0407	0.44	1	MI:0089
P59220	Q9LJL9	At3g43810	At3g19100	positive	MI:0407	0.44	1	MI:0089
P59220	Q9LJY7	At3g43810	At3g20110	positive	MI:0407	0.44	1	MI:0089
P59220	Q9LJZ2	At3g43810	At3g20080	positive	MI:0407	0.44	1	MI:0089
P59220	Q9LKA4	At3g43810	At3g15010	positive	MI:0407	0.44	1	MI:0089
P59220	Q9LNG8	At3g43810	At1g48150	positive	MI:0407	0.44	1	MI:0089
P59220	Q9LQ65	At3g43810	At1g59530	positive	MI:0407	0.44	1	MI:0089
P59220	Q9LSI9	At3g43810	At3g28450	positive	MI:0407	0.44	1	MI:0089
P59220	Q9LTM4	At3g43810	At3g26170	positive	MI:0407	0.59	2	MI:0089;MI:0809
P59220	Q9LUI6	At3g43810	At3g22750	positive	MI:0407	0.44	1	MI:0089
P59220	Q9LV04	At3g43810	At5g53450	positive	MI:0407	0.44	1	MI:0089
P59220	Q9LW45	At3g43810	At3g30530	positive	MI:0407	0.44	1	MI:0089
P59220	Q9LW66	At3g43810	At3g23310	positive	MI:0407	0.44	1	MI:0089
P59220	Q9LX56	At3g43810	At3g59150	positive	MI:0407	0.44	1	MI:0089
P59220	Q9LYL6	At3g43810	At3g56270	positive	MI:0407	0.44	1	MI:0089
P59220	Q9LZP8	At3g43810	At3g62420	positive	MI:0407	0.44	1	MI:0089
P59220	Q9LZV7	At3g43810	At5g01890	positive	MI:0407	0.44	1	MI:0089
P59220	Q9M2K4	At3g43810	At3g58120	positive	MI:0407	0.44	1	MI:0089
P59220	Q9M7Q2	At3g43810	At3g19290	positive	MI:0407	0.44	1	MI:0089
P59220	Q9M844	At3g43810	At3g04430	positive	MI:0407	0.44	1	MI:0089
P59220	Q9M8T0	At3g43810	At3g02880	positive	MI:0407	0.59	2	MI:0089;MI:0809
P59220	Q9M8W6	At3g43810	At3g04100	positive	MI:0407	0.44	1	MI:0089
P59220	Q9M9C3	At3g43810	At1g68380/T2E12_7	positive	MI:0407	0.44	1	MI:0089
P59220	Q9M9C5	At3g43810	At1g68400	positive	MI:0407	0.44	1	MI:0089
P59220	Q9MAB4	At3g43810	At3g05050	positive	MI:0407	0.44	1	MI:0089
P59220	Q9S7H5	At3g43810	At2g04890	positive	MI:0407	0.44	1	MI:0089
P59220	Q9SGN7	At3g43810	At1g28390	positive	MI:0407	0.44	1	MI:0089
P59220	Q9SJX8	At3g43810	At2g31180	positive	MI:0407	0.44	1	MI:0089
P59220	Q9SKN2	At3g43810	At2g28380	positive	MI:0407	0.44	1	MI:0089
P59220	Q9SL70	At3g43810	At2g20110	positive	MI:0407	0.44	1	MI:0089
P59220	Q9SLP1	At3g43810	At3g61880	positive	MI:0407	0.59	2	MI:0089;MI:0809
P59220	Q9SND6	At3g43810	At3g50310	positive	MI:0407	0.44	1	MI:0089
P59220	Q9SSC7	At3g43810	At1g80120	positive	MI:0407	0.44	1	MI:0089
P59220	Q9SSF8	At3g43810	At1g74740	positive	MI:0407	0.54	2	MI:0007;MI:0089
P59220	Q9SUP6	At3g43810	At4g23810	positive	MI:0407	0.44	1	MI:0089
P59220	Q9SYS3	At3g43810	At4g04570	positive	MI:0407	0.44	1	MI:0089
P59220	Q9SZ03	At3g43810	At4g34380/F10M10_150	positive	MI:0407	0.44	1	MI:0089
P59220	Q9SZJ6	At3g43810	At4g37940	positive	MI:0407	0.44	1	MI:0089
P59220	Q9T074	At3g43810	At4g37870	positive	MI:0407	0.44	1	MI:0089
P59220	Q9ZPE4	At3g43810	At4g08980	positive	MI:0407	0.44	1	MI:0089
P59220	Q9ZUI9	At3g43810	At1g60040	positive	MI:0407	0.44	1	MI:0089
P59220	Q9ZVM9	At3g43810	At1g54610	positive	MI:0407	0.54	2	MI:0007;MI:0089
P82280	Q9SQI2	At1g68840	At1g22770	positive	MI:0407	0.53	2	MI:0007;MI:0018
P82805	Q9LHE5	At5g40930	At3g20000	positive	MI:0407	0.53	2	MI:0006;MI:0018
P82874	Q94F58	At3g27080	At5g22290	positive	MI:0407	0.53	2	MI:0096;MI:0397
P83755	Q03509	AtCg00020	At5g21274	positive	MI:0407	0.44	1	MI:0089
P83755	Q9S744	AtCg00020	At3g51920	positive	MI:0407	0.54	2	MI:0007;MI:0089
P92525	Q03509	AtMg00870	At5g21274	positive	MI:0407	0.44	1	MI:0089
P92525	Q9S744	AtMg00870	At3g51920	positive	MI:0407	0.44	1	MI:0089
P92958	Q42384	At3g29160	At4g15900	positive	MI:0407	0.53	2	MI:0018;MI:0096
P92958	Q9LVG2	At3g29160	At5g60120	positive	MI:0407	0.53	2	MI:0096;MI:0397
P92973	Q08467	At2g46830	At5g67380	positive	MI:0407	0.68	4	MI:0096;MI:0424
P92978	Q93ZY2	At3g51300	At4g38430	positive	MI:0407	0.44	1	MI:0096
P92978	Q9LR44	At3g51300	At1g05560	positive	MI:0407	0.44	1	MI:0096
P93002	Q5ICL9	At1g64280	At4g19660	positive	MI:0407	0.54	3	MI:0018;MI:0096
P93002	Q8L746	At1g64280	At5g45110	positive	MI:0407	0.54	2	MI:0018;MI:0096
P93002	Q9LUA3	At1g64280	At3g25882	positive	MI:0407	0.71	5	MI:0096;MI:0397;MI:1112;MI:1356
P93002	Q9SZI3	At1g64280	At4g26120	positive	MI:0407	0.41	2	MI:0018
P93004	Q8VZ95	At4g35100	At3g60600	positive	MI:0407	0.53	3	MI:0096;MI:0397
P93022	Q9SN12	At5g20730	At3g50060	positive	MI:0407	0.53	3	MI:0096;MI:0809
P93024	P93024	At1g19850	At1g19850	positive	MI:0407	0.79	5	MI:0018;MI:0055;MI:0114;MI:0809;MI:1204
P93025	P93025	At5g58140	At5g58140	positive	MI:0407	0.44	2	MI:0030
P93050	Q03509	At2g48010	At5g21274	positive	MI:0407	0.44	1	MI:0089
P93050	Q9S744	At2g48010	At3g51920	positive	MI:0407	0.44	1	MI:0089
P93831	Q9LT47	At2g23380	At3g20740	positive	MI:0407	0.73	4	MI:0018;MI:0096
P93831	Q9SHY1	At2g23380	At1g65740	positive	MI:0407	0.51	2	MI:0018;MI:0809
P93836	P93836	At1g06570	At1g06570	positive	MI:0407	0.62	2	MI:0114
P94077	Q8W245	At4g20380	At1g31260	positive	MI:0407	0.59	3	MI:0018;MI:0051;MI:0413
P94102	Q39009	At5g20850	At3g22880	positive	MI:0407	0.59	4	MI:0007;MI:0018
P94102	Q7Y1C4	At5g20850	At5g01630	positive	MI:0407	0.65	5	MI:0007;MI:0018
P94102	Q7Y1C5	At5g20850	At4g00020/At4g00010	positive	MI:0407	0.74	5	MI:0007;MI:0018;MI:0096
P94102	Q9XIR8	At5g20850	At1g64750	positive	MI:0407	0.44	1	MI:0007
Q00958	Q39090	At5g61850	At1g30950	positive	MI:0407	0.65	6	MI:0007;MI:0018;MI:0096;MI:0402
Q00958	Q6EVK6	At5g61850	At2g46020	positive	MI:0407	0.58	3	MI:0018;MI:0096;MI:0809
Q03509	Q29Q72	At5g21274		positive	MI:0407	0.44	1	MI:0089
Q03509	Q2V359	At5g21274	At5g20810	positive	MI:0407	0.54	2	MI:0007;MI:0089
Q03509	Q39010	At5g21274	At2g30980	positive	MI:0407	0.44	1	MI:0089
Q03509	Q39050	At5g21274	At4g14340	positive	MI:0407	0.44	1	MI:0089
Q03509	Q42479	At5g21274	At4g23650	positive	MI:0407	0.54	2	MI:0007;MI:0089
Q03509	Q4PSE3	At5g21274	At5g27050	positive	MI:0407	0.44	1	MI:0089
Q03509	Q4PSU4	At5g21274	At2g24840	positive	MI:0407	0.44	1	MI:0089
Q03509	Q5XXJ3	At5g21274	At3g58780	positive	MI:0407	0.44	1	MI:0089
Q03509	Q70E96	At5g21274	At4g36250	positive	MI:0407	0.44	1	MI:0089
Q03509	Q7X9H6	At5g21274	At3g30260	positive	MI:0407	0.44	1	MI:0089
Q03509	Q7X9N2	At5g21274	At5g27070	positive	MI:0407	0.44	1	MI:0089
Q03509	Q84JC2	At5g21274	At4g18650	positive	MI:0407	0.44	1	MI:0089
Q03509	Q84WC8	At5g21274		positive	MI:0407	0.44	1	MI:0089
Q03509	Q8GWV6	At5g21274	At5g20810/T1M15_210	positive	MI:0407	0.44	1	MI:0096
Q03509	Q8GY11	At5g21274	At2g46130	positive	MI:0407	0.44	1	MI:0089
Q03509	Q8GY88	At5g21274	At4g39540	positive	MI:0407	0.44	1	MI:0089
Q03509	Q8GYF5	At5g21274	At5g66790	positive	MI:0407	0.44	1	MI:0089
Q03509	Q8GYP4	At5g21274	At4g18630/F28A21_40	positive	MI:0407	0.44	1	MI:0089
Q03509	Q8GZ99	At5g21274	At5g49760	positive	MI:0407	0.44	1	MI:0089
Q03509	Q8H1D6	At5g21274	At5g10520	positive	MI:0407	0.44	1	MI:0089
Q03509	Q8W490	At5g21274	At1g12680	positive	MI:0407	0.44	1	MI:0089
Q03509	Q93XM6	At5g21274	At1g08320	positive	MI:0407	0.44	1	MI:0089
Q03509	Q93Z27	At5g21274	At5g39670	positive	MI:0407	0.44	1	MI:0089
Q03509	Q93Z30	At5g21274	At4g18950	positive	MI:0407	0.44	1	MI:0089
Q03509	Q94AA4	At5g21274	At4g26270	positive	MI:0407	0.44	1	MI:0089
Q03509	Q9C5C0	At5g21274	At1g53510	positive	MI:0407	0.44	1	MI:0089
Q03509	Q9CAG5	At5g21274	At1g67530	positive	MI:0407	0.44	1	MI:0089
Q03509	Q9FGX2	At5g21274	At5g49450	positive	MI:0407	0.44	1	MI:0089
Q03509	Q9FGZ5	At5g21274	At5g49490	positive	MI:0407	0.44	1	MI:0089
Q03509	Q9FHN8	At5g21274	At5g65930	positive	MI:0407	0.56	2	MI:0049;MI:0401
Q03509	Q9FIK0	At5g21274	At5g47810	positive	MI:0407	0.44	1	MI:0089
Q03509	Q9FIW6	At5g21274	At5g39810	positive	MI:0407	0.44	1	MI:0089
Q03509	Q9FJK3	At5g21274	At5g48670	positive	MI:0407	0.44	1	MI:0089
Q03509	Q9FL03	At5g21274	At5g66770	positive	MI:0407	0.44	1	MI:0089
Q03509	Q9FL19	At5g21274	At5g40120	positive	MI:0407	0.44	1	MI:0089
Q03509	Q9FLL0	At5g21274	At5g41200	positive	MI:0407	0.44	1	MI:0089
Q03509	Q9FLV4	At5g21274	At5g24080	positive	MI:0407	0.44	1	MI:0089
Q03509	Q9FMC2	At5g21274	At5g38800	positive	MI:0407	0.44	1	MI:0089
Q03509	Q9FUD3	At5g21274	At5g24800	positive	MI:0407	0.44	1	MI:0089
Q03509	Q9LDI3	At5g21274	At5g35410	positive	MI:0407	0.44	1	MI:0089
Q03509	Q9LFU3	At5g21274	At5g15830/F14F8_210	positive	MI:0407	0.44	1	MI:0089
Q03509	Q9LHI7	At5g21274	At3g12200	positive	MI:0407	0.44	1	MI:0089
Q03509	Q9LJL9	At5g21274	At3g19100	positive	MI:0407	0.44	1	MI:0089
Q03509	Q9LJY7	At5g21274	At3g20110	positive	MI:0407	0.44	1	MI:0089
Q03509	Q9LQ65	At5g21274	At1g59530	positive	MI:0407	0.44	1	MI:0089
Q03509	Q9LSI9	At5g21274	At3g28450	positive	MI:0407	0.44	1	MI:0089
Q03509	Q9LUI6	At5g21274	At3g22750	positive	MI:0407	0.44	1	MI:0089
Q03509	Q9LV04	At5g21274	At5g53450	positive	MI:0407	0.44	1	MI:0089
Q03509	Q9LW66	At5g21274	At3g23310	positive	MI:0407	0.44	1	MI:0089
Q03509	Q9LX56	At5g21274	At3g59150	positive	MI:0407	0.44	1	MI:0089
Q03509	Q9LYL6	At5g21274	At3g56270	positive	MI:0407	0.44	1	MI:0089
Q03509	Q9LZP8	At5g21274	At3g62420	positive	MI:0407	0.44	1	MI:0089
Q03509	Q9LZV7	At5g21274	At5g01890	positive	MI:0407	0.44	1	MI:0089
Q03509	Q9M2K4	At5g21274	At3g58120	positive	MI:0407	0.44	1	MI:0089
Q03509	Q9M7Q2	At5g21274	At3g19290	positive	MI:0407	0.44	1	MI:0089
Q03509	Q9M8T0	At5g21274	At3g02880	positive	MI:0407	0.44	1	MI:0089
Q03509	Q9M9C3	At5g21274	At1g68380/T2E12_7	positive	MI:0407	0.44	1	MI:0089
Q03509	Q9M9C5	At5g21274	At1g68400	positive	MI:0407	0.44	1	MI:0089
Q03509	Q9S7H5	At5g21274	At2g04890	positive	MI:0407	0.44	1	MI:0089
Q03509	Q9SGN7	At5g21274	At1g28390	positive	MI:0407	0.44	1	MI:0089
Q03509	Q9SJX8	At5g21274	At2g31180	positive	MI:0407	0.44	1	MI:0089
Q03509	Q9SKN2	At5g21274	At2g28380	positive	MI:0407	0.44	1	MI:0089
Q03509	Q9SL70	At5g21274	At2g20110	positive	MI:0407	0.44	1	MI:0089
Q03509	Q9SLP1	At5g21274	At3g61880	positive	MI:0407	0.44	1	MI:0089
Q03509	Q9SND6	At5g21274	At3g50310	positive	MI:0407	0.54	2	MI:0007;MI:0089
Q03509	Q9SSC7	At5g21274	At1g80120	positive	MI:0407	0.44	1	MI:0089
Q03509	Q9SSF8	At5g21274	At1g74740	positive	MI:0407	0.44	1	MI:0089
Q03509	Q9SUP6	At5g21274	At4g23810	positive	MI:0407	0.54	2	MI:0007;MI:0089
Q03509	Q9SYS3	At5g21274	At4g04570	positive	MI:0407	0.44	1	MI:0089
Q03509	Q9SZ03	At5g21274	At4g34380/F10M10_150	positive	MI:0407	0.44	1	MI:0089
Q03509	Q9SZJ6	At5g21274	At4g37940	positive	MI:0407	0.44	1	MI:0089
Q03509	Q9T074	At5g21274	At4g37870	positive	MI:0407	0.44	1	MI:0089
Q03509	Q9ZPE4	At5g21274	At4g08980	positive	MI:0407	0.44	1	MI:0089
Q03509	Q9ZUI9	At5g21274	At1g60040	positive	MI:0407	0.44	1	MI:0089
Q03509	Q9ZVM9	At5g21274	At1g54610	positive	MI:0407	0.44	1	MI:0089
Q08733	Q9SV31	At1g01620	At3g54820	positive	MI:0407	0.65	5	MI:0096;MI:0112;MI:0397
Q0V7X4	Q9M1K0	At2g28160	At3g56980	positive	MI:0407	0.67	5	MI:0018;MI:0809;MI:1356;MI:2277
Q0WLB5	Q0WLB5	At3g08530	At3g08530	positive	MI:0407	0.57	2	MI:0397;MI:0809
Q0WNP7	Q9SCZ4	At2g45890	At3g51550	positive	MI:0407	0.41	1	MI:0018
Q147J7	Q9FZK5		At1g27300/F17L21.9	positive	MI:0407	0.53	2	MI:0096;MI:0397
Q1EBV6	Q8H1E4	At5g21010	At1g78080	positive	MI:0407	0.44	1	MI:0096
Q1EC57	Q8LAZ7		At1g22920	positive	MI:0407	0.44	2	MI:0096
Q1ECJ7	Q5XPJ9	At1g60430	At2g38440	positive	MI:0407	0.68	4	MI:0018;MI:0096;MI:0809
Q1H5F3	Q8GWV6	At3g43810	At5g20810/T1M15_210	positive	MI:0407	0.44	1	MI:0096
Q1KS66	Q9SCZ4	At5g19560	At3g51550	positive	MI:0407	0.41	1	MI:0018
Q27IK7	Q84M91	At3g17360	At3g05330	positive	MI:0407	0.57	2	MI:0018
Q27IK7	Q9LE82	At3g17360	At3g63130	positive	MI:0407	0.53	2	MI:0007;MI:0018
Q29PQ8	Q67XQ1	At1g59940	At1g03430	positive	MI:0407	0.53	3	MI:0018;MI:0096
Q29PQ8	Q9SAZ5	At1g59940	At5g39340	positive	MI:0407	0.53	2	MI:0018;MI:0096
Q29Q72	Q9S744		At3g51920	positive	MI:0407	0.44	1	MI:0089
Q2HIV3	Q67XQ1	At1g10470	At1g03430	positive	MI:0407	0.53	3	MI:0018;MI:0096
Q2HIV3	Q9SAZ5	At1g10470	At5g39340	positive	MI:0407	0.44	1	MI:0096
Q2V359	Q9S744	At5g20810	At3g51920	positive	MI:0407	0.54	2	MI:0007;MI:0089
Q38822	Q570C0	At1g04240	At3g62980	positive	MI:0407	0.71	3	MI:0007;MI:0096
Q38822	Q9LW29	At1g04240	At3g26810	positive	MI:0407	0.44	1	MI:0096
Q38822	Q9ZR12	At1g04240	At4g03190	positive	MI:0407	0.44	1	MI:0096
Q38825	Q39255	At3g23050	At1g75950	positive	MI:0407	0.67	4	MI:0096;MI:0114;MI:0404
Q38825	Q570C0	At3g23050	At3g62980	positive	MI:0407	0.81	8	MI:0006;MI:0096;MI:0114;MI:0404
Q38825	Q9LW29	At3g23050	At3g26810	positive	MI:0407	0.61	2	MI:0096
Q38825	Q9ZR12	At3g23050	At4g03190	positive	MI:0407	0.61	2	MI:0096
Q38847	Q9S744	At5g13790	At3g51920	positive	MI:0407	0.44	1	MI:0089
Q38872	Q9LD83	At2g17290	At1g12480	positive	MI:0407	0.41	1	MI:0809
Q38874	Q9FWS9	At1g62360	At1g75410	positive	MI:0407	0.68	4	MI:0007;MI:0018;MI:0809
Q38874	Q9LZM8	At1g62360	At5g02030	positive	MI:0407	0.87	9	MI:0007;MI:0018;MI:0047;MI:0416;MI:0809
Q38885	Q8LBP4	At2g18710	At2g28800	positive	MI:0407	0.73	8	MI:0006;MI:0030;MI:0040;MI:0071;MI:0112;MI:0276
Q38902	Q8SAB7	At2g17800	At4g16340	positive	MI:0407	0.44	1	MI:0096
Q38906	Q38906	At5g05000	At5g05000	positive	MI:0407	0.56	2	MI:0049;MI:0071
Q38919	Q8SAB7	At1g20090	At4g16340	positive	MI:0407	0.66	3	MI:0018;MI:0096
Q38920	Q9LX33	At5g40280	At3g59380	positive	MI:0407	0.53	4	MI:0007;MI:0809
Q38937	Q8SAB7	At1g75840	At4g16340	positive	MI:0407	0.44	1	MI:0096
Q38997	Q944A6	At3g01090	At1g09020	positive	MI:0407	0.8	17	MI:0004;MI:0007;MI:0018;MI:0030;MI:1314
Q39009	Q7Y1C4	At3g22880	At5g01630	positive	MI:0407	0.68	6	MI:0007;MI:0018
Q39009	Q7Y1C5	At3g22880	At4g00020/At4g00010	positive	MI:0407	0.65	4	MI:0007;MI:0018
Q39010	Q9S744	At2g30980	At3g51920	positive	MI:0407	0.44	1	MI:0089
Q39011	Q9C9A5	At4g18710	At1g71030	positive	MI:0407	0.56	2	MI:0096;MI:0424
Q39011	Q9CAD5	At4g18710	At1g63700	positive	MI:0407	0.64	4	MI:0007;MI:0018;MI:0047;MI:0424
Q39011	Q9LN63	At4g18710	At1g19350	positive	MI:0407	0.53	2	MI:0018;MI:0096
Q39026	Q9FKG1	At2g43790	At5g61600	positive	MI:0407	0.61	3	MI:0007;MI:0055;MI:0424
Q39050	Q9S744	At4g14340	At3g51920	positive	MI:0407	0.44	1	MI:0089
Q39057	Q9LQT8	At5g15840	At1g14920	positive	MI:0407	0.61	4	MI:0007;MI:0018;MI:0096;MI:0416
Q39057	Q9SLG0	At5g15840	At2g38880	positive	MI:0407	0.64	6	MI:0007;MI:0018;MI:0055;MI:0663
Q39057	Q9SLH3	At5g15840	At2g01570	positive	MI:0407	0.57	3	MI:0007;MI:0096;MI:0416
Q39057	Q9SMP0	At5g15840	At3g48590	positive	MI:0407	0.74	8	MI:0007;MI:0018;MI:0055;MI:0663;MI:1356;MI:2277
Q39128	Q39128	At5g46240	At5g46240	positive	MI:0407	0.83	6	MI:0018;MI:0071;MI:0112;MI:0410;MI:2339
Q39160	Q39160	At1g17580	At1g17580	positive	MI:0407	0.53	4	MI:0055;MI:0809
Q39163	Q39163	At5g06960	At5g06960	positive	MI:0407	0.59	2	MI:0055;MI:0397
Q39183	Q9XF67	At5g47750	At5g04510	positive	MI:0407	0.7	4	MI:0096;MI:0397;MI:0423
Q39191	Q9SL15	At1g21250	At2g05520	positive	MI:0407	0.63	5	MI:0006;MI:0018;MI:0071;MI:0096
Q39191	Q9ZSJ6	At1g21250	At2g05380	positive	MI:0407	0.53	2	MI:0018;MI:0096
Q39192	Q9CAJ0	At3g50500	At1g72770	positive	MI:0407	0.57	2	MI:0018
Q39192	Q9FIF5	At3g50500	At5g59220	positive	MI:0407	0.41	1	MI:0018
Q39192	Q9FLI3	At3g50500	At5g51760	positive	MI:0407	0.57	2	MI:0018
Q39192	Q9LD83	At3g50500	At1g12480	positive	MI:0407	0.41	1	MI:0809
Q39192	Q9LNP9	At3g50500	At1g17550	positive	MI:0407	0.41	1	MI:0018
Q39192	Q9LNW3	At3g50500	At1g07430	positive	MI:0407	0.41	1	MI:0018
Q39192	Q9ZW21	At3g50500	At2g29380	positive	MI:0407	0.41	1	MI:0018
Q39193	Q9CAJ0	At5g66880	At1g72770	positive	MI:0407	0.59	2	MI:0018;MI:0944
Q39193	Q9FIF5	At5g66880	At5g59220	positive	MI:0407	0.41	1	MI:0018
Q39193	Q9FLI3	At5g66880	At5g51760	positive	MI:0407	0.53	2	MI:0007;MI:0018
Q39193	Q9LD83	At5g66880	At1g12480	positive	MI:0407	0.41	1	MI:0809
Q39193	Q9LNP9	At5g66880	At1g17550	positive	MI:0407	0.41	1	MI:0018
Q39193	Q9ZW21	At5g66880	At2g29380	positive	MI:0407	0.41	1	MI:0018
Q39204	Q8LBM2	At1g32640	At1g30135	positive	MI:0407	0.78	7	MI:0018;MI:0096;MI:0905;MI:1356;MI:2277
Q39204	Q8W4J8	At1g32640	At1g70700	positive	MI:0407	0.96	19	MI:0007;MI:0018;MI:0096;MI:0397;MI:0905;MI:1112;MI:1356;MI:2277
Q39204	Q9C5K8	At1g32640	At5g20900	positive	MI:0407	0.78	7	MI:0018;MI:0096;MI:0905;MI:1356;MI:2277
Q39204	Q9LMA8	At1g32640	At1g19180	positive	MI:0407	0.95	13	MI:0007;MI:0018;MI:0096;MI:1356;MI:2277
Q39204	Q9LVI4	At1g32640	At3g17860	positive	MI:0407	0.77	7	MI:0007;MI:0018;MI:0096
Q39204	Q9LZW4	At1g32640	At5g01820	positive	MI:0407	0.64	5	MI:0096;MI:0397;MI:0809;MI:1112;MI:1356
Q39212	Q9SY69	At2g15400	At1g10270	positive	MI:0407	0.51	3	MI:0018;MI:0809
Q39218	Q43725	At3g13110	At3g59760	positive	MI:0407	0.8	6	MI:0018;MI:0028;MI:0096;MI:0107;MI:0400
Q39255	Q570C0	At1g75950	At3g62980	positive	MI:0407	0.86	11	MI:0007;MI:0018;MI:0069;MI:0071;MI:0114;MI:0397;MI:0404;MI:1112;MI:1356
Q39255	Q9FDX1	At1g75950	At5g57900	positive	MI:0407	0.65	5	MI:0018;MI:0096;MI:0397
Q39255	Q9FE83	At1g75950	At5g67250	positive	MI:0407	0.65	3	MI:0018;MI:0096;MI:0397
Q39255	Q9LEX0	At1g75950	At3g61060	positive	MI:0407	0.69	4	MI:0018;MI:0096
Q39255	Q9SHY1	At1g75950	At1g65740	positive	MI:0407	0.51	2	MI:0007;MI:0018
Q39255	Q9SKK0	At1g75950	At2g25490	positive	MI:0407	0.85	7	MI:0018;MI:0096;MI:0397;MI:1112;MI:1356
Q39255	Q9ZR12	At1g75950	At4g03190	positive	MI:0407	0.69	3	MI:0007;MI:0018;MI:0096
Q3EBC8	Q8GY79	At3g03300	At5g41070	positive	MI:0407	0.44	1	MI:0047
Q3EBC8	Q9LXW7	At3g03300	At3g43920	positive	MI:0407	0.44	1	MI:0047
Q3EBC8	Q9SP32	At3g03300	At1g01040	positive	MI:0407	0.44	1	MI:0047
Q41951	Q41951	At3g16240	At3g16240	positive	MI:0407	0.56	2	MI:0071;MI:0114
Q42328	Q9C8W7	At2g43510	At1g71950	positive	MI:0407	0.44	1	MI:0096
Q42404	Q9SEE9	At3g50670	At1g16610	positive	MI:0407	0.67	4	MI:0018;MI:0096
Q42404	Q9SEU4	At3g50670	At1g55310	positive	MI:0407	0.53	3	MI:0018;MI:0096
Q42479	Q9S744	At4g23650	At3g51920	positive	MI:0407	0.44	1	MI:0089
Q42545	Q42545	At5g55280	At5g55280	positive	MI:0407	0.58	3	MI:0018;MI:0055;MI:0809
Q42545	Q9FIG9	At5g55280	At5g42480	positive	MI:0407	0.59	2	MI:0018;MI:0055
Q42545	Q9LXJ0	At5g55280	At3g52750	positive	MI:0407	0.58	6	MI:0018;MI:0055;MI:0809
Q43125	Q43125	At4g08920	At4g08920	positive	MI:0407	0.66	6	MI:0007;MI:0018;MI:0030;MI:0071;MI:0096
Q43295	Q43295	At2g14750	At2g14750	positive	MI:0407	0.62	3	MI:0030;MI:0071;MI:0114
Q43725	Q43725	At3g59760	At3g59760	positive	MI:0407	0.67	3	MI:0018;MI:0028;MI:0114
Q4PSE3	Q9S744	At5g27050	At3g51920	positive	MI:0407	0.44	1	MI:0089
Q4PSU4	Q9S744	At2g24840	At3g51920	positive	MI:0407	0.44	1	MI:0089
Q4VP08	Q8VZG8	At5g43510	At4g08850	positive	MI:0407	0.61	4	MI:0007;MI:0096;MI:1247
Q4VP08	Q9FII5	At5g43510	At5g61480	positive	MI:0407	0.44	1	MI:1247
Q4VP08	Q9M0G7	At5g43510	At4g28650	positive	MI:0407	0.61	4	MI:0007;MI:0096;MI:1247
Q500U8	Q9LQ12	At4g35420	At1g62940	positive	MI:0407	0.57	3	MI:0018;MI:0055;MI:0096
Q56WM6	Q9SCZ4	At1g31650	At3g51550	positive	MI:0407	0.41	1	MI:0018
Q56Y52	Q9SPU7	At2g05210	At5g16850	positive	MI:0407	0.53	4	MI:0007;MI:0018
Q58G47	Q9SV55	At1g48500	At4g28910	positive	MI:0407	0.53	2	MI:0018;MI:0096
Q5ICL9	Q5ICL9	At4g19660	At4g19660	positive	MI:0407	0.54	2	MI:0018;MI:0071
Q5ICL9	Q8L746	At4g19660	At5g45110	positive	MI:0407	0.67	5	MI:0018;MI:0397;MI:1112;MI:1356
Q5S2C3	Q5S2C4	At5g18410	At2g35110	positive	MI:0407	0.76	5	MI:0018;MI:0096
Q5XEZ5	Q5XEZ5	At4g22120	At4g22120	positive	MI:0407	0.53	2	MI:0410
Q5XPJ9	Q94JY4	At2g38440	At2g22640	positive	MI:0407	0.65	3	MI:0007;MI:0018;MI:0809
Q5XXJ3	Q9S744	At3g58780	At3g51920	positive	MI:0407	0.44	1	MI:0089
Q67XQ1	Q7G8V2	At1g03430	At1g74890	positive	MI:0407	0.53	2	MI:0018;MI:0096
Q67XQ1	Q9C5U0	At1g03430	At2g01830	positive	MI:0407	0.53	3	MI:0018;MI:0096
Q67XQ1	Q9C5U1	At1g03430	At1g27320	positive	MI:0407	0.53	3	MI:0018;MI:0096
Q67XQ1	Q9C5U2	At1g03430	At5g35750	positive	MI:0407	0.53	3	MI:0018;MI:0096
Q67XQ1	Q9FXD6	At1g03430	At1g67710	positive	MI:0407	0.53	2	MI:0018;MI:0096
Q67XQ1	Q9SB04	At1g03430	At3g48100	positive	MI:0407	0.53	3	MI:0018;MI:0096
Q67XQ1	Q9SHC2	At1g03430	At2g40670	positive	MI:0407	0.53	3	MI:0018;MI:0096
Q67XQ1	Q9ZWS6	At1g03430	At5g62920	positive	MI:0407	0.53	2	MI:0018;MI:0096
Q67XQ1	Q9ZWS7	At1g03430	At1g19050	positive	MI:0407	0.53	3	MI:0018;MI:0096
Q67ZB3	Q940H8	At5g48385	At4g14900	positive	MI:0407	0.53	3	MI:0096;MI:0397
Q682T9	Q9FHN8	At2g27030	At5g65930	positive	MI:0407	0.56	2	MI:0049;MI:0401
Q6AWX6	Q94JY4	At2g34150	At2g22640	positive	MI:0407	0.59	2	MI:0007;MI:0018
Q6BDA0	Q9LN63	At5g04240	At1g19350	positive	MI:0407	0.54	3	MI:0096;MI:0809
Q6NKS4	Q6NKS4	At5g47110	At5g47110	positive	MI:0407	0.6	3	MI:0107;MI:0112;MI:1247
Q6NKS4	Q9CA67	At5g47110	At1g74470	positive	MI:0407	0.52	2	MI:0112;MI:0809
Q6NKS4	Q9SYX1	At5g47110	At4g17600	positive	MI:0407	0.6	3	MI:0107;MI:0112;MI:1247
Q6NLQ6	Q9M7Q2	At3g57530	At3g19290	positive	MI:0407	0.6	4	MI:0018;MI:0096;MI:0424
Q6NPE9	Q8L7W3	At4g33690	At2g29210	positive	MI:0407	0.53	2	MI:0096;MI:0397
Q6NPM7	Q94AX2		At5g39790	positive	MI:0407	0.53	2	MI:0096;MI:0397
Q6TLJ2	Q9LYN8	At4g24972	At5g07280	positive	MI:0407	0.6	4	MI:0007;MI:0018;MI:0096
Q70E96	Q9S744	At4g36250	At3g51920	positive	MI:0407	0.44	1	MI:0089
Q75QN6	Q9C5C0	At5g23720	At1g53510	positive	MI:0407	0.59	3	MI:0018;MI:0434;MI:0809
Q7DMA9	Q94F58	At3g54010	At5g22290	positive	MI:0407	0.63	6	MI:0018;MI:0055;MI:0096;MI:0663
Q7FRS8	Q9LDI3	At4g33000	At5g35410	positive	MI:0407	0.72	5	MI:0018;MI:0096;MI:0809
Q7G8V2	Q9SSW0	At1g74890	At5g43170	positive	MI:0407	0.53	2	MI:0018;MI:0096
Q7X9H6	Q9S744	At3g30260	At3g51920	positive	MI:0407	0.44	1	MI:0089
Q7X9N2	Q9S744	At5g27070	At3g51920	positive	MI:0407	0.44	1	MI:0089
Q7X9V2	Q9FHW2	At3g12810	At5g37055	positive	MI:0407	0.66	4	MI:0007;MI:0018;MI:0096
Q7XJK8	Q9S744	At1g65300	At3g51920	positive	MI:0407	0.44	1	MI:0089
Q7Y1C4	Q9FL96	At5g01630	At5g45010	positive	MI:0407	0.53	2	MI:0007;MI:0018
Q7Y1C4	Q9XIR8	At5g01630	At1g64750	positive	MI:0407	0.53	2	MI:0007;MI:0018
Q7Y1C5	Q9XIR8	At4g00020/At4g00010	At1g64750	positive	MI:0407	0.53	2	MI:0007;MI:0018
Q84JC2	Q9S744	At4g18650	At3g51920	positive	MI:0407	0.44	1	MI:0089
Q84JG2	Q9CAJ0	At2g33610	At1g72770	positive	MI:0407	0.58	4	MI:0007;MI:0018;MI:0809
Q84JG2	Q9XI07	At2g33610	At1g21700	positive	MI:0407	0.65	4	MI:0018;MI:0096
Q84JQ4	Q9CA89	At2g07040	At1g79860	positive	MI:0407	0.41	1	MI:0112
Q84JU4	Q8GYQ5	At2g04550	At2g46070	positive	MI:0407	0.64	8	MI:0006;MI:0018;MI:0096;MI:0434
Q84JU6	Q9LSE2	At2g39810	At3g26744	positive	MI:0407	0.58	3	MI:0018;MI:0096;MI:0809
Q84KJ5	Q84KJ5	At5g24850	At5g24850	positive	MI:0407	0.44	1	MI:0114
Q84LH3	Q9FQ08	At4g13870	At1g16970	positive	MI:0407	0.44	2	MI:0096
Q84LH3	Q9FQ09	At4g13870	At1g48050	positive	MI:0407	0.44	2	MI:0096
Q84LH8	Q9FE22	At3g59060	At1g02340	positive	MI:0407	0.59	3	MI:0007;MI:0019;MI:0809
Q84MB2	Q84VX3	At4g32570	At5g11030	positive	MI:0407	0.53	3	MI:0096;MI:0397
Q84MB2	Q9SV55	At4g32570	At4g28910	positive	MI:0407	0.67	6	MI:0018;MI:0397;MI:1112;MI:1356
Q84VQ1	Q944A6	At5g21170	At1g09020	positive	MI:0407	0.76	20	MI:0004;MI:0007;MI:0018;MI:1314
Q84W04	Q8VZ95	At1g12390	At3g60600	positive	MI:0407	0.53	2	MI:0096;MI:0397
Q84W66	Q9LX49	At5g47670	At3g59220	positive	MI:0407	0.53	2	MI:0018;MI:0096
Q84WC8	Q9S744		At3g51920	positive	MI:0407	0.44	1	MI:0089
Q84WV6	Q8W4J9	At4g36290	At5g43470	positive	MI:0407	0.41	1	MI:0809
Q8GTS1	Q8LBK6	At3g51960	At3g15660	positive	MI:0407	0.53	2	MI:0096;MI:0397
Q8GUP1	Q9M9G6	At1g17760	At1g71800	positive	MI:0407	0.67	3	MI:0006;MI:0007;MI:0018
Q8GUU3	Q9LKF9	At2g01730	At5g23880	positive	MI:0407	0.65	3	MI:0018;MI:0096
Q8GW31	Q9SJF3	At5g13570	At1g08370	positive	MI:0407	0.52	2	MI:0007;MI:0096
Q8GWB3	Q93VH1	At3g05280	At4g30260	positive	MI:0407	0.53	3	MI:0096;MI:0397
Q8GWR2	Q9C7N3	At2g31985	At1g29680	positive	MI:0407	0.53	4	MI:0096;MI:0397
Q8GXA4	Q9LE82	At4g26455	At3g63130	positive	MI:0407	0.74	6	MI:0007;MI:0018;MI:0663;MI:0809
Q8GXW1	Q940G6	At3g03450	At5g27320	positive	MI:0407	0.77	6	MI:0013;MI:0018;MI:0397;MI:1112;MI:1356
Q8GXW1	Q9MAA7	At3g03450	At3g05120	positive	MI:0407	0.84	8	MI:0013;MI:0018;MI:0096;MI:0397;MI:1112;MI:1356
Q8GY11	Q9S744	At2g46130	At3g51920	positive	MI:0407	0.44	1	MI:0089
Q8GY55	Q9SV55	At4g14720	At4g28910	positive	MI:0407	0.7	7	MI:0018;MI:0397;MI:0676;MI:1112;MI:1356
Q8GY61	Q96524	At4g34530	At1g04400	positive	MI:0407	0.66	3	MI:0006;MI:0018;MI:0809
Q8GY79	Q8GY79	At5g41070	At5g41070	positive	MI:0407	0.44	1	MI:0047
Q8GY79	Q9LXW7	At5g41070	At3g43920	positive	MI:0407	0.44	1	MI:0047
Q8GY79	Q9SP32	At5g41070	At1g01040	positive	MI:0407	0.44	1	MI:0047
Q8GY88	Q9S744	At4g39540	At3g51920	positive	MI:0407	0.44	1	MI:0089
Q8GYF5	Q9S744	At5g66790	At3g51920	positive	MI:0407	0.44	1	MI:0089
Q8GZ99	Q9S744	At5g49760	At3g51920	positive	MI:0407	0.44	1	MI:0089
Q8GZM7	Q8GZM7	At2g20180	At2g20180	positive	MI:0407	0.53	3	MI:0007;MI:0018
Q8H115	Q9FY93	At5g63790	At5g13180	positive	MI:0407	0.53	2	MI:0096;MI:0397
Q8H1D6	Q9S744	At5g10520	At3g51920	positive	MI:0407	0.44	1	MI:0089
Q8H1E4	Q8H1E4	At1g78080	At1g78080	positive	MI:0407	0.44	1	MI:0096
Q8H1E4	Q8L765	At1g78080	At5g19000	positive	MI:0407	0.53	5	MI:0018;MI:0096
Q8H1E4	Q9M8J9	At1g78080	At3g06190	positive	MI:0407	0.44	1	MI:0096
Q8H1E4	Q9SRV1	At1g78080	At3g03740	positive	MI:0407	0.44	1	MI:0096
Q8L5Z0	Q9LXE3	At4g33945	At5g09800	positive	MI:0407	0.53	3	MI:0096;MI:0397
Q8L746	Q8L746	At5g45110	At5g45110	positive	MI:0407	0.67	4	MI:0018;MI:0397;MI:1112;MI:1356
Q8L765	Q9LM15	At5g19000	At1g22190	positive	MI:0407	0.53	2	MI:0018;MI:0096
Q8L765	Q9SVQ0	At5g19000	At4g13620	positive	MI:0407	0.44	1	MI:0096
Q8L7G0	Q8L7G0	At1g59750	At1g59750	positive	MI:0407	0.67	4	MI:0114;MI:0826;MI:1204
Q8L7G0	Q9SN12	At1g59750	At3g50060	positive	MI:0407	0.54	2	MI:0007;MI:0096
Q8L7H4	Q9FX31	At4g17710	At1g73360	positive	MI:0407	0.53	2	MI:0096;MI:0397
Q8L831	Q9ZWS7	At1g79690	At1g19050	positive	MI:0407	0.53	2	MI:0018;MI:0096
Q8L8Z1	Q9C5U0	At4g15630	At2g01830	positive	MI:0407	0.53	2	MI:0018;MI:0096
Q8L940	Q9ZNR6	At5g01410	At3g16050	positive	MI:0407	0.69	5	MI:0018;MI:0096;MI:0397
Q8L9Y3	Q9SAZ5	At2g01760	At5g39340	positive	MI:0407	0.65	3	MI:0018;MI:0096;MI:0397
Q8L9Y3	Q9ZNV8	At2g01760	At3g29350	positive	MI:0407	0.65	3	MI:0018;MI:0096
Q8L9Y3	Q9ZNV9	At2g01760	At3g21510	positive	MI:0407	0.53	2	MI:0018;MI:0096
Q8LAS7	Q9LZW4	At5g55990	At5g01820	positive	MI:0407	0.83	9	MI:0018;MI:0096;MI:0397
Q8LAW2	Q9S744	At2g24540	At3g51920	positive	MI:0407	0.44	1	MI:0089
Q8LBC0	Q8W4P1	At1g27630	At5g64960	positive	MI:0407	0.59	2	MI:0007;MI:0676
Q8LBC0	Q9LFT8	At1g27630	At5g10270	positive	MI:0407	0.65	4	MI:0007;MI:0018;MI:0676
Q8LBM2	Q9FIP9	At1g30135	At5g46760	positive	MI:0407	0.53	2	MI:0018;MI:0905
Q8S8E3	Q9CAJ0	At2g40330	At1g72770	positive	MI:0407	0.9	9	MI:0018;MI:0071;MI:0397;MI:0905;MI:1112;MI:1356
Q8S8N6	Q9SCU7	At2g06925	At3g28910	positive	MI:0407	0.6	4	MI:0007;MI:0018;MI:0055
Q8SAB7	Q9SBJ6	At4g16340	At4g35950	positive	MI:0407	0.59	2	MI:0018;MI:0096
Q8SAB7	Q9SU67	At4g16340	At3g48040	positive	MI:0407	0.44	1	MI:0096
Q8VWG7	Q8VWG7	At3g17880/At3g17870	At3g17880/At3g17870	positive	MI:0407	0.64	5	MI:0020;MI:0071;MI:0404;MI:0808
Q8VZ95	Q9LXV1	At3g60600	At5g12880	positive	MI:0407	0.53	3	MI:0096;MI:0397
Q8VZ95	Q9SHG7	At3g60600	At1g17080	positive	MI:0407	0.53	3	MI:0096;MI:0397
Q8VZS8	Q8VZS8	At5g46790	At5g46790	positive	MI:0407	0.68	3	MI:0071;MI:0114
Q8VZS8	Q9CAJ0	At5g46790	At1g72770	positive	MI:0407	0.87	7	MI:0018;MI:0071;MI:0397;MI:0905;MI:1112;MI:1356
Q8VZW1	Q94AJ5	At4g19030	At1g80170	positive	MI:0407	0.53	2	MI:0096;MI:0397
Q8VZW1	Q9FFK1	At4g19030	At5g05760	positive	MI:0407	0.53	2	MI:0096;MI:0397
Q8VZW1	Q9FZ98	At4g19030	At1g28250	positive	MI:0407	0.53	3	MI:0096;MI:0397
Q8VZW1	Q9LDU6	At4g19030	At1g50430	positive	MI:0407	0.53	2	MI:0096;MI:0397
Q8VZW1	Q9LPF1	At4g19030	At1g44800	positive	MI:0407	0.53	2	MI:0096;MI:0397
Q8W234	Q9FUY2	At1g43850	At4g32551	positive	MI:0407	0.8	7	MI:0018;MI:0096
Q8W2F3	Q9FE22	At2g43010	At1g02340	positive	MI:0407	0.53	2	MI:0019;MI:0809
Q8W2F3	Q9LN63	At2g43010	At1g19350	positive	MI:0407	0.44	1	MI:0096
Q8W2F3	Q9SLH3	At2g43010	At2g01570	positive	MI:0407	0.63	4	MI:0007;MI:0018;MI:0096;MI:0809
Q8W420	Q9SQI2	At2g18915	At1g22770	positive	MI:0407	0.59	4	MI:0018;MI:0096
Q8W490	Q9S744	At1g12680	At3g51920	positive	MI:0407	0.44	1	MI:0089
Q8W4J8	Q9FIP9	At1g70700	At5g46760	positive	MI:0407	0.64	5	MI:0007;MI:0018;MI:0114;MI:0905
Q8W4J8	Q9FML2	At1g70700	At5g63110	positive	MI:0407	0.41	1	MI:0018
Q8W4J8	Q9SLH0	At1g70700	At2g27050	positive	MI:0407	0.41	1	MI:0018
Q8W4J8	Q9SV55	At1g70700	At4g28910	positive	MI:0407	0.71	9	MI:0018;MI:0096;MI:0397;MI:1112;MI:1356
Q8W4P1	Q9LKA5	At5g64960	At3g15000	positive	MI:0407	0.44	1	MI:0007
Q93V62	Q9FG81	At4g27450	At5g43830	positive	MI:0407	0.53	2	MI:0096;MI:0397
Q93WJ9	Q9FNR3	At5g16560	At5g61010	positive	MI:0407	0.53	2	MI:0096;MI:0397
Q93XM6	Q9S744	At1g08320	At3g51920	positive	MI:0407	0.44	1	MI:0089
Q93Z00	Q9FK45	At3g47620	At5g18260	positive	MI:0407	0.53	2	MI:0096;MI:0397
Q93Z00	Q9S7W5	At3g47620	At3g02150	positive	MI:0407	0.71	6	MI:0096;MI:0397;MI:1356;MI:2277
Q93Z00	Q9SLK2	At3g47620	At1g54320	positive	MI:0407	0.53	2	MI:0096;MI:0397
Q93Z27	Q9S744	At5g39670	At3g51920	positive	MI:0407	0.44	1	MI:0089
Q93Z30	Q9S744	At4g18950	At3g51920	positive	MI:0407	0.44	1	MI:0089
Q93ZB7	Q9FMK7	At3g01770	At5g63160	positive	MI:0407	0.53	3	MI:0018;MI:0096
Q93ZF6	Q9SVD7	At4g23450	At3g52560	positive	MI:0407	0.53	3	MI:0096;MI:0397
Q93ZM9	Q9SV55	At5g13220	At4g28910	positive	MI:0407	0.71	7	MI:0018;MI:0096;MI:0397;MI:1112;MI:1356
Q93ZY2	Q9M811	At4g38430	At1g52240	positive	MI:0407	0.58	3	MI:0018;MI:0096;MI:0809
Q93ZY2	Q9SCZ4	At4g38430	At3g51550	positive	MI:0407	0.51	4	MI:0018;MI:0809
Q940G6	Q9C8Y3	At5g27320	At1g66350	positive	MI:0407	0.8	6	MI:0018;MI:0397;MI:1112;MI:1356
Q940G6	Q9SLH3	At5g27320	At2g01570	positive	MI:0407	0.89	11	MI:0007;MI:0013;MI:0018;MI:0096;MI:0397;MI:0809;MI:1112;MI:1356
Q940H6	Q9CAJ0	At4g33950	At1g72770	positive	MI:0407	0.84	5	MI:0018;MI:0434;MI:0944
Q940H6	Q9FIF5	At4g33950	At5g59220	positive	MI:0407	0.59	2	MI:0018
Q940H6	Q9LD83	At4g33950	At1g12480	positive	MI:0407	0.84	8	MI:0424;MI:0809
Q944A6	Q9SCY5	At1g09020	At4g16360	positive	MI:0407	0.79	18	MI:0004;MI:0007;MI:0018;MI:0030;MI:0809;MI:1314
Q944Q0	Q9SDS7	At5g41990	At1g12840	positive	MI:0407	0.7	4	MI:0018;MI:0047;MI:0397;MI:0424
Q946Y7	Q9SA23	At1g28490	At1g16240	positive	MI:0407	0.44	2	MI:0096
Q949M9	Q9LFR3	At1g01910	At5g14920	positive	MI:0407	0.53	2	MI:0096;MI:0397
Q949U4	Q9S744	At1g76270	At3g51920	positive	MI:0407	0.44	1	MI:0089
Q94AA4	Q9S744	At4g26270	At3g51920	positive	MI:0407	0.44	1	MI:0089
Q94AG2	Q94AG2	At1g71830	At1g71830	positive	MI:0407	0.76	7	MI:0018;MI:0055;MI:0397;MI:0416;MI:0892
Q94AG2	Q9ZVR7	At1g71830	At2g02220	positive	MI:0407	0.61	4	MI:0007;MI:0028;MI:0071
Q94AI7	Q94AI7	At1g15750	At1g15750	positive	MI:0407	0.79	11	MI:0018;MI:0071;MI:0096;MI:0112;MI:0397;MI:0809
Q94AI7	Q94F39	At1g15750	At3g29575	positive	MI:0407	0.41	1	MI:0018
Q94AI7	Q9LMX5	At1g15750	At1g13740	positive	MI:0407	0.41	1	MI:0018
Q94AI7	Q9SV55	At1g15750	At4g28910	positive	MI:0407	0.58	4	MI:0018;MI:0676;MI:0809
Q94AX2	Q9MAQ0	At5g39790	At1g32900	positive	MI:0407	0.54	2	MI:0007;MI:0096
Q94BN2	Q9ZUB3	At5g53120	At1g23820	positive	MI:0407	0.59	4	MI:0018;MI:0071;MI:0096
Q94BT6	Q9SQI2	At5g57360	At1g22770	positive	MI:0407	0.63	6	MI:0007;MI:0018;MI:0096
Q94EI3	Q94FB9	At5g17550	At4g39850	positive	MI:0407	0.44	2	MI:0096
Q94F58	Q9FI10	At5g22290	At5g44550	positive	MI:0407	0.53	2	MI:0096;MI:0397
Q94F58	Q9LVC0	At5g22290	At5g56540	positive	MI:0407	0.53	2	MI:0096;MI:0397
Q94F62	Q9FL28	At4g33430	At5g46330	positive	MI:0407	0.93	19	MI:0006;MI:0007;MI:0071;MI:0114;MI:0397;MI:0892
Q94F62	Q9ZVR7	At4g33430	At2g02220	positive	MI:0407	0.71	5	MI:0007;MI:0028;MI:0071;MI:0892
Q94F62	Q9ZWC8	At4g33430	At1g55610	positive	MI:0407	0.82	7	MI:0007;MI:0055;MI:0096;MI:0663;MI:0892
Q94FB9	Q9SRQ3	At4g39850	At3g03490	positive	MI:0407	0.44	2	MI:0096
Q94JU3	Q9C5Z3	At1g02090	At3g57290	positive	MI:0407	0.64	6	MI:0006;MI:0018;MI:0071;MI:0096;MI:0416
Q94JY4	Q94JY4	At2g22640	At2g22640	positive	MI:0407	0.65	3	MI:0018;MI:0096;MI:0809
Q94JY4	Q9LP46	At2g22640	At1g29170	positive	MI:0407	0.65	3	MI:0007;MI:0018;MI:0809
Q94KI8	Q94KI8	At4g03560	At4g03560	positive	MI:0407	0.62	2	MI:0114
Q96524	Q96524	At1g04400	At1g04400	positive	MI:0407	0.69	4	MI:0007;MI:0018;MI:0096
Q96524	Q9SYX2	At1g04400	At2g46340/At2g46350	positive	MI:0407	0.41	1	MI:0018
Q9AR19	Q9ATB4	At3g54610	At4g16420	positive	MI:0407	0.7	5	MI:0018;MI:0096;MI:0397;MI:0415
Q9ASS6	Q9C5U2	At5g13120	At5g35750	positive	MI:0407	0.53	2	MI:0018;MI:0096
Q9C4Z7	Q9C4Z7	At1g69390	At1g69390	positive	MI:0407	0.59	3	MI:0018;MI:0055;MI:0809
Q9C4Z7	Q9MBA2	At1g69390	At5g24020	positive	MI:0407	0.68	6	MI:0018;MI:0055;MI:0809
Q9C5C0	Q9S744	At1g53510	At3g51920	positive	MI:0407	0.44	1	MI:0089
Q9C5K8	Q9FIP9	At5g20900	At5g46760	positive	MI:0407	0.53	2	MI:0018;MI:0905
Q9C5K8	Q9SV55	At5g20900	At4g28910	positive	MI:0407	0.7	7	MI:0018;MI:0397;MI:0676;MI:1112;MI:1356
Q9C5T4	Q9SAH7	At4g31800	At1g80840	positive	MI:0407	0.77	7	MI:0007;MI:0018;MI:0096;MI:0397;MI:0809
Q9C5U0	Q9C5U1	At2g01830	At1g27320	positive	MI:0407	0.53	2	MI:0018;MI:0096
Q9C5U0	Q9SCU5	At2g01830	At3g51630	positive	MI:0407	0.53	2	MI:0018;MI:0096
Q9C5U1	Q9C5U2	At1g27320	At5g35750	positive	MI:0407	0.53	2	MI:0018;MI:0096
Q9C5U1	Q9SAZ5	At1g27320	At5g39340	positive	MI:0407	0.53	2	MI:0018;MI:0096
Q9C5U1	Q9ZNV8	At1g27320	At3g29350	positive	MI:0407	0.53	2	MI:0018;MI:0096
Q9C5U1	Q9ZNV9	At1g27320	At3g21510	positive	MI:0407	0.53	2	MI:0018;MI:0096
Q9C5U2	Q9C5U2	At5g35750	At5g35750	positive	MI:0407	0.53	2	MI:0018;MI:0096
Q9C5U2	Q9CAR7	At5g35750	At1g69840	positive	MI:0407	0.53	2	MI:0018;MI:0096
Q9C5U2	Q9FM19	At5g35750	At5g62740	positive	MI:0407	0.53	2	MI:0018;MI:0096
Q9C5U2	Q9FMJ0	At5g35750	At5g64070	positive	MI:0407	0.53	2	MI:0018;MI:0096
Q9C5U2	Q9SAZ5	At5g35750	At5g39340	positive	MI:0407	0.65	3	MI:0018;MI:0096
Q9C5U2	Q9ZNV8	At5g35750	At3g29350	positive	MI:0407	0.65	3	MI:0018;MI:0096
Q9C5U2	Q9ZNV9	At5g35750	At3g21510	positive	MI:0407	0.53	2	MI:0018;MI:0096
Q9C658	Q9SJF3	At1g26110	At1g08370	positive	MI:0407	0.52	2	MI:0007;MI:0096
Q9C6M5	Q9SQI2	At1g25560	At1g22770	positive	MI:0407	0.53	2	MI:0007;MI:0018
Q9C8G5	Q9C8G5	At1g30360	At1g30360	positive	MI:0407	0.36	1	MI:2339
Q9C8Y3	Q9LPR8	At1g66350	At1g50420	positive	MI:0407	0.41	1	MI:0018
Q9C8Z9	Q9LXG5	At3g06590	At5g15160	positive	MI:0407	0.68	5	MI:0096;MI:0397;MI:1356;MI:2277
Q9C952	Q9LKF9	At1g61010	At5g23880	positive	MI:0407	0.73	4	MI:0007;MI:0018;MI:0096
Q9C9A5	Q9LN63	At1g71030	At1g19350	positive	MI:0407	0.59	5	MI:0018;MI:0096;MI:0809
Q9C9E3	Q9SV55	At1g72450	At4g28910	positive	MI:0407	0.71	9	MI:0018;MI:0096;MI:0397;MI:1112;MI:1356
Q9C9W9	Q9FHW7	At1g68050	At5g42190	positive	MI:0407	0.73	5	MI:0018;MI:0096;MI:0397
Q9C9W9	Q9SQI2	At1g68050	At1g22770	positive	MI:0407	0.74	11	MI:0007;MI:0018;MI:0096
Q9CA67	Q9SYX1	At1g74470	At4g17600	positive	MI:0407	0.52	2	MI:0112;MI:0809
Q9CAJ0	Q9FGM1	At1g72770	At5g53160	positive	MI:0407	0.78	7	MI:0007;MI:0018;MI:0071;MI:0397;MI:1112;MI:1356
Q9CAJ0	Q9FLB1	At1g72770	At5g05440	positive	MI:0407	0.92	11	MI:0007;MI:0018;MI:0071;MI:0397;MI:0809;MI:0905;MI:1112;MI:1356
Q9CAJ0	Q9SSM7	At1g72770	At1g73000	positive	MI:0407	0.9	10	MI:0018;MI:0071;MI:0096;MI:0114;MI:0397;MI:0905;MI:1112;MI:1356
Q9FE22	Q9M0K4	At1g02340	At4g25560	positive	MI:0407	0.62	6	MI:0007;MI:0096;MI:0663
Q9FE22	Q9SYX2	At1g02340	At2g46340/At2g46350	positive	MI:0407	0.53	3	MI:0007;MI:0018
Q9FFA7	Q9FN03	At5g23730	At5g63860	positive	MI:0407	0.59	3	MI:0006;MI:0007;MI:0809
Q9FFH0	Q9FKA0	At5g44190	At5g39610	positive	MI:0407	0.63	6	MI:0007;MI:0018;MI:0096;MI:0809
Q9FGF5	Q9S744	At5g64780	At3g51920	positive	MI:0407	0.44	1	MI:0089
Q9FGQ7	Q9LZ78	At5g67260	At5g04470	positive	MI:0407	0.44	1	MI:0055
Q9FGR0	Q9LKF9	At5g51660	At5g23880	positive	MI:0407	0.73	4	MI:0007;MI:0018;MI:0096
Q9FGW7	Q9S7W5	At5g63350	At3g02150	positive	MI:0407	0.53	3	MI:0096;MI:0397
Q9FGX2	Q9S744	At5g49450	At3g51920	positive	MI:0407	0.44	1	MI:0089
Q9FGZ5	Q9S744	At5g49490	At3g51920	positive	MI:0407	0.44	1	MI:0089
Q9FHN8	Q9ZPX9	At5g65930	At2g46600	positive	MI:0407	0.63	5	MI:0007;MI:0018;MI:0096;MI:0413
Q9FHW7	Q9LEX0	At5g42190	At3g61060	positive	MI:0407	0.73	6	MI:0018;MI:0096;MI:0397
Q9FHW7	Q9SHY1	At5g42190	At1g65740	positive	MI:0407	0.41	1	MI:0018
Q9FHW7	Q9SKK0	At5g42190	At2g25490	positive	MI:0407	0.79	5	MI:0018;MI:0096;MI:0397
Q9FHZ1	Q9S744	At5g41920	At3g51920	positive	MI:0407	0.44	1	MI:0089
Q9FIK0	Q9S744	At5g47810	At3g51920	positive	MI:0407	0.44	1	MI:0089
Q9FIP9	Q9LMA8	At5g46760	At1g19180	positive	MI:0407	0.65	3	MI:0018;MI:0114;MI:0676
Q9FIW6	Q9S744	At5g39810	At3g51920	positive	MI:0407	0.44	1	MI:0089
Q9FJK3	Q9S744	At5g48670	At3g51920	positive	MI:0407	0.44	1	MI:0089
Q9FL03	Q9S744	At5g66770	At3g51920	positive	MI:0407	0.44	1	MI:0089
Q9FL19	Q9S744	At5g40120	At3g51920	positive	MI:0407	0.44	1	MI:0089
Q9FLI3	Q9M9E9	At5g51760	At1g78290	positive	MI:0407	0.41	1	MI:0018
Q9FLL0	Q9S744	At5g41200	At3g51920	positive	MI:0407	0.44	1	MI:0089
Q9FLV4	Q9S744	At5g24080	At3g51920	positive	MI:0407	0.44	1	MI:0089
Q9FM69	Q9S744	At5g55690	At3g51920	positive	MI:0407	0.44	1	MI:0089
Q9FMA3	Q9FXT6	At5g56290	At5g62810	positive	MI:0407	0.61	3	MI:0049;MI:0096
Q9FMC2	Q9S744	At5g38800	At3g51920	positive	MI:0407	0.44	1	MI:0089
Q9FMF5	Q9SWI1	At5g64330	At2g02950	positive	MI:0407	0.52	2	MI:0007;MI:0096
Q9FMH8	Q9XI01	At5g43060	At1g21750	positive	MI:0407	0.53	3	MI:0006;MI:0018
Q9FML2	Q9LMA8	At5g63110	At1g19180	positive	MI:0407	0.58	4	MI:0018;MI:0096;MI:0809
Q9FML2	Q9LVI4	At5g63110	At3g17860	positive	MI:0407	0.41	1	MI:0018
Q9FML2	Q9SLH0	At5g63110	At2g27050	positive	MI:0407	0.41	1	MI:0018
Q9FMX0	Q9LU64	At5g23310	At5g51100	positive	MI:0407	0.63	7	MI:0007;MI:0018;MI:0096;MI:0809
Q9FMZ0	Q9ZWC8	At5g42750	At1g55610	positive	MI:0407	0.64	4	MI:0007;MI:0018;MI:0096;MI:0423
Q9FN03	Q9FN03	At5g63860	At5g63860	positive	MI:0407	0.62	3	MI:0071;MI:0114;MI:0808
Q9FN03	Q9LTJ6	At5g63860	At5g52250	positive	MI:0407	0.41	1	MI:0809
Q9FNP4	Q9ZNX9	At5g61230	At5g24120	positive	MI:0407	0.58	4	MI:0018;MI:0096;MI:0809
Q9FNY0	Q9FNY2	At2g36010	At5g03415	positive	MI:0407	0.74	5	MI:0007;MI:0018;MI:0676
Q9FNY0	Q9FNY3	At2g36010	At5g02470	positive	MI:0407	0.74	6	MI:0007;MI:0018;MI:0676
Q9FNY2	Q9FV71	At5g03415	At5g22220	positive	MI:0407	0.74	6	MI:0007;MI:0018;MI:0676
Q9FNY3	Q9FV71	At5g02470	At5g22220	positive	MI:0407	0.86	10	MI:0006;MI:0007;MI:0018;MI:0096;MI:0676
Q9FUD3	Q9S744	At5g24800	At3g51920	positive	MI:0407	0.44	1	MI:0089
Q9FVC1	Q9SQI2	At2g22540	At1g22770	positive	MI:0407	0.53	2	MI:0007;MI:0018
Q9FZK0	Q9SQI2	At1g27360	At1g22770	positive	MI:0407	0.44	1	MI:0096
Q9LD83	Q9M101	At1g12480	At4g04740	positive	MI:0407	0.63	4	MI:0096;MI:0424;MI:0809
Q9LD83	Q9M9E9	At1g12480	At1g78290	positive	MI:0407	0.41	1	MI:0809
Q9LD83	Q9ZSA2	At1g12480	At4g04720	positive	MI:0407	0.54	2	MI:0424;MI:0809
Q9LDI3	Q9LKW9	At5g35410	At2g01980	positive	MI:0407	0.54	4	MI:0018;MI:0424
Q9LDI3	Q9S744	At5g35410	At3g51920	positive	MI:0407	0.54	2	MI:0007;MI:0089
Q9LDU5	Q9SV55	At1g17380	At4g28910	positive	MI:0407	0.77	10	MI:0018;MI:0096;MI:0397;MI:1112;MI:1356
Q9LEZ3	Q9SAD4	At5g08130	At1g12980	positive	MI:0407	0.63	4	MI:0007;MI:0018;MI:0809
Q9LFT8	Q9LKA5	At5g10270	At3g15000	positive	MI:0407	0.53	2	MI:0007;MI:0018
Q9LFU3	Q9S744	At5g15830/F14F8_210	At3g51920	positive	MI:0407	0.44	1	MI:0089
Q9LHI7	Q9S744	At3g12200	At3g51920	positive	MI:0407	0.44	1	MI:0089
Q9LJL9	Q9S744	At3g19100	At3g51920	positive	MI:0407	0.44	1	MI:0089
Q9LJY7	Q9S744	At3g20110	At3g51920	positive	MI:0407	0.44	1	MI:0089
Q9LJZ2	Q9S744	At3g20080	At3g51920	positive	MI:0407	0.44	1	MI:0089
Q9LKB9	Q9ZRE2	At5g43900	At3g11730	positive	MI:0407	0.53	3	MI:0018;MI:0096
Q9LMA8	Q9SLH0	At1g19180	At2g27050	positive	MI:0407	0.41	1	MI:0018
Q9LMA8	Q9SV55	At1g19180	At4g28910	positive	MI:0407	0.73	9	MI:0018;MI:0096;MI:0397;MI:0676;MI:1112;MI:1356
Q9LMN7	Q9SL15	At1g21230	At2g05520	positive	MI:0407	0.44	1	MI:0096
Q9LMN8	Q9SL15	At1g21240	At2g05520	positive	MI:0407	0.44	1	MI:0096
Q9LN63	Q9LN63	At1g19350	At1g19350	positive	MI:0407	0.44	1	MI:0096
Q9LN63	Q9STM3	At1g19350	At3g48430	positive	MI:0407	0.44	2	MI:0096
Q9LPR8	Q9LQT8	At1g50420	At1g14920	positive	MI:0407	0.41	1	MI:0018
Q9LPR8	Q9SLH3	At1g50420	At2g01570	positive	MI:0407	0.59	3	MI:0007;MI:0018;MI:0096
Q9LQ65	Q9S744	At1g59530	At3g51920	positive	MI:0407	0.44	1	MI:0089
Q9LQT8	Q9MAA7	At1g14920	At3g05120	positive	MI:0407	0.95	14	MI:0018;MI:0071;MI:0096;MI:0114;MI:0397;MI:1112;MI:1356
Q9LSI9	Q9S744	At3g28450	At3g51920	positive	MI:0407	0.44	1	MI:0089
Q9LTT8	Q9SJF3	At3g13300	At1g08370	positive	MI:0407	0.44	1	MI:0096
Q9LTW5	Q9XF67	At3g12690	At5g04510	positive	MI:0407	0.68	3	MI:0096;MI:0423
Q9LUI6	Q9S744	At3g22750	At3g51920	positive	MI:0407	0.44	1	MI:0089
Q9LUJ3	Q9LUJ3	At3g22680	At3g22680	positive	MI:0407	0.41	1	MI:0018
Q9LV04	Q9S744	At5g53450	At3g51920	positive	MI:0407	0.44	1	MI:0089
Q9LV87	Q9SSL9	At5g64900	At1g73080	positive	MI:0407	0.44	1	MI:0096
Q9LVI4	Q9LVI4	At3g17860	At3g17860	positive	MI:0407	0.79	8	MI:0007;MI:0018;MI:0096;MI:0809
Q9LVI4	Q9SLH0	At3g17860	At2g27050	positive	MI:0407	0.41	1	MI:0018
Q9LVI4	Q9SV55	At3g17860	At4g28910	positive	MI:0407	0.53	3	MI:0018;MI:0096
Q9LW66	Q9S744	At3g23310	At3g51920	positive	MI:0407	0.44	1	MI:0089
Q9LX56	Q9S744	At3g59150	At3g51920	positive	MI:0407	0.44	1	MI:0089
Q9LX99	Q9SEX2	At5g10470	At1g80350	positive	MI:0407	0.53	3	MI:0007;MI:0018
Q9LXJ0	Q9LXJ0	At3g52750	At3g52750	positive	MI:0407	0.68	4	MI:0018;MI:0055;MI:0397;MI:0809
Q9LYG8	Q9S744	At5g11620	At3g51920	positive	MI:0407	0.44	1	MI:0089
Q9LYL6	Q9S744	At3g56270	At3g51920	positive	MI:0407	0.44	1	MI:0089
Q9LZM1	Q9SHC8	At5g02100	At2g45140	positive	MI:0407	0.59	3	MI:0096;MI:0809
Q9LZN0	Q9SCZ4	At5g02010	At3g51550	positive	MI:0407	0.41	1	MI:0018
Q9LZP8	Q9S744	At3g62420	At3g51920	positive	MI:0407	0.44	1	MI:0089
Q9LZV7	Q9S744	At5g01890	At3g51920	positive	MI:0407	0.44	1	MI:0089
Q9M012	Q9SIY7	At5g01640	At2g40380	positive	MI:0407	0.53	4	MI:0096;MI:0397
Q9M155	Q9M223	At4g01090	At3g60360	positive	MI:0407	0.53	2	MI:0096;MI:0397
Q9M246	Q9SV55	At3g43440	At4g28910	positive	MI:0407	0.41	1	MI:0018
Q9M2K4	Q9S744	At3g58120	At3g51920	positive	MI:0407	0.44	1	MI:0089
Q9M7Q2	Q9S744	At3g19290	At3g51920	positive	MI:0407	0.44	1	MI:0089
Q9M844	Q9S744	At3g04430	At3g51920	positive	MI:0407	0.44	1	MI:0089
Q9M8T0	Q9S744	At3g02880	At3g51920	positive	MI:0407	0.44	1	MI:0089
Q9M8W6	Q9S744	At3g04100	At3g51920	positive	MI:0407	0.44	1	MI:0089
Q9M9C3	Q9S744	At1g68380/T2E12_7	At3g51920	positive	MI:0407	0.44	1	MI:0089
Q9M9C5	Q9S744	At1g68400	At3g51920	positive	MI:0407	0.44	1	MI:0089
Q9M9V8	Q9S744	At1g18890	At3g51920	positive	MI:0407	0.44	1	MI:0089
Q9MAA7	Q9SLH3	At3g05120	At2g01570	positive	MI:0407	0.93	13	MI:0007;MI:0013;MI:0018;MI:0096;MI:0397;MI:1112;MI:1356
Q9MAB4	Q9S744	At3g05050	At3g51920	positive	MI:0407	0.44	1	MI:0089
Q9MBA2	Q9MBA2	At5g24020	At5g24020	positive	MI:0407	0.71	6	MI:0018;MI:0055;MI:0809
Q9S744	Q9S7H5	At3g51920	At2g04890	positive	MI:0407	0.44	1	MI:0089
Q9S744	Q9SGN7	At3g51920	At1g28390	positive	MI:0407	0.44	1	MI:0089
Q9S744	Q9SJX8	At3g51920	At2g31180	positive	MI:0407	0.44	1	MI:0089
Q9S744	Q9SKN2	At3g51920	At2g28380	positive	MI:0407	0.44	1	MI:0089
Q9S744	Q9SL70	At3g51920	At2g20110	positive	MI:0407	0.44	1	MI:0089
Q9S744	Q9SLP1	At3g51920	At3g61880	positive	MI:0407	0.44	1	MI:0089
Q9S744	Q9SND6	At3g51920	At3g50310	positive	MI:0407	0.54	2	MI:0007;MI:0089
Q9S744	Q9SSC7	At3g51920	At1g80120	positive	MI:0407	0.44	1	MI:0089
Q9S744	Q9SSF8	At3g51920	At1g74740	positive	MI:0407	0.54	2	MI:0007;MI:0089
Q9S744	Q9SUP6	At3g51920	At4g23810	positive	MI:0407	0.54	2	MI:0007;MI:0089
Q9S744	Q9SYP2	At3g51920	At1g20950	positive	MI:0407	0.44	1	MI:0089
Q9S744	Q9SYS3	At3g51920	At4g04570	positive	MI:0407	0.44	1	MI:0089
Q9S744	Q9SZ03	At3g51920	At4g34380/F10M10_150	positive	MI:0407	0.44	1	MI:0089
Q9S744	Q9SZJ6	At3g51920	At4g37940	positive	MI:0407	0.44	1	MI:0089
Q9S744	Q9T074	At3g51920	At4g37870	positive	MI:0407	0.44	1	MI:0089
Q9S744	Q9ZPE4	At3g51920	At4g08980	positive	MI:0407	0.44	1	MI:0089
Q9S744	Q9ZUI9	At3g51920	At1g60040	positive	MI:0407	0.44	1	MI:0089
Q9S744	Q9ZVM9	At3g51920	At1g54610	positive	MI:0407	0.44	1	MI:0089
Q9S750	Q9S750	At3g07800	At3g07800	positive	MI:0407	0.59	2	MI:0071;MI:0397
Q9S7M2	Q9SV55	At1g74950	At4g28910	positive	MI:0407	0.71	6	MI:0018;MI:0096;MI:0397;MI:1112;MI:1356
Q9S7P9	Q9ZSD4	At5g61210	At3g11820	positive	MI:0407	0.6	4	MI:0007;MI:0096
Q9S7Q7	Q9SQI2	At5g10140	At1g22770	positive	MI:0407	0.41	1	MI:0018
Q9SAZ5	Q9SB04	At5g39340	At3g48100	positive	MI:0407	0.65	3	MI:0018;MI:0096
Q9SAZ5	Q9SHC2	At5g39340	At2g40670	positive	MI:0407	0.53	2	MI:0018;MI:0096
Q9SAZ5	Q9ZWS7	At5g39340	At1g19050	positive	MI:0407	0.65	4	MI:0018;MI:0096
Q9SB04	Q9ZNV9	At3g48100	At3g21510	positive	MI:0407	0.53	2	MI:0018;MI:0096
Q9SCL7	Q9ZST4	At3g57560	At4g01900	positive	MI:0407	0.81	5	MI:0018;MI:0071;MI:0096
Q9SCZ4	Q9SRY3	At3g51550	At1g02900	positive	MI:0407	0.54	3	MI:0007;MI:0096
Q9SEE9	Q9SEU4	At1g16610	At1g55310	positive	MI:0407	0.59	3	MI:0018;MI:0096
Q9SEU8	Q9SMX3	At4g03520	At5g15090	positive	MI:0407	0.58	4	MI:0018;MI:0096;MI:0809
Q9SHC2	Q9ZNV8	At2g40670	At3g29350	positive	MI:0407	0.53	2	MI:0018;MI:0096
Q9SIN1	Q9ZPS9	At2g42580	At2g01950	positive	MI:0407	0.54	2	MI:0006;MI:0084
Q9SIU2	Q9XFD1	At2g13540	At5g44200	positive	MI:0407	0.68	7	MI:0006;MI:0018;MI:0055;MI:0663
Q9SJF3	Q9SJF3	At1g08370	At1g08370	positive	MI:0407	0.44	1	MI:0096
Q9SM23	Q9SSA8	At5g53470	At1g53910	positive	MI:0407	0.51	3	MI:0018;MI:0809
Q9SQR2	Q9SVQ9	At3g04000	At4g13180	positive	MI:0407	0.53	3	MI:0096;MI:0397
Q9SRQ3	Q9SRQ3	At3g03490	At3g03490	positive	MI:0407	0.54	2	MI:0071;MI:0404
Q9SRQ3	Q9SYU4	At3g03490	At2g26350	positive	MI:0407	0.54	2	MI:0007;MI:0096
Q9SS94	Q9SS94	At3g01610	At3g01610	positive	MI:0407	0.44	1	MI:0055
Q9SSA8	Q9STP8	At1g53910	At4g27780	positive	MI:0407	0.51	3	MI:0018;MI:0809
Q9SSM7	Q9SSM7	At1g73000	At1g73000	positive	MI:0407	0.68	8	MI:0028;MI:0030;MI:0071;MI:0114;MI:0826
Q9STF9	Q9STF9	At3g46870	At3g46870	positive	MI:0407	0.44	1	MI:0905
Q9SU94	Q9SU94	At4g29510	At4g29510	positive	MI:0407	0.44	1	MI:0096
Q9SUA3	Q9XF67	At4g26610	At5g04510	positive	MI:0407	0.68	3	MI:0096;MI:0423
Q9SUQ8	Q9SUQ8	At4g23690	At4g23690	positive	MI:0407	0.56	2	MI:0030;MI:0071
Q9SVG9	Q9ZPX9	At4g20780	At2g46600	positive	MI:0407	0.53	4	MI:0018;MI:0096
Q9SYX1	Q9SYX1	At4g17600	At4g17600	positive	MI:0407	0.53	2	MI:0107;MI:0112
Q9SZ15	Q9ZNT0	At4g26750	At2g27600	positive	MI:0407	0.53	2	MI:0018;MI:0096
Q9XEA1	Q9XEA1	At4g04340	At4g04340	positive	MI:0407	0.36	1	MI:2339
Q9XGM3	Q9XGM3	At5g45250	At5g45250	positive	MI:0407	0.69	6	MI:0007;MI:0018;MI:0028;MI:0067;MI:0071;MI:0114
Q9XI87	Q9ZPS9	At1g14000	At2g01950	positive	MI:0407	0.54	2	MI:0006;MI:0084
Q9XIC7	Q9ZVR7	At1g34210	At2g02220	positive	MI:0407	0.71	5	MI:0007;MI:0028;MI:0071;MI:0892
Q9ZNV8	Q9ZWJ9	At3g29350	At4g16110	positive	MI:0407	0.82	7	MI:0006;MI:0018;MI:0397;MI:1112;MI:1356
Q9ZNV8	Q9ZWS7	At3g29350	At1g19050	positive	MI:0407	0.77	6	MI:0018;MI:0096;MI:0397;MI:1112;MI:1356
Q9ZNV9	Q9ZWJ9	At3g21510	At4g16110	positive	MI:0407	0.73	4	MI:0006;MI:0018
Q9ZWC8	Q9ZWC8	At1g55610	At1g55610	positive	MI:0407	0.44	1	MI:0055
A0A1I9LL75	Q945M1	At3g13740	At4g34700	negative	none	NA	0	NA
A0A1I9LP47	Q9ZVI3	At3g53540	At2g38610	negative	none	NA	0	NA
A0A1I9LQ12	Q9C658	At3g43850	At1g26110	negative	none	NA	0	NA
A0A1I9LQ53	Q8W4K5	At3g50230	At3g63300	negative	none	NA	0	NA
A0A1P8ASI5	Q8L7U0	At1g56120	At3g03330	negative	none	NA	0	NA
A0A1P8B1V0	Q8GY12	At2g20950	At1g52695	negative	none	NA	0	NA
A0A1P8B4Y6	P92983	At4g21660	At3g30775	negative	none	NA	0	NA
A0A1P8B7M3	Q9C504	At4g21570	At1g31760	negative	none	NA	0	NA
A0A1P8BAS1	Q940U5	At5g01950	At1g27700	negative	none	NA	0	NA
A0A1P8BAS1	Q9FK42	At5g01950	At5g18300	negative	none	NA	0	NA
A0A1P8BC43	Q94BN0	At5g46190	At3g48360	negative	none	NA	0	NA
A0A1R7T3H0	Q9ZV06	At5g49780	At2g39020	negative	none	NA	0	NA
A1A6M1	Q5HZ38	At4g13670	At5g60550	negative	none	NA	0	NA
A1L4W5	Q8W4S5	At3g43700	At5g63710	negative	none	NA	0	NA
A1L4X0	Q8VYR5	At4g24460	At4g35850	negative	none	NA	0	NA
A2RVS6	Q9LUL2	At3g49430	At3g14370	negative	none	NA	0	NA
A2RVU3	Q9ZUC0		At1g23750	negative	none	NA	0	NA
A4D998	Q94AU9	At1g25330	At4g04330	negative	none	NA	0	NA
A4FVP6	Q94JM3	At1g34180	At5g62000	negative	none	NA	0	NA
A4VCM0	Q29PQ8	At3g03200	At1g59940	negative	none	NA	0	NA
A4VCM0	Q9LXJ2	At3g03200	At3g52730	negative	none	NA	0	NA
A8MRZ8	Q9LTW5	At1g09980	At3g12690	negative	none	NA	0	NA
A8MS32	O49697	At5g64130	At4g17980	negative	none	NA	0	NA
A8MS70	Q9LPD5	At3g17609	At1g44960	negative	none	NA	0	NA
A8MSE3	Q84JH2	At2g39805	At5g48650	negative	none	NA	0	NA
A8R7E6	Q9ZW22	At3g21630	At2g29390	negative	none	NA	0	NA
B3H506	O22264	At3g44350	At2g47460	negative	none	NA	0	NA
B3H5I5	Q9FNQ0	At5g57860	At5g61150	negative	none	NA	0	NA
B3H7H1	Q9C5T5	At3g07300		negative	none	NA	0	NA
B3H7H1	Q9SAG6	At3g07300	At1g80940	negative	none	NA	0	NA
B5X0I6	Q9C9H1	At2g06210	At1g68360	negative	none	NA	0	NA
B5X0N6	Q9SQX9	At5g11800	At3g10480	negative	none	NA	0	NA
B5X4Z4	Q6NM52	At4g37670	At4g15770	negative	none	NA	0	NA
B9DFI7	Q8W4K5	At1g26850	At3g63300	negative	none	NA	0	NA
B9DFS6	Q05609	At5g07120	At5g03730	negative	none	NA	0	NA
B9DFS6	Q8VZ95	At5g07120	At3g60600	negative	none	NA	0	NA
B9DG73	Q9XF88	At3g11930	At3g08940	negative	none	NA	0	NA
B9DGA1	Q9SJC2	At3g59090	At2g04480	negative	none	NA	0	NA
B9DGD1	O65397	At5g35630	At1g11850	negative	none	NA	0	NA
B9DGD6	Q9ZUM8	At5g36880	At2g19650	negative	none	NA	0	NA
B9DHT4	Q9SVQ3	At5g19330	At4g13240	negative	none	NA	0	NA
C0LGD6	Q9MAB3	At1g05700	At3g05060	negative	none	NA	0	NA
C0LGI2	Q9FUQ7	At1g67720	At1g64480	negative	none	NA	0	NA
C0LGN2	Q9M205	At3g14840	At3g60550	negative	none	NA	0	NA
C0LGP4	Q8VZR8	At3g47570	At4g28300	negative	none	NA	0	NA
C0LGR3	O22704	At4g26540	At1g60660	negative	none	NA	0	NA
C0LGR9	P49689	At4g31250	At5g56670	negative	none	NA	0	NA
C0LGS2	Q9LHS9	At4g36180	At5g06070	negative	none	NA	0	NA
C0LGW6	Q8GWI7	At5g62230	At1g52070	negative	none	NA	0	NA
C0LGW6	Q9LMR3	At5g62230	At1g15710	negative	none	NA	0	NA
C0SUW7	Q93Z51	At1g20910	At3g16190	negative	none	NA	0	NA
C0SV91	Q9LT56	At2g46670	At3g27560	negative	none	NA	0	NA
C6KIE6	Q8H1G5	At4g34390	At4g31420	negative	none	NA	0	NA
F4HPA7	Q9LPU8	At1g26665	At1g21130	negative	none	NA	0	NA
F4HQ22	Q9LPT6	At1g66920	At1g50670	negative	none	NA	0	NA
F4HTE0	Q9FK10	At1g53880	At5g53320	negative	none	NA	0	NA
F4HXZ1	Q8L9E3	At1g15130	At5g61220	negative	none	NA	0	NA
F4HZY9	O04351	At1g35580	At2g30400	negative	none	NA	0	NA
F4I065	Q9FKF9	At1g49100	At5g61620	negative	none	NA	0	NA
F4I0P9	Q9LUV4	At1g75860	At3g22440	negative	none	NA	0	NA
F4I1G5	P49333	At1g29390	At1g66340	negative	none	NA	0	NA
F4I1K2	Q9FG65	At1g36050	At5g36220	negative	none	NA	0	NA
F4I3C3	Q9C8Y7	At1g49670	At1g66300	negative	none	NA	0	NA
F4I3V3	Q147N7	At1g69910		negative	none	NA	0	NA
F4I420	Q8VYJ7	At1g76810	At2g25140	negative	none	NA	0	NA
F4I421	Q84JG2	At1g76820	At2g33610	negative	none	NA	0	NA
F4I4R0	O82307	At1g30080	At2g25900	negative	none	NA	0	NA
F4I4R0	Q9M000	At1g30080	At3g60630	negative	none	NA	0	NA
F4I4R0	Q9STE8	At1g30080	At3g46740	negative	none	NA	0	NA
F4I5D7	Q9SXJ7	At1g70280	At3g48870	negative	none	NA	0	NA
F4I672	Q9C7A8	At1g23460	At3g12530	negative	none	NA	0	NA
F4I672	Q9FLM8	At1g23460	At5g41010	negative	none	NA	0	NA
F4I6M4	Q9C5G5	At1g50890	At3g51460	negative	none	NA	0	NA
F4I764	Q6X7K0	At1g04930	At3g18010	negative	none	NA	0	NA
F4I7I0	Q9LP51	At1g17290	At1g29230	negative	none	NA	0	NA
F4I8E9	O81108	At1g71110	At4g37640	negative	none	NA	0	NA
F4I9J8	P57742	At1g51520	At5g23290	negative	none	NA	0	NA
F4ICX9	Q9CAC1	At1g52410	At1g70710	negative	none	NA	0	NA
F4IE21	F4K5X6	At1g19200	At5g37260	negative	none	NA	0	NA
F4IFC5	Q9FI70	At2g04842	At5g49000	negative	none	NA	0	NA
F4IH98	O04336	At2g05440	At2g30590	negative	none	NA	0	NA
F4IH98	Q93XY4	At2g05440	At5g03990	negative	none	NA	0	NA
F4IHL3	Q9LM92	At2g21710	At1g20580	negative	none	NA	0	NA
F4IHS9	Q9LPR6	At2g28315	At1g18520	negative	none	NA	0	NA
F4II29	Q9FHQ9	At2g40730	At5g37610	negative	none	NA	0	NA
F4IK01	Q940I8	At2g41350	At4g16100	negative	none	NA	0	NA
F4IM73	P0CW77	At2g01070	At4g30120	negative	none	NA	0	NA
F4IPE3	Q9LVW0	At2g01940	At5g54100/MJP23_8	negative	none	NA	0	NA
F4IS00	Q38869	At2g38150	At4g09570	negative	none	NA	0	NA
F4ISG1	Q8L7W0	At2g19260	At4g18060	negative	none	NA	0	NA
F4ITL6	Q8VWQ4	At2g26070	At1g64000	negative	none	NA	0	NA
F4IUW3	Q500V6	At2g39130	At1g13140	negative	none	NA	0	NA
F4IUW3	Q9SB04	At2g39130	At3g48100	negative	none	NA	0	NA
F4IVJ8	Q9FGP7	At2g26780	At5g50480	negative	none	NA	0	NA
F4IVZ7	P48006	At2g39730	At1g30230	negative	none	NA	0	NA
F4IX22	O80786	At3g62010	At2g07690	negative	none	NA	0	NA
F4IX22	Q9SIK1	At3g62010	At2g21590	negative	none	NA	0	NA
F4IX26	Q9LY28	At3g62030	At5g07320	negative	none	NA	0	NA
F4IYD1	Q9C9N5	At3g01030	At1g66830	negative	none	NA	0	NA
F4IZC0	Q9LXC9	At3g50190	At5g09650	negative	none	NA	0	NA
F4IZC5	Q9MAU6	At3g56170	At1g04980	negative	none	NA	0	NA
F4J030	Q9LIS3	At3g15800	At3g23820	negative	none	NA	0	NA
F4J0W4	Q94F58	At3g63150	At5g22290	negative	none	NA	0	NA
F4J153	Q94JQ7	At3g03570	At1g07830	negative	none	NA	0	NA
F4J220	Q949V7	At3g50920	At3g59300	negative	none	NA	0	NA
F4J2K4	Q6S592	At3g10180/At3g10170	At1g13400	negative	none	NA	0	NA
F4J5M9	Q9M3B3	At3g51890	At3g49190	negative	none	NA	0	NA
F4J6I6	P31167	At3g24200	At3g08580	negative	none	NA	0	NA
F4J819	O65555	At3g52640	At4g30940	negative	none	NA	0	NA
F4JCR2	Q0PW40	At3g47910	At4g23210	negative	none	NA	0	NA
F4JKK0	O64425	At4g34100	At4g03510	negative	none	NA	0	NA
F4JL28	Q39218	At4g22140	At3g13110	negative	none	NA	0	NA
F4JMN0	Q9LQ12	At4g22830	At1g62940	negative	none	NA	0	NA
F4JP43	Q8VZ73	At4g17330	At2g39100	negative	none	NA	0	NA
F4JP79	Q9S9Z2	At4g17570	At1g34670	negative	none	NA	0	NA
F4JP94	Q9LX51	At4g17640	At3g59200	negative	none	NA	0	NA
F4JQ95	Q9SAK9	At4g30340	At1g79390/T8K14_19	negative	none	NA	0	NA
F4JRR5	Q9C616	At4g24900	At1g32240	negative	none	NA	0	NA
F4JS25	Q6NNH1	At4g37460	At1g13520	negative	none	NA	0	NA
F4JSU0	Q94CK1	At4g37780	At5g12410	negative	none	NA	0	NA
F4JT76	Q9S7J8	At4g19490	At5g44790	negative	none	NA	0	NA
F4JTI1	Q9ZT96	At4g32070	At4g02990	negative	none	NA	0	NA
F4JVI3	Q93WB2	At4g14605	At5g25280	negative	none	NA	0	NA
F4JVN6	Q94BU8	At4g20850	At5g28050	negative	none	NA	0	NA
F4JXH7	Q9SI62	At5g60170	At2g16530	negative	none	NA	0	NA
F4JY84	Q27GL4	At5g25790	At2g07773	negative	none	NA	0	NA
F4JZD5	Q8VXY0	At5g11870	At2g36145	negative	none	NA	0	NA
F4K0E8	Q9C803	At5g60600	At1g33490/F10C21_22	negative	none	NA	0	NA
F4K128	Q9LFS4	At5g19310	At5g16000	negative	none	NA	0	NA
F4K1J1	Q8S9G8	At5g42370	At5g18830	negative	none	NA	0	NA
F4K1U5	O23712	At5g54750	At1g47250	negative	none	NA	0	NA
F4K210	O80765	At5g61200	At1g60440	negative	none	NA	0	NA
F4K210	Q9FX31	At5g61200	At1g73360	negative	none	NA	0	NA
F4K3G5	O04291	At5g55390	At2g34710	negative	none	NA	0	NA
F4K3G5	O64477	At5g55390	At2g19130	negative	none	NA	0	NA
F4K3G5	Q6NNI6	At5g55390	At4g17810	negative	none	NA	0	NA
F4K5S0	Q9FL13	At5g27970	At5g40190	negative	none	NA	0	NA
F4K5S0	Q9MAU6	At5g27970	At1g04980	negative	none	NA	0	NA
F4K8Y6	Q9FY69	At5g50380	At5g09460	negative	none	NA	0	NA
F4K964	Q9C7K0	At5g57035	At1g56250	negative	none	NA	0	NA
F4K9W6	Q9C9N8	At5g22480	At1g66860	negative	none	NA	0	NA
F4KAS3	Q94F08	At5g63600	At5g62630	negative	none	NA	0	NA
F4KCH7	Q9LQ28	At5g09210	At1g33760	negative	none	NA	0	NA
F4KCH7	Q9M9V8	At5g09210	At1g18890	negative	none	NA	0	NA
F4KG64	Q8L860	At5g52410	At4g32760	negative	none	NA	0	NA
F4KGE8	Q9SCM4	At5g58960	At3g57480	negative	none	NA	0	NA
F4KGY6	Q9SI09	At5g17300	At2g04240	negative	none	NA	0	NA
F4KIB2	Q9LUG9	At5g10840	At3g23590	negative	none	NA	0	NA
F4KIB2	Q9LUH2	At5g10840	At3g23560	negative	none	NA	0	NA
F4KIJ2	Q8GWJ7	At5g24810	At4g23270	negative	none	NA	0	NA
O04005	Q944G5	At1g48130	At3g47960	negative	none	NA	0	NA
O04027	Q9LRJ9	At1g09030	At3g22060	negative	none	NA	0	NA
O04034	Q1G3Z3	At1g08960	At1g47278	negative	none	NA	0	NA
O04036	Q9M1Y3	At1g08930	At3g59910	negative	none	NA	0	NA
O04173	P56792	At4g31720	AtCg00780	negative	none	NA	0	NA
O04291	Q38819	At2g34710	At1g15570	negative	none	NA	0	NA
O04291	Q9LYG8	At2g34710	At5g11620	negative	none	NA	0	NA
O04294	Q8L7V8	At4g02150		negative	none	NA	0	NA
O04309	O22890	At3g16470	At2g40450	negative	none	NA	0	NA
O04314	Q9LV90	At3g16420	At5g64870	negative	none	NA	0	NA
O04316	O64636	At3g16410	At2g45560	negative	none	NA	0	NA
O04331	O04848	At5g40770	At1g08880	negative	none	NA	0	NA
O04450	Q93ZJ3	At1g24510	At2g20585	negative	none	NA	0	NA
O04539	Q9STT5	At1g70060	At3g47780	negative	none	NA	0	NA
O04551	P47999	At1g27020	At2g43750	negative	none	NA	0	NA
O04632	P93743	At5g26865	At2g42040	negative	none	NA	0	NA
O04656	Q9FND1	At5g27140	At5g43950/MRH10.5	negative	none	NA	0	NA
O04951	Q9FMH6	At1g69960	At5g43070	negative	none	NA	0	NA
O04951	Q9M9S0	At1g69960	At1g14440	negative	none	NA	0	NA
O22059	Q9SU56	At2g46410	At3g47930	negative	none	NA	0	NA
O22178	Q42581	At2g23300	At2g35390	negative	none	NA	0	NA
O22211	Q9SJR5	At2g41490	At2g36400	negative	none	NA	0	NA
O22224	Q8VY89	At2g41620	At2g39090	negative	none	NA	0	NA
O22229	Q8W4I4	At2g41680	At1g70300	negative	none	NA	0	NA
O22264	Q94AA3	At2g47460	At3g09210	negative	none	NA	0	NA
O22264	Q9FHB0	At2g47460	At5g60140	negative	none	NA	0	NA
O22265	P22954	At2g47450	At5g02490	negative	none	NA	0	NA
O22285	Q9ZV66	At2g39750	At2g32380	negative	none	NA	0	NA
O22286	Q8VYP5	At2g39760	At3g60800	negative	none	NA	0	NA
O22476	Q7XJU2	At4g39400	At1g05710	negative	none	NA	0	NA
O22476	Q8LCH5	At4g39400	At1g07950	negative	none	NA	0	NA
O22527	Q94BY8	At1g19670	At5g40660	negative	none	NA	0	NA
O22558	Q93YT1	At2g17700	At4g35290	negative	none	NA	0	NA
O22588	Q8GXT3	At1g17810	At3g20640	negative	none	NA	0	NA
O22622	Q9LPW3	At2g35520	At1g12860	negative	none	NA	0	NA
O22714	Q8VYI1	At1g60770	At1g69640	negative	none	NA	0	NA
O22759	Q9FIQ4	At4g02670	At5g46710	negative	none	NA	0	NA
O22763	Q93W92	At4g02640	At5g60590	negative	none	NA	0	NA
O22768	P29517	At4g02590	At4g20890	negative	none	NA	0	NA
O22769	Q42404	At4g02580	At3g50670	negative	none	NA	0	NA
O22798	Q9LVI4	At2g33480	At3g17860	negative	none	NA	0	NA
O22815	Q9FNZ2	At2g33670	At4g25440	negative	none	NA	0	NA
O22823	P25819	At2g43810	At4g35090	negative	none	NA	0	NA
O22845	Q9SGS2	At2g43290	At1g76110	negative	none	NA	0	NA
O22860	Q84K05	At3g59540	At1g54770	negative	none	NA	0	NA
O22914	Q9LPL4	At2g47400	At1g21410	negative	none	NA	0	NA
O22932	Q9C827	At2g30360	At1g52360	negative	none	NA	0	NA
O22958	Q9SVW8	At2g34050	At4g35470	negative	none	NA	0	NA
O22985	Q9M9B3	At4g24050	At1g49130	negative	none	NA	0	NA
O23078	Q9FFD5	At4g00240	At5g16490	negative	none	NA	0	NA
O23078	Q9SJL7	At4g00240	At2g36890	negative	none	NA	0	NA
O23087	Q9FMC7	At4g00900	At5g04830	negative	none	NA	0	NA
O23120	Q38826	At1g23040	At2g22670	negative	none	NA	0	NA
O23167	Q42581	At4g37190	At2g35390	negative	none	NA	0	NA
O23171	Q9FZ33	At4g37150	At1g54990	negative	none	NA	0	NA
O23210	Q9C9A6	At4g36710	At1g71020	negative	none	NA	0	NA
O23236	Q940U6	At4g36450	At3g14110	negative	none	NA	0	NA
O23263	Q9LUZ4	At4g14020	At5g58620	negative	none	NA	0	NA
O23264	Q9SAF1	At4g14030	At1g13180	negative	none	NA	0	NA
O23338	O24412	At4g14830	At5g05780	negative	none	NA	0	NA
O23342	Q5PP38	At4g14870	At5g47140	negative	none	NA	0	NA
O23379	Q9ZR04	At4g15250	At4g03270	negative	none	NA	0	NA
O23504	Q944K2	At4g16610	At5g66680	negative	none	NA	0	NA
O23530	Q8GYN5	At4g16890	At3g25070	negative	none	NA	0	NA
O23628	O64823	At3g54560	At2g23790	negative	none	NA	0	NA
O23659	O65397	At2g33720	At1g11850	negative	none	NA	0	NA
O23661	Q9FGJ8	At2g33860	At5g47590/MNJ7.18	negative	none	NA	0	NA
O23693	Q9C6B8	At1g11000	At1g73590	negative	none	NA	0	NA
O23712	Q9SLV1	At1g47250	At1g58330	negative	none	NA	0	NA
O23715	Q9FNY0	At2g27020	At2g36010	negative	none	NA	0	NA
O23913	P27140	At3g22360	At3g01500	negative	none	NA	0	NA
O24409	Q9SKB2	At3g15540	At2g31880	negative	none	NA	0	NA
O24412	Q940Z1	At5g05780	At1g19525	negative	none	NA	0	NA
O48533	P51102	At2g42260	At5g42800	negative	none	NA	0	NA
O48538	Q3E7N5	At1g64060	At5g54067	negative	none	NA	0	NA
O48686	P84634	At1g24190	At5g20320	negative	none	NA	0	NA
O48707	Q8GYN0	At2g26400	At3g22070/MZN24_26	negative	none	NA	0	NA
O48707	Q9SIH1	At2g26400	At2g36130	negative	none	NA	0	NA
O48741	P34788	At1g03630	At4g09800	negative	none	NA	0	NA
O48790	Q9SAH1	At2g26760	At1g80890	negative	none	NA	0	NA
O48828	Q1PDZ0	At2g17880	At5g07510	negative	none	NA	0	NA
O48844	Q8L838	At2g32730	At4g01395	negative	none	NA	0	NA
O48845	Q5YGP7	At2g32720	At1g51190	negative	none	NA	0	NA
O48847	Q9ZW31	At2g32700	At2g29500	negative	none	NA	0	NA
O48916	Q9LY43	At2g34770	At3g56030	negative	none	NA	0	NA
O48917	Q9SJM3	At4g33030	At2g36350	negative	none	NA	0	NA
O48963	Q9FK91	At3g45780	At5g22470	negative	none	NA	0	NA
O49160	Q9ZR02	At3g56150	At4g03290	negative	none	NA	0	NA
O49213	Q9FIP0	At1g73250	At5g24190	negative	none	NA	0	NA
O49299	Q9LVI4	At1g23190	At3g17860	negative	none	NA	0	NA
O49404	Q94F00	At4g18890	At1g31190	negative	none	NA	0	NA
O49460	P56762	At4g28510	AtCg00740	negative	none	NA	0	NA
O49515	Q39190	At4g18450	At3g16650	negative	none	NA	0	NA
O49519	O81793	At4g18510	At4g35610	negative	none	NA	0	NA
O49538	Q9FHN8	At5g65790	At5g65930	negative	none	NA	0	NA
O49552	Q9C899	At4g21100	At1g55290	negative	none	NA	0	NA
O49553	Q8H1B3	At4g21110	At1g09080	negative	none	NA	0	NA
O49653	O82568	At4g22720	At3g25585	negative	none	NA	0	NA
O49654	Q9C551	At4g22730	At1g31970	negative	none	NA	0	NA
O49663	Q8GYG0	At4g22820	At5g08139/At5g08140	negative	none	NA	0	NA
O49686	Q8LDI1	At4g17870	At3g19900	negative	none	NA	0	NA
O49697	Q9FNE4	At4g17980	At5g40340	negative	none	NA	0	NA
O64399	Q38900	At5g60890	At2g16600	negative	none	NA	0	NA
O64471	Q84JF2	At2g19080	At1g62855	negative	none	NA	0	NA
O64477	Q8GY79	At2g19130	At5g41070	negative	none	NA	0	NA
O64511	Q9LD40	At2g02710	At4g01010	negative	none	NA	0	NA
O64531	Q9LU64	At1g79220	At5g51100	negative	none	NA	0	NA
O64531	Q9ZVN6	At1g79220	At1g05020	negative	none	NA	0	NA
O64602	Q949S3	At1g70340	At3g42725	negative	none	NA	0	NA
O64638	Q9LRZ4	At2g45580	At3g16800	negative	none	NA	0	NA
O64647	Q941L2	At2g45680	At3g61190	negative	none	NA	0	NA
O64687	Q9M0M4	At2g34600	At4g17270	negative	none	NA	0	NA
O64778	Q9T6H8	At1g61420	At2g07783	negative	none	NA	0	NA
O64798	Q9SUT6	At1g67470	At4g11250	negative	none	NA	0	NA
O64823	Q6DSS2	At2g23790	At2g31862	negative	none	NA	0	NA
O64903	Q9FMR9	At5g63310	At5g22330	negative	none	NA	0	NA
O65373	Q84K71	At1g12060	At2g38330	negative	none	NA	0	NA
O65389	Q9SA23	At1g11915	At1g16240	negative	none	NA	0	NA
O65398	Q8L797	At1g11840	At5g09315	negative	none	NA	0	NA
O65421	Q8H7F6	At4g21560	At2g38270	negative	none	NA	0	NA
O65499	Q07098	At4g35280	At1g10430	negative	none	NA	0	NA
O65508	Q42602	At4g36160	At1g64900	negative	none	NA	0	NA
O65515	Q9MAN1	At4g36240	At1g01030	negative	none	NA	0	NA
O65567	Q94A21	At4g30825	At5g15330	negative	none	NA	0	NA
O65665	Q41969	At4g39780	At5g20920	negative	none	NA	0	NA
O65685	Q42533	At4g34610	At5g16390	negative	none	NA	0	NA
O65685	Q9LTF2	At4g34610	At5g52650	negative	none	NA	0	NA
O65719	P49689	At3g09440	At5g56670	negative	none	NA	0	NA
O65784	Q6NQD9	At3g53280	At5g19480	negative	none	NA	0	NA
O65786	Q8VYF7	At3g26280	At1g71260	negative	none	NA	0	NA
O65896	Q9S7L5	At2g19570	At1g74930	negative	none	NA	0	NA
O80345	Q8GW77	At4g28980	At3g14780/T21E2_3	negative	none	NA	0	NA
O80345	Q9FJB4	At4g28980	At5g35460	negative	none	NA	0	NA
O80438	Q9SZI6	At2g38130	At4g26150	negative	none	NA	0	NA
O80474	Q94BV4	At2g23580	At2g45810	negative	none	NA	0	NA
O80480	Q9M8K6	At1g09270	At3g06120	negative	none	NA	0	NA
O80482	Q9LQT3	At1g09250	At1g75810	negative	none	NA	0	NA
O80482	Q9SMX3	At1g09250	At5g15090	negative	none	NA	0	NA
O80492	Q93VB4	At1g09160	At4g02220	negative	none	NA	0	NA
O80501	Q96285	At2g44610	At3g59700	negative	none	NA	0	NA
O80517	Q9M350	At2g44790	At3g53760	negative	none	NA	0	NA
O80548	Q9SCR0	At1g22730	At3g50650	negative	none	NA	0	NA
O80565	Q1ECK0	At2g43950	At1g03730	negative	none	NA	0	NA
O80574	Q9FUP0	At2g44040	At2g06050	negative	none	NA	0	NA
O80582	Q38822	At2g44130	At1g04240	negative	none	NA	0	NA
O80605	Q9ZR04	At2g02860	At4g03270	negative	none	NA	0	NA
O80632	Q94JX9	At2g39450	At3g49470	negative	none	NA	0	NA
O80638	Q94AT3	At2g39510	At1g49350	negative	none	NA	0	NA
O80651	Q6NNH1	At1g77145	At1g13520	negative	none	NA	0	NA
O80651	Q9LYN0	At1g77145	At3g56110	negative	none	NA	0	NA
O80653	Q94BY8	At1g77180	At5g40660	negative	none	NA	0	NA
O80653	Q9LQ10	At1g77180	At1g62960	negative	none	NA	0	NA
O80653	Q9SZR9	At1g77180	At4g27420	negative	none	NA	0	NA
O80654	Q9MAX3	At1g77200	At1g78000	negative	none	NA	0	NA
O80739	P37107	At1g60160	At5g03940	negative	none	NA	0	NA
O80748	Q9SYT0	At1g60250	At1g35720	negative	none	NA	0	NA
O80759	Q1G3F7	At1g60380	At5g19485	negative	none	NA	0	NA
O80762	Q9FG94	At1g60410	At5g43690	negative	none	NA	0	NA
O80786	Q9CAK8	At2g07690	At1g63970	negative	none	NA	0	NA
O80805	Q9FE67	At1g65330	At5g44210	negative	none	NA	0	NA
O80837	Q42565	At2g45820	At1g25220	negative	none	NA	0	NA
O80860	Q9FH99	At2g30950	At5g67140	negative	none	NA	0	NA
O80861	Q93ZT6	At2g30960	At5g57870	negative	none	NA	0	NA
O80871	Q9LK29	At2g30020	At3g27240	negative	none	NA	0	NA
O80902	Q9SI20	At2g38490	At2g18110	negative	none	NA	0	NA
O80902	Q9ZSK2	At2g38490	At2g31200	negative	none	NA	0	NA
O80915	Q9LXC9	At2g38360	At5g09650	negative	none	NA	0	NA
O80917	Q93YQ1	At2g38340	At3g08850	negative	none	NA	0	NA
O80952	Q8VYJ7	At2g39290	At2g25140	negative	none	NA	0	NA
O80952	Q9LSB2	At2g39290	At3g18650	negative	none	NA	0	NA
O80963	Q93WY4	At2g39180	At2g44745	negative	none	NA	0	NA
O80982	Q645J1	At2g26150		negative	none	NA	0	NA
O80982	Q9SUU8	At2g26150	At4g32440	negative	none	NA	0	NA
O81069	Q9C888	At2g28990	At1g55180	negative	none	NA	0	NA
O81098	Q501B2	At3g22320	At2g35530	negative	none	NA	0	NA
O81148	Q944H1	At3g22110	At4g10470	negative	none	NA	0	NA
O81149	Q9FK28	At1g53850	At5g50440	negative	none	NA	0	NA
O81292	Q0WQN9	At4g02410	At5g10440	negative	none	NA	0	NA
O81292	Q1HDT2	At4g02410	At5g37060	negative	none	NA	0	NA
O81313	Q94AQ0	At4g00120	At4g36970	negative	none	NA	0	NA
O81323	Q9FFD5	At4g00220	At5g16490	negative	none	NA	0	NA
O81325	Q9FPJ4	At4g00231/F6N15.2	At5g47200	negative	none	NA	0	NA
O81445	Q9C5X8	At4g17615	At1g16540	negative	none	NA	0	NA
O81483	P0C7P7	At2g41280	At1g05675	negative	none	NA	0	NA
O81632	Q84JU4	At4g10800	At2g04550	negative	none	NA	0	NA
O81632	Q84TF4	At4g10800	At1g03850	negative	none	NA	0	NA
O81635	Q9SND6	At5g27000	At3g50310	negative	none	NA	0	NA
O81644	Q96253	At2g41740	At1g51650	negative	none	NA	0	NA
O81793	Q9M1K0	At4g35610	At3g56980	negative	none	NA	0	NA
O81836	Q946Y7	At4g27330	At1g28490	negative	none	NA	0	NA
O81838	P30184	At4g27350	At2g24200	negative	none	NA	0	NA
O81851	Q9LRZ6	At4g19700	At3g25810	negative	none	NA	0	NA
O81893	P37106	At4g33770	At1g15310	negative	none	NA	0	NA
O81905	Q9M2Z4	At4g21380	At3g48890	negative	none	NA	0	NA
O82132	Q1ECF1	At5g05410	At4g01026	negative	none	NA	0	NA
O82222	Q9C9H5	At2g23940	At1g71380	negative	none	NA	0	NA
O82226	Q9M274	At2g23980	At3g61910	negative	none	NA	0	NA
O82329	Q9LNV3	At2g14910	At1g07340	negative	none	NA	0	NA
O82337	Q96247	At2g46330	At2g38120	negative	none	NA	0	NA
O82345	Q9FXG6	At2g46240	At1g19680	negative	none	NA	0	NA
O82345	Q9SYK4	At2g46240	At1g05630	negative	none	NA	0	NA
O82352	Q8LCG7	At2g46170	At1g56170	negative	none	NA	0	NA
O82491	Q9SSP5	At4g10710	At1g72810	negative	none	NA	0	NA
O82491	Q9SZI2	At4g10710	At4g26110	negative	none	NA	0	NA
O82568	Q9M007	At3g25585	At5g01690	negative	none	NA	0	NA
O82568	Q9SS37	At3g25585	At3g10260	negative	none	NA	0	NA
O82595	Q8LDI1	At4g01500	At3g19900	negative	none	NA	0	NA
O82617	P42813	At4g10240	At2g02990	negative	none	NA	0	NA
O82632	Q9S9U6	At4g32890	At4g08040	negative	none	NA	0	NA
O82638	Q9ZV06	At4g32960	At2g39020	negative	none	NA	0	NA
O82752	Q9LYG3	At4g23030	At5g11670	negative	none	NA	0	NA
O82756	Q9LD90	At4g23070	At3g57150	negative	none	NA	0	NA
O82798	Q9LHL8	At1g10470	At3g12030	negative	none	NA	0	NA
P04778	Q94KB4	At1g29930	At1g42560	negative	none	NA	0	NA
P04778	Q9FMP4	At1g29930	At5g12190	negative	none	NA	0	NA
P05466	Q9LSH4	At2g45300	At3g17740/MIG5_3	negative	none	NA	0	NA
P0C7P7	Q8LAI1	At1g05675	At3g06100	negative	none	NA	0	NA
P0C896	Q9FRH7	At3g02650	At1g25280	negative	none	NA	0	NA
P0C8R0	Q9SVU0	At5g43820	At4g28720	negative	none	NA	0	NA
P0CB21	Q9LT75	At4g26450	At3g19420	negative	none	NA	0	NA
P0CB21	Q9ZT91	At4g26450	At4g02930	negative	none	NA	0	NA
P10795	P23586	At1g67090	At1g11260	negative	none	NA	0	NA
P10798	Q9FGK0	At5g38410	At5g47570	negative	none	NA	0	NA
P14712	Q9C933	At1g09570	At1g52870	negative	none	NA	0	NA
P14714	Q9XEC3	At5g35840	At4g04450	negative	none	NA	0	NA
P15459	Q7Y1Z8	At4g27160	At4g04320	negative	none	NA	0	NA
P15459	Q9ZUB5	At4g27160	At1g23810	negative	none	NA	0	NA
P20115	P43287	At2g44350	At2g37170	negative	none	NA	0	NA
P21240	Q9M0V0	At1g55490	At4g05450	negative	none	NA	0	NA
P22738	Q9LP48	At1g61580	At1g29195	negative	none	NA	0	NA
P24636	Q24JL3	At5g44340	At1g16460	negative	none	NA	0	NA
P25818	Q9M2S6	At2g36830	At3g55530	negative	none	NA	0	NA
P25856	Q9M817	At3g26650	At1g52190	negative	none	NA	0	NA
P27140	Q9M1E6	At3g01500	At3g45610	negative	none	NA	0	NA
P27450	Q8W470	At4g35600	At2g04900/F1O13.3	negative	none	NA	0	NA
P27450	Q9SHQ6	At4g35600	At1g28760	negative	none	NA	0	NA
P28187	Q9LVI4	At2g43130	At3g17860	negative	none	NA	0	NA
P28188	Q9FHS6	At1g02130	At5g43190	negative	none	NA	0	NA
P28493	Q8GZ22	At1g75040	At2g03430	negative	none	NA	0	NA
P29381	Q9FYA2	At3g58780	At5g13080	negative	none	NA	0	NA
P29385	Q9ZT48	At2g42830	At5g05700	negative	none	NA	0	NA
P29513	Q9SB48	At1g20010	At4g24520	negative	none	NA	0	NA
P30181	Q9M384	At5g55300	At3g54220	negative	none	NA	0	NA
P30184	Q9M898	At2g24200	At3g02420	negative	none	NA	0	NA
P30186	Q94AI7	At3g51260	At1g15750	negative	none	NA	0	NA
P30186	Q9SIN1	At3g51260	At2g42580	negative	none	NA	0	NA
P31169	Q9LHP2	At5g15970	At3g13570	negative	none	NA	0	NA
P31582	Q9SYS3	At5g45130	At4g04570	negative	none	NA	0	NA
P35510	Q93Z81	At2g37040	At3g51860	negative	none	NA	0	NA
P35510	Q9FI87	At2g37040	At5g05990	negative	none	NA	0	NA
P36210	Q9LYR4	At3g27830	At5g13420	negative	none	NA	0	NA
P36397	P40228	At2g47170	At5g47080	negative	none	NA	0	NA
P37107	Q9SRT9	At5g03940	At3g02230	negative	none	NA	0	NA
P37107	Q9XFM0	At5g03940	At5g25890	negative	none	NA	0	NA
P38418	Q39083	At3g45140	At1g56280	negative	none	NA	0	NA
P38418	Q8VYB9	At3g45140	At4g00990	negative	none	NA	0	NA
P40940	Q9LTX2	At2g24765	At5g49980	negative	none	NA	0	NA
P41127	Q9S745	At3g49010	At3g52430	negative	none	NA	0	NA
P41376	Q1JPP8	At3g13920	At5g02220	negative	none	NA	0	NA
P41376	Q9SYP1	At3g13920	At1g20960	negative	none	NA	0	NA
P41377	Q9FH28	At1g54270	At5g49060	negative	none	NA	0	NA
P42698	Q9SLK2	At1g30480	At1g54320	negative	none	NA	0	NA
P42730	Q9CAX3	At1g74310	At3g11550	negative	none	NA	0	NA
P42762	Q9SRQ7	At5g51070	At3g03530	negative	none	NA	0	NA
P42795	Q9XEF1	At2g42740	At2g40210	negative	none	NA	0	NA
P42801	Q9SYS3	At4g39800	At4g04570	negative	none	NA	0	NA
P42818	Q9LYR4	At3g08730	At5g13420	negative	none	NA	0	NA
P43286	Q1PEL7	At3g53420	At3g25650	negative	none	NA	0	NA
P43287	Q42384	At2g37170	At4g15900	negative	none	NA	0	NA
P43294	Q9FHR7	At4g13020	At5g43290	negative	none	NA	0	NA
P43299	Q9M0I6	At4g02060	At4g28210	negative	none	NA	0	NA
P46077	Q9SRQ8	At1g35160	At3g03550	negative	none	NA	0	NA
P46286	Q9C8M5	At2g18020	At1g53700	negative	none	NA	0	NA
P46286	Q9LIQ6	At2g18020	At3g24010	negative	none	NA	0	NA
P46312	Q9FLT8	At4g30950	At5g61700	negative	none	NA	0	NA
P46573	Q9LDE3	At2g28930	At1g23390	negative	none	NA	0	NA
P46600	Q9M1K1	At4g17460	At3g56970	negative	none	NA	0	NA
P46665	Q9T0A6	At5g06710	At4g23910	negative	none	NA	0	NA
P46897	Q29PT3	At2g46680	At3g49760	negative	none	NA	0	NA
P47192	Q8VY60	At2g33120	At1g15260	negative	none	NA	0	NA
P47735	Q5PNT1	At4g28490		negative	none	NA	0	NA
P47735	Q8VY21	At4g28490	At2g47900	negative	none	NA	0	NA
P47998	Q9LVV6	At4g14880	At5g52960/MNB8_2	negative	none	NA	0	NA
P48007	Q6NMB6	At5g20240	At5g59740	negative	none	NA	0	NA
P48785	Q9SUU8	At4g29940	At4g32440	negative	none	NA	0	NA
P49205	Q94C27	At2g04390	At1g70590	negative	none	NA	0	NA
P49597	Q9FJ77	At4g26080	At5g55330	negative	none	NA	0	NA
P51566	Q84W89	At3g53570	At2g42520	negative	none	NA	0	NA
P52032	Q84L32	At2g25080	At1g16190	negative	none	NA	0	NA
P53780	Q9SZM3	At3g57050	At4g38230	negative	none	NA	0	NA
P54609	Q8VYD2	At3g09840	At2g25650	negative	none	NA	0	NA
P54609	Q9SD73	At3g09840	At3g47000/F13I12.50	negative	none	NA	0	NA
P55228	Q9ZT63	At5g48300	At2g46800	negative	none	NA	0	NA
P55852	Q9FKI0	At4g26840	At5g35700	negative	none	NA	0	NA
P56755	Q8GWM8	AtCg01090	At4g16840	negative	none	NA	0	NA
P56760	Q9SAJ6	AtCg00140	At1g79530	negative	none	NA	0	NA
P56761	Q9ZV08	AtCg00270	At2g39000	negative	none	NA	0	NA
P56764	Q93YP9	AtCg00170	At1g19450	negative	none	NA	0	NA
P56764	Q9FLA1	AtCg00170	At5g44960	negative	none	NA	0	NA
P56771	Q8L540	AtCg00540	At4g35760	negative	none	NA	0	NA
P56771	Q8L7A6	AtCg00540	At1g15385	negative	none	NA	0	NA
P56773	Q5HZ36	AtCg00720	At5g56860	negative	none	NA	0	NA
P56773	Q93XN8	AtCg00720	At3g52340	negative	none	NA	0	NA
P56780	Q9LYR4	AtCg00710	At5g13420	negative	none	NA	0	NA
P56785	Q9FYD1	AtCg01130	At3g43590	negative	none	NA	0	NA
P56795	Q9SHC8	AtCg00810	At2g45140	negative	none	NA	0	NA
P56804	Q94CK3	AtCg00330	At5g12390	negative	none	NA	0	NA
P57758	Q93VQ5	At5g40670		negative	none	NA	0	NA
P58684	Q9LJU6	At2g39960	At3g20510	negative	none	NA	0	NA
P59229	Q9S814	At1g75630	At5g03280	negative	none	NA	0	NA
P59233	Q9SSD1	At3g62250	At1g80080	negative	none	NA	0	NA
P60112	Q9LTZ4	AtMg01080	At3g27350	negative	none	NA	0	NA
P61837	Q7XA88	At3g61430		negative	none	NA	0	NA
P62598	Q9SKA8	At2g25180	At2g31920	negative	none	NA	0	NA
P68349	Q95749	At1g21340	AtMg00090	negative	none	NA	0	NA
P68350	Q3YL57	At1g29160	At1g14660	negative	none	NA	0	NA
P82715	Q9LK95	At5g11450	At3g27810	negative	none	NA	0	NA
P82873	Q9C977	At1g27390	At1g80270	negative	none	NA	0	NA
P83484	Q93Z00	At5g08690	At3g47620	negative	none	NA	0	NA
P92557	Q8VY20	AtMg01270	At4g14740	negative	none	NA	0	NA
P92935	Q9FL82	At1g15500	At5g39250	negative	none	NA	0	NA
P92942	Q0WQ91	At3g27170	At5g27940	negative	none	NA	0	NA
P92963	Q6NPD8	At4g17170	At2g15280	negative	none	NA	0	NA
P92965	Q9C9N6	At4g25500	At1g66840	negative	none	NA	0	NA
P92981	Q9LST0	At1g62180	At5g60160	negative	none	NA	0	NA
P93024	Q9LY50	At1g19850	At3g55950	negative	none	NA	0	NA
P93025	Q84W40	At5g58140	At1g72200	negative	none	NA	0	NA
P93045	Q9S7G6	At3g17590	At5g14580	negative	none	NA	0	NA
P93048	Q9C5G2	At1g16000/T24D18_10	At1g15200	negative	none	NA	0	NA
P93303	Q8GWW6	At2g07707	At2g45040	negative	none	NA	0	NA
P93303	Q9SAA2	At2g07707	At1g11750	negative	none	NA	0	NA
P93306	Q9SN23	AtMg00510	At3g49940	negative	none	NA	0	NA
P93743	Q94BZ6	At2g42040	At1g12850	negative	none	NA	0	NA
P93819	Q84MD6	At1g04410	At2g32960	negative	none	NA	0	NA
P93822	Q9LUG9	At1g04370	At3g23590	negative	none	NA	0	NA
P93832	Q9SGH4	At1g80560	At3g01440	negative	none	NA	0	NA
P93836	Q8GWQ6	At1g06570	At5g63440	negative	none	NA	0	NA
Q01474	Q38824	At1g56330	At1g52830	negative	none	NA	0	NA
Q02283	Q93VP9	At3g01470	At4g27585	negative	none	NA	0	NA
Q05466	Q9XIC7	At4g16780	At1g34210	negative	none	NA	0	NA
Q05753	Q9SHG7	At5g66055	At1g17080	negative	none	NA	0	NA
Q05763	Q9FYF9	At4g34570	At1g67340	negative	none	NA	0	NA
Q058I9	Q9C553		At1g51580	negative	none	NA	0	NA
Q058N0	Q94AZ8	At5g57010	At4g22212	negative	none	NA	0	NA
Q058P7	Q9LHA6		At3g28220	negative	none	NA	0	NA
Q06850	Q940T9	At5g04870	At5g24930	negative	none	NA	0	NA
Q08467	Q0WPH8	At5g67380	At3g44200	negative	none	NA	0	NA
Q0PCS3	Q940Y5	At3g19210	At1g23080	negative	none	NA	0	NA
Q0PW40	Q94JR1	At4g23210	At3g10030	negative	none	NA	0	NA
Q0PW40	Q9SIZ5	At4g23210	At2g40260	negative	none	NA	0	NA
Q0V7Y3	Q940T0		At1g79420	negative	none	NA	0	NA
Q0V811	Q9LXV0		At5g12890	negative	none	NA	0	NA
Q0WKW1	Q1ECK0	At3g08020	At1g03730	negative	none	NA	0	NA
Q0WKZ9	Q9LDL7	At5g24690	At5g48150	negative	none	NA	0	NA
Q0WLS8	Q84VW0		At4g15930	negative	none	NA	0	NA
Q0WLZ8	Q9ZUI8	At1g05055	At1g60050	negative	none	NA	0	NA
Q0WM93	Q9M085	At4g02480	At4g31170	negative	none	NA	0	NA
Q0WN54	Q9ZW22	At1g80030	At2g29390	negative	none	NA	0	NA
Q0WNP7	Q9FG87	At2g45890	At5g43760	negative	none	NA	0	NA
Q0WPF2	Q7X887	At4g04885	At2g02060	negative	none	NA	0	NA
Q0WR59	Q9M111	At5g10020	At4g02280	negative	none	NA	0	NA
Q0WRC9	Q6NPE4	At4g02740	At5g14440	negative	none	NA	0	NA
Q0WT48	Q9SGV6	At1g79940	At1g64590	negative	none	NA	0	NA
Q0WTY4	Q8VYL4	At5g44560	At2g37150	negative	none	NA	0	NA
Q0WUA3	Q9LDU6	At1g60600	At1g50430	negative	none	NA	0	NA
Q0WVD6	Q9FIJ5	At3g12270	At5g47860	negative	none	NA	0	NA
Q0WVM4	Q9LD37	At2g23950	At3g17700	negative	none	NA	0	NA
Q0WVR4	Q8W5B1	At3g45880	At4g16845	negative	none	NA	0	NA
Q0WVZ1	Q9C533	At3g03305	At1g69420	negative	none	NA	0	NA
Q0WW40	Q93XX0	At1g16250	At4g10430	negative	none	NA	0	NA
Q0WW84	Q9FIC3	At3g19130	At5g09830	negative	none	NA	0	NA
Q147F7	Q9FX53	At2g24030	At1g13450	negative	none	NA	0	NA
Q147Q9	Q9C5H4		At3g16270	negative	none	NA	0	NA
Q147Q9	Q9S816		At3g03540	negative	none	NA	0	NA
Q17TI5	Q9LK72	At1g31880	At3g16530	negative	none	NA	0	NA
Q1EBV6	Q9SJY4	At5g21010	At2g22510	negative	none	NA	0	NA
Q1EC57	Q9SIR8		At2g25250	negative	none	NA	0	NA
Q1ECF1	Q9FLJ2	At4g01026	At5g61430	negative	none	NA	0	NA
Q1G3K7	Q9LIR8	At4g29658	At3g23880	negative	none	NA	0	NA
Q1G3Q4	Q9SF92	At2g12646	At3g09910	negative	none	NA	0	NA
Q1H595	Q8L7I1	At1g03330	At4g10930	negative	none	NA	0	NA
Q1HDT2	Q93VQ5	At5g37060		negative	none	NA	0	NA
Q1JPM3	Q9LM46	At1g77250	At1g22130	negative	none	NA	0	NA
Q1JPN7	Q9SX27	At2g31800	At1g68640	negative	none	NA	0	NA
Q1PED2	Q6XAT2	At4g00130	At5g07180	negative	none	NA	0	NA
Q1PET6	Q9LUN2	At3g02410	At3g17650	negative	none	NA	0	NA
Q1PEU3	Q9LM77	At2g45650	At1g20770	negative	none	NA	0	NA
Q1PEY6	Q9LZV7	At2g30370	At5g01890	negative	none	NA	0	NA
Q1PFB9	Q9M0F9	At1g79250	At4g29220	negative	none	NA	0	NA
Q1PFV9	Q8GRT9	At1g15610	At3g15690	negative	none	NA	0	NA
Q1PFV9	Q9SZ05	At1g15610	At4g34400	negative	none	NA	0	NA
Q27GM2	Q9C4Z7	At2g07678	At1g69390	negative	none	NA	0	NA
Q29PQ8	Q8VZP6	At1g59940	At2g35710	negative	none	NA	0	NA
Q29PZ8	Q9LUV9	At2g13960	At3g22410	negative	none	NA	0	NA
Q29Q26	Q42338	At2g17390	At3g48140	negative	none	NA	0	NA
Q29Q28	Q39068	At4g23010	At2g17620	negative	none	NA	0	NA
Q29Q34	Q9ZUN5	At5g19440	At2g19580	negative	none	NA	0	NA
Q2EF88	Q9LX49	At5g53550	At3g59220	negative	none	NA	0	NA
Q2HIK4	Q9XII1	At1g29990	At2g16070	negative	none	NA	0	NA
Q2HIW3	Q9SZD4	At1g76590	At4g29040	negative	none	NA	0	NA
Q2LAE1	Q3E7N5	At1g77300	At5g54067	negative	none	NA	0	NA
Q2LAE1	Q8GWL1	At1g77300	At4g21320	negative	none	NA	0	NA
Q2V359	Q9SIP7	At5g20810	At2g31610	negative	none	NA	0	NA
Q2V3B2	Q93Z08	At4g37630	At5g58090	negative	none	NA	0	NA
Q2VWA2	Q9SUR6	At3g15540	At4g23600	negative	none	NA	0	NA
Q304A0	Q8GYK6	At5g09690	At2g32840	negative	none	NA	0	NA
Q38796	Q8L9M8	At4g02560	At1g33810/F14M2_5	negative	none	NA	0	NA
Q38798	Q93W05	At5g07340	At1g10590	negative	none	NA	0	NA
Q38819	Q8VXY0	At1g15570	At2g36145	negative	none	NA	0	NA
Q38819	Q9FG61	At1g15570	At5g36250	negative	none	NA	0	NA
Q38824	Q681Q7	At1g52830	At1g03900	negative	none	NA	0	NA
Q38828	Q84JS6	At1g04100	At1g23380	negative	none	NA	0	NA
Q38832	Q9SJW6	At4g14550	At2g31300	negative	none	NA	0	NA
Q38838	Q8VXZ7	At4g11880	At3g56310	negative	none	NA	0	NA
Q38851	Q9LEQ3	At4g09460	At5g14870	negative	none	NA	0	NA
Q38853	Q9FLP5	At4g35770	At5g55170	negative	none	NA	0	NA
Q38861	Q9FLE2	At5g41370	At5g39930	negative	none	NA	0	NA
Q38879	Q93YW4	At5g39950	At5g38600	negative	none	NA	0	NA
Q38882	Q93WC4	At3g15730	At4g32280	negative	none	NA	0	NA
Q38899	Q9M2S7	At2g37560	At3g55520	negative	none	NA	0	NA
Q38900	Q9SB92	At2g16600	At2g17950	negative	none	NA	0	NA
Q38911	Q9SUD5	At4g14130	At4g28040	negative	none	NA	0	NA
Q38919	Q7G8T1	At1g20090	At3g10470	negative	none	NA	0	NA
Q38919	Q9C5G8	At1g20090	At3g54190	negative	none	NA	0	NA
Q38937	Q9FJ77	At1g75840	At5g55330	negative	none	NA	0	NA
Q38960	Q9LUA2	At3g26640	At3g25890	negative	none	NA	0	NA
Q38970	Q8GYQ9	At1g36160	At1g79020/YUP8H12R_20	negative	none	NA	0	NA
Q38998	Q9SEI4	At2g26650	At5g58290	negative	none	NA	0	NA
Q39008	Q9SAD4	At4g08500	At1g12980	negative	none	NA	0	NA
Q39009	Q944J2	At3g22880	At4g28706	negative	none	NA	0	NA
Q39065	Q8L837	At5g59030	At4g18340	negative	none	NA	0	NA
Q39065	Q9SSK9	At5g59030	At1g70830	negative	none	NA	0	NA
Q39079	Q8VYD4	At2g35720	At1g05580	negative	none	NA	0	NA
Q39083	Q9FKH1	At1g56280	At5g35770	negative	none	NA	0	NA
Q39132	Q8GWE6	At1g14950	At2g19560	negative	none	NA	0	NA
Q39132	Q9T0A8	At1g14950	At4g23930	negative	none	NA	0	NA
Q39173	Q9FZ76	At5g16990	At1g18540	negative	none	NA	0	NA
Q39194	Q9M9S4	At2g30570	At1g14390	negative	none	NA	0	NA
Q39211	Q9ZRE2	At2g15430	At3g11730	negative	none	NA	0	NA
Q39212	Q9XF92	At2g15400	At3g61460	negative	none	NA	0	NA
Q39216	Q8LAK5	At1g60620	At4g30330	negative	none	NA	0	NA
Q39221	Q3E9B8	At2g01470	At5g19410	negative	none	NA	0	NA
Q39221	Q9C524	At2g01470	At1g66430	negative	none	NA	0	NA
Q39233	Q8L5Y2	At5g16830	At1g19490	negative	none	NA	0	NA
Q39241	Q5PP28	At1g45145	At1g02220	negative	none	NA	0	NA
Q39262	Q8VYW7	At5g25160	At5g16210	negative	none	NA	0	NA
Q3E875	Q9C9U2	At5g61530	At1g73690	negative	none	NA	0	NA
Q3E922	Q9LUN5	At5g26805	At3g17620	negative	none	NA	0	NA
Q3E958	Q9LX93	At5g25390	At5g10380	negative	none	NA	0	NA
Q3EB02	Q8GUK8	At3g26110	At5g10060	negative	none	NA	0	NA
Q3EBC8	Q9SJ67	At3g03300	At2g35830	negative	none	NA	0	NA
Q3EBD3	Q944N8	At3g02065	At4g05110	negative	none	NA	0	NA
Q3EBQ3	Q8L467	At2g32250	At4g14410	negative	none	NA	0	NA
Q3EC11	Q500V6	At2g14255	At1g13140	negative	none	NA	0	NA
Q3EC11	Q6NLE5	At2g14255	At3g01516	negative	none	NA	0	NA
Q3EC11	Q8GWD1	At2g14255	At5g25490	negative	none	NA	0	NA
Q3EC60	Q9SCR0	At2g05900	At3g50650	negative	none	NA	0	NA
Q3EC92	Q9C5Z2	At2g01175	At1g10840	negative	none	NA	0	NA
Q3ECB8	Q9SK47	At1g77170	At2g24850	negative	none	NA	0	NA
Q3ECS5	Q9S6Z7	At1g51355	At3g04940	negative	none	NA	0	NA
Q41906	Q8VZ38	At2g40880	At4g00780	negative	none	NA	0	NA
Q41931	Q67ZF6	At1g62380	At1g14730	negative	none	NA	0	NA
Q41931	Q9LHN2	At1g62380	At3g18870	negative	none	NA	0	NA
Q41932	Q9LFP7	At4g05180	At5g15080	negative	none	NA	0	NA
Q41932	Q9LMM5	At4g05180	At1g01560	negative	none	NA	0	NA
Q42029	Q9LXB9	At1g06680	At5g09540	negative	none	NA	0	NA
Q42290	Q8H1S5	At3g02090	At3g52610	negative	none	NA	0	NA
Q42328	Q84ME1	At2g43510	At5g19080	negative	none	NA	0	NA
Q42344	Q941C0	At2g17560		negative	none	NA	0	NA
Q42381	Q8GXN7	At4g37580	At2g38090	negative	none	NA	0	NA
Q42396	Q8L5R3	At5g23580	At3g60740	negative	none	NA	0	NA
Q42580	Q9FJF5	At2g37130	At5g59790	negative	none	NA	0	NA
Q42583	Q9C525	At1g32380	At1g66270	negative	none	NA	0	NA
Q42593	Q9M2S7	At1g77490	At3g55520	negative	none	NA	0	NA
Q42601	Q9LTM0	At1g29900	At3g26210	negative	none	NA	0	NA
Q42602	Q9M439	At1g64900	At1g10070	negative	none	NA	0	NA
Q42605	Q9M337	At1g12780	At3g53890	negative	none	NA	0	NA
Q43127	Q9S836	At5g35630	At2g21050	negative	none	NA	0	NA
Q43295	Q9C8J8	At2g14750	At1g51460	negative	none	NA	0	NA
Q43386	Q9FWR4	At1g14900	At1g19570	negative	none	NA	0	NA
Q43870	Q940P5	At1g19920	At2g20740	negative	none	NA	0	NA
Q4FE47	Q9SJA7	At3g23280	At2g24580	negative	none	NA	0	NA
Q4PL95	Q93XN8	At2g40316	At3g52340	negative	none	NA	0	NA
Q4PSE2	Q9SUK8	At5g27910	At4g16750	negative	none	NA	0	NA
Q4PSU4	Q9LYA5	At2g24840	At5g14240	negative	none	NA	0	NA
Q4V3B8	Q9FG05	At2g43070	At5g06650	negative	none	NA	0	NA
Q4V3B8	Q9LT81	At2g43070	At3g19360	negative	none	NA	0	NA
Q500X1	Q6NMB6	At4g32175	At5g59740	negative	none	NA	0	NA
Q501F9	Q9FGK5	At5g02760	At5g47520	negative	none	NA	0	NA
Q56X95	Q9LEV3	At3g28130	At5g10860	negative	none	NA	0	NA
Q56XE4	Q9M5A9	At4g03120	At5g54800	negative	none	NA	0	NA
Q56XU4	Q5PP38	At1g19860	At5g47140	negative	none	NA	0	NA
Q56XY2	Q9LX86	At5g22370	At3g46070	negative	none	NA	0	NA
Q56YA5	Q7DLR9	At2g13360	At1g56450	negative	none	NA	0	NA
Q56YW9	Q9C4Z8	At5g62690	At1g31750	negative	none	NA	0	NA
Q56Z59	Q6NQA8	At1g72160	At1g14250	negative	none	NA	0	NA
Q56Z59	Q9CA98	At1g72160	At1g79970	negative	none	NA	0	NA
Q56Z59	Q9FGQ7	At1g72160	At5g67260	negative	none	NA	0	NA
Q56ZZ7	Q9FX53	At5g16150	At1g13450	negative	none	NA	0	NA
Q5BPT7	Q9SDY5	At2g16210	At4g36800	negative	none	NA	0	NA
Q5M731	Q9M367	At1g22940	At3g61710	negative	none	NA	0	NA
Q5PP28	Q93ZY2	At1g02220	At4g38430	negative	none	NA	0	NA
Q5S2C4	Q9SGV6	At2g35110	At1g64590	negative	none	NA	0	NA
Q5UBY2	Q9SJH8	At4g19990	At2g42780	negative	none	NA	0	NA
Q5XEV4	Q9LDL7	At1g65030	At5g48150	negative	none	NA	0	NA
Q5XEV6	Q9M2K8	At4g24090	At3g57390	negative	none	NA	0	NA
Q5XF32	Q9C794		At1g69430	negative	none	NA	0	NA
Q5XF35	Q9LZQ9	At4g39820	At3g62310	negative	none	NA	0	NA
Q5XPJ6	Q9LTI0	At5g01730	At5g59500	negative	none	NA	0	NA
Q5XPJ9	Q9C508	At2g38440	At1g57990	negative	none	NA	0	NA
Q5XPJ9	Q9FMX0	At2g38440	At5g23310	negative	none	NA	0	NA
Q5XV52	Q9LZ41	At5g05350	At5g02610	negative	none	NA	0	NA
Q5XXE7	Q6NLB7	At2g42830	At5g65925	negative	none	NA	0	NA
Q5XXL4	Q8W4A3	At3g02310	At3g60300/F27H5_90	negative	none	NA	0	NA
Q67XJ2	Q9FZ47	At3g53340	At1g16880	negative	none	NA	0	NA
Q67XT7	Q9FH75	At2g36145	At5g48410	negative	none	NA	0	NA
Q67XX3	Q94C69	At5g06550	At2g17870	negative	none	NA	0	NA
Q67Y93	Q9FME2	At2g23430	At5g60980	negative	none	NA	0	NA
Q67YI6	Q94A76	At3g18930	At5g37500	negative	none	NA	0	NA
Q682T9	Q9LIA8	At2g27030	At3g29360	negative	none	NA	0	NA
Q682V0	Q9ZPR7	At3g23100	At2g03590	negative	none	NA	0	NA
Q683D5	Q9SIW1	At2g45920	At2g16400	negative	none	NA	0	NA
Q6AWS7	Q6XL73	At2g16595	At1g59980	negative	none	NA	0	NA
Q6DBF6	Q9SKW5	At4g02725	At1g36060	negative	none	NA	0	NA
Q6E248	Q9FIJ0	At3g18250	At5g47910	negative	none	NA	0	NA
Q6ID77	Q9FFH0	At3g01435	At5g44190	negative	none	NA	0	NA
Q6IDS6	Q9SX77	At3g08505	At1g47420	negative	none	NA	0	NA
Q6J9Q2	Q9S7L6	At5g18560	At2g05250	negative	none	NA	0	NA
Q6LA43	Q9SIC8	At4g18020	At2g31410	negative	none	NA	0	NA
Q6NLB0	Q9SCQ6	At5g02780	At3g50700	negative	none	NA	0	NA
Q6NM15	Q9C5A9	At1g30475	At5g08680	negative	none	NA	0	NA
Q6NM17	Q9FT76	At5g63050	At4g16980	negative	none	NA	0	NA
Q6NNH1	Q9SF92	At1g13520	At3g09910	negative	none	NA	0	NA
Q6NNI3	Q9LZH9	At5g28490	At3g62870	negative	none	NA	0	NA
Q6NNP0	Q84WG0	At5g50230	At2g02020	negative	none	NA	0	NA
Q6NPD8	Q8GWT9	At2g15280	At3g06530/F5E6_14	negative	none	NA	0	NA
Q6NPF4	Q9LW74	At2g28230	At3g16120	negative	none	NA	0	NA
Q6NPF9	Q8L7G8	At1g76760	At4g17760	negative	none	NA	0	NA
Q6NPM7	Q9M1U2		At3g45170	negative	none	NA	0	NA
Q6NQJ7	Q9C9F0	At1g76320	At1g68150	negative	none	NA	0	NA
Q6R0A6	Q9LNT9	At1g79180	At1g20140	negative	none	NA	0	NA
Q6R0C4	Q8W4N1	At1g17950	At3g10980	negative	none	NA	0	NA
Q6R0E4	Q9SV20	At1g06910	At4g31490	negative	none	NA	0	NA
Q6S591	Q9M0F7	At1g68480	At4g29240	negative	none	NA	0	NA
Q6S592	Q9FH18	At1g13400	At5g56210	negative	none	NA	0	NA
Q6S799	Q9C5J7	At1g54360	At5g56630	negative	none	NA	0	NA
Q700D2	Q8L4H0	At5g03150	At1g02970	negative	none	NA	0	NA
Q700E3	Q940I0	At4g29930	At4g17950	negative	none	NA	0	NA
Q700E4	Q9M0F9	At3g61950	At4g29220	negative	none	NA	0	NA
Q7G8V2	Q9M1X4	At1g74890	At3g60020	negative	none	NA	0	NA
Q7X659	Q9SD94	At2g17790	At5g07900	negative	none	NA	0	NA
Q7X6T3	Q9SQT9	At4g22214	At3g06360	negative	none	NA	0	NA
Q7X9H9	Q9SK87	At5g26950	At1g22440	negative	none	NA	0	NA
Q7XJ62	Q9LY28	At2g41030	At5g07320	negative	none	NA	0	NA
Q7XJK7	Q9LFK6	At5g26630	At5g16950	negative	none	NA	0	NA
Q7XJL1	Q9SR07	At5g27580	At3g04670	negative	none	NA	0	NA
Q84J71	Q84TK1	At2g17670	At2g31220	negative	none	NA	0	NA
Q84JF0	Q9LHP2	At5g67520	At3g13570	negative	none	NA	0	NA
Q84JF0	Q9SPK4	At5g67520	At1g08650	negative	none	NA	0	NA
Q84JI2	Q9STS3	At4g23770	At3g48150	negative	none	NA	0	NA
Q84JJ0	Q9M0X8	At3g44940	At4g05170	negative	none	NA	0	NA
Q84JP1	Q9FIW9	At1g30500	At5g39760	negative	none	NA	0	NA
Q84JR3	Q9FXG8	At4g21705	At1g19700	negative	none	NA	0	NA
Q84JY3	Q9M0I7	At4g32295	At4g28200	negative	none	NA	0	NA
Q84K84	Q9FDX9	At5g63000	At3g63420	negative	none	NA	0	NA
Q84LG2	Q9SZD4	At1g32150	At4g29040	negative	none	NA	0	NA
Q84MD8	Q9C944	At4g21470	At1g52740	negative	none	NA	0	NA
Q84N34	Q8H1F4	At4g30850	At4g08520	negative	none	NA	0	NA
Q84P25	Q8VZJ1	At1g20480	At5g09790	negative	none	NA	0	NA
Q84R09	Q8VYL4	At4g18230	At2g37150	negative	none	NA	0	NA
Q84R15	Q84TK3	At2g07370		negative	none	NA	0	NA
Q84RD1	Q9LTM3	At2g30420	At3g26180	negative	none	NA	0	NA
Q84TD6	Q9LJD8	At3g04070	At3g13530	negative	none	NA	0	NA
Q84TF7	Q94BQ3	At2g42395	At5g10940	negative	none	NA	0	NA
Q84VW5	Q8LBP4	At1g11760	At2g28800	negative	none	NA	0	NA
Q84W01	Q9FUA4		At4g36930	negative	none	NA	0	NA
Q84W01	Q9SMW7		At1g17880	negative	none	NA	0	NA
Q84WG0	Q9LQW3	At2g02020	At1g14687	negative	none	NA	0	NA
Q84WP6	Q9SZF7	At2g46770	At4g37650	negative	none	NA	0	NA
Q84WU2	Q9FYE6	At3g11910	At5g04150	negative	none	NA	0	NA
Q84WU9	Q96293	At5g56900	At1g49240	negative	none	NA	0	NA
Q84WW1	Q9LVC8	At3g12350	At5g57300	negative	none	NA	0	NA
Q8GTS1	Q9SAU2	At3g51960	At5g61410	negative	none	NA	0	NA
Q8GUM1	Q8VYK7	At5g25780	At4g16520	negative	none	NA	0	NA
Q8GV05	Q9FFR9	At5g53200	At5g41610	negative	none	NA	0	NA
Q8GV05	Q9FWT2	At5g53200	At1g75440	negative	none	NA	0	NA
Q8GW19	Q8VZR8	At2g36305	At4g28300	negative	none	NA	0	NA
Q8GW19	Q9MAT6	At2g36305	At1g04880	negative	none	NA	0	NA
Q8GW49	Q93VQ7	At5g15190	At4g38060	negative	none	NA	0	NA
Q8GWC7	Q9LXF3	At1g72170	At5g15290	negative	none	NA	0	NA
Q8GWE1	Q9SZB3	At4g17510	At4g33360	negative	none	NA	0	NA
Q8GWF1	Q9C5I3	At5g22570	At1g28370	negative	none	NA	0	NA
Q8GWJ6	Q94BX4	At1g22050	At3g45100	negative	none	NA	0	NA
Q8GWK2	Q8L8Z1	At2g41710	At4g15630	negative	none	NA	0	NA
Q8GWU7	Q9SKC1	At5g65495	At2g31790	negative	none	NA	0	NA
Q8GX26	Q9C8W5	At3g11150	At1g71970	negative	none	NA	0	NA
Q8GX78	Q94K07	At4g00370	At5g56950	negative	none	NA	0	NA
Q8GXD2	Q8L467	At5g25210	At4g14410	negative	none	NA	0	NA
Q8GXD9	Q9SXS2	At3g19570	At1g23090	negative	none	NA	0	NA
Q8GXE6	Q9LZM8	At2g25600	At5g02030	negative	none	NA	0	NA
Q8GXN6	Q9CAP8	At5g63880	At1g77590	negative	none	NA	0	NA
Q8GXP4	Q9FGP3	At2g39910	At5g50650	negative	none	NA	0	NA
Q8GXT3	Q93VK7	At3g20640	At5g14910	negative	none	NA	0	NA
Q8GXW6	Q9LV09	At3g58930	At5g53400	negative	none	NA	0	NA
Q8GXX7	Q9SF47	At3g02830	At3g09560	negative	none	NA	0	NA
Q8GXZ7	Q8W4K5	At1g52825	At3g63300	negative	none	NA	0	NA
Q8GY88	Q9SR71	At4g39540	At3g10070	negative	none	NA	0	NA
Q8GYA2	Q9XI98	At3g05250/T12H1_22	At1g49300	negative	none	NA	0	NA
Q8GYD2	Q945P2	At4g29170	At5g49210	negative	none	NA	0	NA
Q8GYN2	Q9SA19	At5g15805	At1g31240	negative	none	NA	0	NA
Q8GYQ9	Q8L5Z2	At1g79020/YUP8H12R_20	At3g47675	negative	none	NA	0	NA
Q8GYT3	Q9SR93	At4g36515	At3g08930	negative	none	NA	0	NA
Q8GYU3	Q9FFJ0	At4g38440	At5g17190	negative	none	NA	0	NA
Q8H0V5	Q9FH63	At5g11270	At5g66250	negative	none	NA	0	NA
Q8H104	Q93XW9	At4g26870	At1g50575	negative	none	NA	0	NA
Q8H107	Q9SD88	At4g26910	At5g07960	negative	none	NA	0	NA
Q8H116	Q9FLX5	At3g21160	At5g52860	negative	none	NA	0	NA
Q8H125	Q9FNM5	At1g50600	At5g08650	negative	none	NA	0	NA
Q8H175	Q9FJZ3		At5g66460	negative	none	NA	0	NA
Q8H181	Q93VV0	At5g28300	At3g09320	negative	none	NA	0	NA
Q8H1D2	Q93VT9	At3g11260	At1g14320	negative	none	NA	0	NA
Q8H1D9	Q9C5E5	At5g15170	At2g20900	negative	none	NA	0	NA
Q8H1E5	Q9SJJ0	At4g32190	At2g42660	negative	none	NA	0	NA
Q8H1F1	Q9S9U3	At3g15160	At5g27060	negative	none	NA	0	NA
Q8H1F4	Q9LYD7	At4g08520	At5g11550	negative	none	NA	0	NA
Q8H1F4	Q9M053	At4g08520	At3g55690	negative	none	NA	0	NA
Q8H1G5	Q9FMV7	At4g31420	At5g63450	negative	none	NA	0	NA
Q8H1R4	Q9C9I0	At4g33460	At1g71430	negative	none	NA	0	NA
Q8H2D5	Q9FM16	At5g44740	At5g62770	negative	none	NA	0	NA
Q8L3T0	Q9SJT7	At2g45010	At2g21410	negative	none	NA	0	NA
Q8L3Z8	Q9SZQ5	At4g22910	At4g29830	negative	none	NA	0	NA
Q8L402	Q9LS08	At1g79910	At3g25710	negative	none	NA	0	NA
Q8L4J2	Q9SN97	At5g60940	At3g46420	negative	none	NA	0	NA
Q8L4R0	Q9M9N9	At1g19800	At3g03210	negative	none	NA	0	NA
Q8L586	Q9LFH6	At4g09580	At3g53410	negative	none	NA	0	NA
Q8L5W8	Q9T031	At2g46970	At4g39240	negative	none	NA	0	NA
Q8L5Y4	Q93V43	At2g38770	At4g18390	negative	none	NA	0	NA
Q8L616	Q9SMX3	At5g17700	At5g15090	negative	none	NA	0	NA
Q8L708	Q9SKH9	At5g08200	At2g10950	negative	none	NA	0	NA
Q8L736	Q9LD37	At2g02870	At3g17700	negative	none	NA	0	NA
Q8L736	Q9M658	At2g02870	At1g08060	negative	none	NA	0	NA
Q8L770	Q96321	At1g09130	At3g06720	negative	none	NA	0	NA
Q8L793	Q9LQI9	At1g54170	At1g17370	negative	none	NA	0	NA
Q8L7E2	Q8VXU9	At1g75750	At3g13440	negative	none	NA	0	NA
Q8L7F2	Q9M4A1	At2g33040	At1g63990	negative	none	NA	0	NA
Q8L7H4	Q9FME4	At4g17710	At5g60960	negative	none	NA	0	NA
Q8L7K9	Q9FUS9	At4g00570	At1g10360	negative	none	NA	0	NA
Q8L7L8	Q940G3	At5g59430	At5g39600	negative	none	NA	0	NA
Q8L7N4	Q9FFD3	At1g63900/At1g63890		negative	none	NA	0	NA
Q8L7U7	Q9MAP3	At4g39670	At1g32990	negative	none	NA	0	NA
Q8L7W0	Q9SR06	At4g18060	At3g04680	negative	none	NA	0	NA
Q8L7Y8	Q9FYC2	At3g23670	At3g44880	negative	none	NA	0	NA
Q8L7Z3	Q9XII4	At5g18400	At2g16030	negative	none	NA	0	NA
Q8L7Z3	Q9ZPV7	At5g18400	At2g18240	negative	none	NA	0	NA
Q8L866	Q9FJ00	At2g42490	At5g37800	negative	none	NA	0	NA
Q8L866	Q9LSY0	At2g42490	At3g21840	negative	none	NA	0	NA
Q8L8Q3	Q9S7D1	At3g27650	At3g11670	negative	none	NA	0	NA
Q8L8Q3	Q9SZL5	At3g27650	At4g38150	negative	none	NA	0	NA
Q8LA96	Q9FLQ2	At4g17720	At5g55090	negative	none	NA	0	NA
Q8LA96	Q9SZ65	At4g17720	At4g12000	negative	none	NA	0	NA
Q8LAA6	Q9SLD4	At4g23400	At2g37430	negative	none	NA	0	NA
Q8LAD4	Q9LF57	At5g57345	At5g17450	negative	none	NA	0	NA
Q8LAH7	Q9C8F7	At1g76680	At1g36240	negative	none	NA	0	NA
Q8LAI1	Q8VXZ7	At3g06100	At3g56310	negative	none	NA	0	NA
Q8LAK5	Q940Y1	At4g30330	At4g22540	negative	none	NA	0	NA
Q8LAL2	Q9ASX9	At3g16500	At1g29950	negative	none	NA	0	NA
Q8LB02	Q9C595	At5g40650	At5g21920	negative	none	NA	0	NA
Q8LB17	Q9FEF7	At3g58460	At1g25097	negative	none	NA	0	NA
Q8LB60	Q9LQ96	At3g63120	At1g01630	negative	none	NA	0	NA
Q8LB88	Q9LVS0	At1g67800	At5g47390	negative	none	NA	0	NA
Q8LBB2	Q9C525	At3g48530	At1g66270	negative	none	NA	0	NA
Q8LBH4	Q945Q1	At5g20150	At5g12140	negative	none	NA	0	NA
Q8LBH4	Q9XIR8	At5g20150	At1g64750	negative	none	NA	0	NA
Q8LCG7	Q9FRL8	At1g56170	At1g75270	negative	none	NA	0	NA
Q8LCH5	Q9C6A1	At1g07950	At1g74120	negative	none	NA	0	NA
Q8LCT3	Q94CK0	At4g29670	At5g12420	negative	none	NA	0	NA
Q8LCY3	Q9FN37	At1g76185	At5g53890	negative	none	NA	0	NA
Q8LD46	Q9LV75	At2g39460	At5g65040	negative	none	NA	0	NA
Q8S8A0	Q9ZW22	At2g24762	At2g29390	negative	none	NA	0	NA
Q8S8A2	Q9SJG9	At2g05755	At2g42880	negative	none	NA	0	NA
Q8S8E3	Q940Y6	At2g40330	At4g27600	negative	none	NA	0	NA
Q8S8E3	Q9LTD6	At2g40330	At3g23140	negative	none	NA	0	NA
Q8S8M9	Q9FE83	At2g02470	At5g67250	negative	none	NA	0	NA
Q8S8Q2	Q9LHL6	At2g35155	At3g12060	negative	none	NA	0	NA
Q8S9K9	Q949M4	At4g03420	At4g28760	negative	none	NA	0	NA
Q8S9L7	Q93V99		At4g04890	negative	none	NA	0	NA
Q8S9L7	Q9STW3		At4g24310	negative	none	NA	0	NA
Q8VWK4	Q944K2	At1g49950	At5g66680	negative	none	NA	0	NA
Q8VXV7	Q9ASS2	At1g62830	At1g20110	negative	none	NA	0	NA
Q8VXV7	Q9FE67	At1g62830	At5g44210	negative	none	NA	0	NA
Q8VY07	Q9FF87	At5g11710	At5g23930	negative	none	NA	0	NA
Q8VY16	Q94AZ4	At3g19180	At1g12310	negative	none	NA	0	NA
Q8VY16	Q9LUN5	At3g19180	At3g17620	negative	none	NA	0	NA
Q8VY21	Q9LX13	At2g47900	At5g10160	negative	none	NA	0	NA
Q8VYI3	Q9SAF1	At1g76150	At1g13180	negative	none	NA	0	NA
Q8VYU8	Q9FRS9	At3g53350	At1g08530	negative	none	NA	0	NA
Q8VZ17	Q9LY00	At2g22740	At3g56400	negative	none	NA	0	NA
Q8VZ22	Q9FF53	At4g21340	At5g60660	negative	none	NA	0	NA
Q8VZ22	Q9ZT92	At4g21340	At4g02940	negative	none	NA	0	NA
Q8VZ24	Q9SJZ6	At4g11100	At2g22370	negative	none	NA	0	NA
Q8VZD5	Q9SCP2	At5g14640	At3g53190	negative	none	NA	0	NA
Q8VZK0	Q9LEZ3	At5g18650	At5g08130	negative	none	NA	0	NA
Q8VZT3	Q9SFF4	At3g05400	At1g21810	negative	none	NA	0	NA
Q8VZU2	Q9SKC9	At5g08080	At2g02050	negative	none	NA	0	NA
Q8W0Z6	Q9SLB9	At2g20790	At2g42400	negative	none	NA	0	NA
Q8W115	Q9SBA7	At3g11397	At5g26250	negative	none	NA	0	NA
Q8W117	Q9SR37	At1g73720	At3g09260	negative	none	NA	0	NA
Q8W497	Q9S701	At2g19870	At1g10790	negative	none	NA	0	NA
Q8W4I7	Q8W575	At3g51850	At5g14250	negative	none	NA	0	NA
Q8W4S5	Q9C7R6	At5g63710	At1g29340	negative	none	NA	0	NA
Q93V43	Q9LIC7	At4g18390	At3g13710	negative	none	NA	0	NA
Q93V56	Q9SRI1	At1g01050	At3g01340	negative	none	NA	0	NA
Q93VA8	Q9FLF7	At1g76010	At5g64610	negative	none	NA	0	NA
Q93VP3	Q9FMS4	At1g26630	At5g22270	negative	none	NA	0	NA
Q93VQ5	Q9FK55		At5g18150	negative	none	NA	0	NA
Q93W30	Q9SHQ6	At2g35605/T20F21.29	At1g28760	negative	none	NA	0	NA
Q93W30	Q9ZU82	At2g35605/T20F21.29	At2g48070	negative	none	NA	0	NA
Q93W87	Q9LMR2	At3g05760	At1g15720	negative	none	NA	0	NA
Q93W87	Q9SY29	At3g05760	At1g30840	negative	none	NA	0	NA
Q93WB5	Q9SJA2	At1g14960	At2g24630	negative	none	NA	0	NA
Q93WB8	Q9LPT6	At3g13410	At1g50670	negative	none	NA	0	NA
Q93XW9	Q9M9T4	At1g50575	At1g14280	negative	none	NA	0	NA
Q93XX5	Q9SYS6	At5g67130	At4g25470	negative	none	NA	0	NA
Q93XY0	Q9FMT9	At2g32160/F22D22.9	At5g14110	negative	none	NA	0	NA
Q93XY2	Q94CI7	At5g07730	At5g27350	negative	none	NA	0	NA
Q93XY9	Q9MAU3	At1g35430	At1g04950	negative	none	NA	0	NA
Q93YN0	Q9LS19	At3g19220	At5g38030	negative	none	NA	0	NA
Q93YS8	Q9C5C7	At4g13345	At3g24530	negative	none	NA	0	NA
Q93YS8	Q9M1U3	At4g13345	At3g45160	negative	none	NA	0	NA
Q93YU2	Q9STJ9	At5g49820	At4g25380	negative	none	NA	0	NA
Q93Z92	Q9LHI0	At4g11680	At3g12260	negative	none	NA	0	NA
Q93ZH7	Q9C6T7	At5g03040	At1g50740	negative	none	NA	0	NA
Q93ZJ9	Q93ZQ3	At1g80000	At3g63200	negative	none	NA	0	NA
Q93ZQ9	Q9FI00	At1g07840	At5g53760	negative	none	NA	0	NA
Q93ZT2	Q9M020	At5g17840	At5g01550	negative	none	NA	0	NA
Q93ZX1	Q94AC3	At1g21690	At4g36960	negative	none	NA	0	NA
Q940C2	Q9MAS5	At5g52550	At1g04760	negative	none	NA	0	NA
Q940D0	Q9SH71	At3g16857	At1g64210	negative	none	NA	0	NA
Q940H6	Q9LVA7	At4g33950	At5g62290	negative	none	NA	0	NA
Q940H8	Q9FH05	At4g14900	At5g42240	negative	none	NA	0	NA
Q940J1	Q9SZ75	At4g40060	At4g12100	negative	none	NA	0	NA
Q940J7	Q9FLH5	At4g40045	At5g51860	negative	none	NA	0	NA
Q940V4	Q9C5Q2	At3g30180	At2g41070	negative	none	NA	0	NA
Q940X7	Q94BT9	At5g20570	At1g66240	negative	none	NA	0	NA
Q941C9	Q9LQQ9	At5g25410	At1g07880	negative	none	NA	0	NA
Q941D1	Q9M1K9	At5g23405	At3g42960	negative	none	NA	0	NA
Q941L2	Q949U7	At3g61190	At3g52960	negative	none	NA	0	NA
Q944A6	Q9ZRV4	At1g09020	At4g09140	negative	none	NA	0	NA
Q945F0	Q9FJ80	At4g39030	At5g52120	negative	none	NA	0	NA
Q945K9	Q9S814	At4g34150	At5g03280	negative	none	NA	0	NA
Q945M1	Q9M622	At4g34700	At5g66160	negative	none	NA	0	NA
Q945M9	Q9LHG0	At3g20910	At3g12480	negative	none	NA	0	NA
Q945M9	Q9XFB0	At3g20910	At1g08465	negative	none	NA	0	NA
Q945P7	Q9SE83		At1g10290	negative	none	NA	0	NA
Q945Q1	Q9FG74	At5g12140	At5g55910	negative	none	NA	0	NA
Q945S8	Q9C9G5	At2g44150	At1g68300	negative	none	NA	0	NA
Q949V0	Q9S735	At5g51180	At1g76430	negative	none	NA	0	NA
Q94A20	Q9LFH4	At4g15470	At3g53440	negative	none	NA	0	NA
Q94AC3	Q9LIJ8	At4g36960	At3g22970	negative	none	NA	0	NA
Q94AH8	Q9S9K7	At1g68020	At1g54690	negative	none	NA	0	NA
Q94AI4	Q9LDZ0	At4g09980	At5g09590	negative	none	NA	0	NA
Q94AJ5	Q9FE06	At1g80170	At5g64260	negative	none	NA	0	NA
Q94AK6	Q9SPI1	At3g10985		negative	none	NA	0	NA
Q94AN4	Q9FEG2	At1g16060	At4g21790	negative	none	NA	0	NA
Q94AU3	Q9LK50	At2g21385/F3K23.12	At3g13220	negative	none	NA	0	NA
Q94AW9	Q9S9P2	At2g25355	At1g15920	negative	none	NA	0	NA
Q94AZ4	Q9M8M7	At1g12310	At1g80600	negative	none	NA	0	NA
Q94AZ5	Q9FZ98	At2g45060	At1g28250	negative	none	NA	0	NA
Q94B55	Q9SA00	At2g28840	At1g34780	negative	none	NA	0	NA
Q94B65	Q9CB01	At4g31600	At3g54840	negative	none	NA	0	NA
Q94B75	Q9SRV7	At5g61340	At3g03800	negative	none	NA	0	NA
Q94BS7	Q9SV74	At4g09330	At4g12950	negative	none	NA	0	NA
Q94BU8	Q9C5X8	At5g28050	At1g16540	negative	none	NA	0	NA
Q94BV4	Q9LU46	At2g45810	At5g51280	negative	none	NA	0	NA
Q94BY8	Q9SFU2	At5g40660	At3g07120	negative	none	NA	0	NA
Q94C25	Q9M2S6	At5g20050	At3g55530	negative	none	NA	0	NA
Q94C33	Q9LRX9	At3g51180	At3g24820	negative	none	NA	0	NA
Q94C65	Q9M310	At5g38895	At3g61590	negative	none	NA	0	NA
Q94CC9	Q9SRL2	At1g26650	At3g11010	negative	none	NA	0	NA
Q94CE4	Q9ASR1	At1g70410	At1g56070/At1g56075	negative	none	NA	0	NA
Q94CH8	Q9SWG3	At1g75880	At4g15090	negative	none	NA	0	NA
Q94CK1	Q9FG68	At5g12410	At5g23000	negative	none	NA	0	NA
Q94EI9	Q9LJG8	At3g14410	At3g14180	negative	none	NA	0	NA
Q94F62	Q9M007	At4g33430	At5g01690	negative	none	NA	0	NA
Q94FB9	Q9M2U8	At4g39850	At3g54390	negative	none	NA	0	NA
Q94HV7	Q9SRV1	At1g59560	At3g03740	negative	none	NA	0	NA
Q94JM3	Q9SUL7	At5g62000	At4g14580	negative	none	NA	0	NA
Q94JV1	Q9FF91	At1g69340	At5g23890	negative	none	NA	0	NA
Q94K05	Q9FNV8	At3g03960	At1g66380	negative	none	NA	0	NA
Q94K18	Q9M1L9	At4g29660	At3g42860	negative	none	NA	0	NA
Q94K72	Q9CB01	At1g16170	At3g54840	negative	none	NA	0	NA
Q95747	Q9ZV07	AtMg00080	At2g39010	negative	none	NA	0	NA
Q95749	Q9FIG0	AtMg00090	At5g59140	negative	none	NA	0	NA
Q96247	Q9FIU1	At2g38120	At5g54630	negative	none	NA	0	NA
Q96250	Q9LW57	At2g33040	At3g23400	negative	none	NA	0	NA
Q96251	Q96286	At5g13450	At3g02470	negative	none	NA	0	NA
Q96254	Q9LVR4	At2g44100	At5g66660	negative	none	NA	0	NA
Q96266	Q9LNC5	At2g47730	At1g06220	negative	none	NA	0	NA
Q96276	Q9FG38	At5g40330	At5g06140	negative	none	NA	0	NA
Q96282	Q9LSC7	At5g49890	At3g27090	negative	none	NA	0	NA
Q9ASQ2	Q9LZW6	At5g45420	At5g01800	negative	none	NA	0	NA
Q9ASX6	Q9SYS3		At4g04570	negative	none	NA	0	NA
Q9ASY2	Q9SRL2	At5g53310	At3g11010	negative	none	NA	0	NA
Q9ASY3	Q9FMA5	At5g19430	At5g38970	negative	none	NA	0	NA
Q9C4Z6	Q9LYL6	At1g48630	At3g56270	negative	none	NA	0	NA
Q9C4Z7	Q9LNT6	At1g69390	At1g20100	negative	none	NA	0	NA
Q9C519	Q9LXV2	At1g62300	At5g12870	negative	none	NA	0	NA
Q9C519	Q9SRL8	At1g62300	At3g11090	negative	none	NA	0	NA
Q9C557	Q9CAT5	At1g66560	At1g73210	negative	none	NA	0	NA
Q9C562	Q9LV58	At5g58380	At3g24500	negative	none	NA	0	NA
Q9C5H9	Q9FGJ8	At5g17410	At5g47590/MNJ7.18	negative	none	NA	0	NA
Q9C5I3	Q9SLN0	At1g28370	At2g39630	negative	none	NA	0	NA
Q9C5J5	Q9SF34	At1g19010	At3g09690	negative	none	NA	0	NA
Q9C5L8	Q9ZUJ2	At5g13030	At1g60010	negative	none	NA	0	NA
Q9C5Q2	Q9ZVX5	At2g41070	At2g16880	negative	none	NA	0	NA
Q9C5Z2	Q9LSE2	At1g10840	At3g26744	negative	none	NA	0	NA
Q9C6S5	Q9M9F0	At1g31830	At1g78310	negative	none	NA	0	NA
Q9C6Y3	Q9SFV2	At1g44110	At3g07220	negative	none	NA	0	NA
Q9C788	Q9FVR6	At1g69500	At1g32220	negative	none	NA	0	NA
Q9C7I9	Q9SE37	At1g35240	At1g05760	negative	none	NA	0	NA
Q9C7R6	Q9ZU25	At1g29340	At1g51980	negative	none	NA	0	NA
Q9C7S5	Q9SUN5	At1g72300	At4g20440	negative	none	NA	0	NA
Q9C7Y2	Q9FVC8	At1g32580	At2g45440	negative	none	NA	0	NA
Q9C809	Q9FJ49	At1g33430	At5g45870	negative	none	NA	0	NA
Q9C827	Q9LQQ9	At1g52360	At1g07880	negative	none	NA	0	NA
Q9C827	Q9SYK5	At1g52360	At1g05640	negative	none	NA	0	NA
Q9C836	Q9SHI2	At3g66656	At1g17230	negative	none	NA	0	NA
Q9C865	Q9LFP1	At1g31440	At5g11150	negative	none	NA	0	NA
Q9C895	Q9XF89	At1g55250/At1g55255	At4g10340	negative	none	NA	0	NA
Q9C8C4	Q9LND7	At1g43080	At1g06110	negative	none	NA	0	NA
Q9C8D1	Q9LPT6	At1g66160	At1g50670	negative	none	NA	0	NA
Q9C8F7	Q9SD96	At1g36240	At5g07880	negative	none	NA	0	NA
Q9C8M0	Q9SVT8	At1g53650	At4g28700	negative	none	NA	0	NA
Q9C8T1	Q9FZF2	At1g63270	At1g47760	negative	none	NA	0	NA
Q9C8Y3	Q9FK10	At1g66350	At5g53320	negative	none	NA	0	NA
Q9C932	Q9FM97	At1g52890	At5g56350/MCD7.8	negative	none	NA	0	NA
Q9C933	Q9LZD2	At1g52870	At5g03545	negative	none	NA	0	NA
Q9C941	Q9CAI2	At1g52770	At1g72670	negative	none	NA	0	NA
Q9C960	Q9LD45	At1g60920	At5g47120	negative	none	NA	0	NA
Q9C966	Q9M012	At1g80390	At5g01640	negative	none	NA	0	NA
Q9C994	Q9FYD1	At1g71140	At3g43590	negative	none	NA	0	NA
Q9C995	Q9ZU90	At1g71130	At2g01620	negative	none	NA	0	NA
Q9C9A9	Q9FKM7	At1g73870	At5g57420	negative	none	NA	0	NA
Q9C9A9	Q9M3C3	At1g73870	At3g55280	negative	none	NA	0	NA
Q9C9B5	Q9LFQ1	At1g73940	At5g15040	negative	none	NA	0	NA
Q9C9D4	Q9FGN0	At1g72350	At5g51430	negative	none	NA	0	NA
Q9C9H1	Q9M021	At1g68360	At5g01540	negative	none	NA	0	NA
Q9C9H8	Q9S7A9	At1g71410	At1g53160	negative	none	NA	0	NA
Q9C9U4	Q9SAH8	At1g73670	At1g80830	negative	none	NA	0	NA
Q9C9V2	Q9ZQ87	At1g67860	At2g03510	negative	none	NA	0	NA
Q9C9W0	Q9FRS9	At1g67940	At1g08530	negative	none	NA	0	NA
Q9C9X0	Q9FRK9	At1g68060	At1g75180	negative	none	NA	0	NA
Q9C9X0	Q9SQY8	At1g68060	At3g10580	negative	none	NA	0	NA
Q9C9Y8	Q9SKN2	At3g08680	At2g28380	negative	none	NA	0	NA
Q9CA19	Q9ZVA4	At1g77750	At1g78850	negative	none	NA	0	NA
Q9CA67	Q9SIV0	At1g74470	At2g20610	negative	none	NA	0	NA
Q9CAC5	Q9ZRF9	At1g70760	At1g69270	negative	none	NA	0	NA
Q9CAD5	Q9S7Q2	At1g63700	At1g74850	negative	none	NA	0	NA
Q9CAF6	Q9LQR8	At3g10690	At1g75990	negative	none	NA	0	NA
Q9CAJ8	Q9FL33	At1g63840	At5g46280	negative	none	NA	0	NA
Q9FE25	Q9SA19	At1g56650	At1g31240	negative	none	NA	0	NA
Q9FE78	Q9SFE9	At5g05470	At1g21870	negative	none	NA	0	NA
Q9FE83	Q9M0V5	At5g67250	At4g05400	negative	none	NA	0	NA
Q9FF49	Q9MAM1	At5g60710	At1g01140	negative	none	NA	0	NA
Q9FFC0	Q9SR37	At5g22880	At3g09260	negative	none	NA	0	NA
Q9FFD7	Q9LJU6	At5g16480	At3g20510	negative	none	NA	0	NA
Q9FFJ0	Q9STG1	At5g17190	At3g46890	negative	none	NA	0	NA
Q9FFJ2	Q9LIB5	At5g17170	At3g16870	negative	none	NA	0	NA
Q9FFS8	Q9LU08	At5g41520	At5g44580	negative	none	NA	0	NA
Q9FFT6	Q9LQ02	At5g54940	At1g63020	negative	none	NA	0	NA
Q9FFW6	Q9LVM5	At5g38550	At5g58220	negative	none	NA	0	NA
Q9FFW8	Q9LMU0	At5g38530	At1g17890	negative	none	NA	0	NA
Q9FFX4	Q9FII6	At5g14010	At5g61470	negative	none	NA	0	NA
Q9FG00	Q9SQZ0	At5g06170	At3g10600	negative	none	NA	0	NA
Q9FG01	Q9LHG0	At5g06160	At3g12480	negative	none	NA	0	NA
Q9FG38	Q9XF67	At5g06140	At5g04510	negative	none	NA	0	NA
Q9FG68	Q9ZNX9	At5g23000	At5g24120	negative	none	NA	0	NA
Q9FGJ6	Q9LHL8	At5g47610	At3g12030	negative	none	NA	0	NA
Q9FGP3	Q9LV35	At5g50650	At3g18060	negative	none	NA	0	NA
Q9FGR0	Q9LYU5	At5g51660	At5g13310	negative	none	NA	0	NA
Q9FGS5	Q9LTT8	At5g50200	At3g13300	negative	none	NA	0	NA
Q9FGS7	Q9LZ65	At5g50180	At5g04600	negative	none	NA	0	NA
Q9FGU1	Q9LRM4	At5g58030	At3g21890	negative	none	NA	0	NA
Q9FGW5	Q9FYK6	At5g63370	At1g24580	negative	none	NA	0	NA
Q9FGW5	Q9M1E5	At5g63370	At3g45620	negative	none	NA	0	NA
Q9FGY3	Q9M0E0	At5g49620	At4g29430	negative	none	NA	0	NA
Q9FGZ5	Q9LJE5	At5g49490	At3g13460	negative	none	NA	0	NA
Q9FH22	Q9LFT2	At5g49120	At5g15880	negative	none	NA	0	NA
Q9FH75	Q9SJ16	At5g48410	F7D8.15/At2g21830	negative	none	NA	0	NA
Q9FH95	Q9LU01	At5g67180	At5g44650	negative	none	NA	0	NA
Q9FHP0	Q9M376	At5g65910	At3g54300	negative	none	NA	0	NA
Q9FHS0	Q9XF91	At5g43250	At1g44575	negative	none	NA	0	NA
Q9FI47	Q9LSX9	At5g51010	At3g21850	negative	none	NA	0	NA
Q9FI70	Q9SYM2	At5g49000	At1g78600	negative	none	NA	0	NA
Q9FII8	Q9SUR6	At5g61450	At4g23600	negative	none	NA	0	NA
Q9FIR9	Q9FME4	At5g24660	At5g60960	negative	none	NA	0	NA
Q9FIR9	Q9LQ98	At5g24660	At1g69260	negative	none	NA	0	NA
Q9FIW6	Q9S818	At5g39810	At3g51240	negative	none	NA	0	NA
Q9FIX0	Q9LEA3	At5g39750	At3g59730	negative	none	NA	0	NA
Q9FIY6	Q9LSF1	At5g43540	At3g25250	negative	none	NA	0	NA
Q9FJ50	Q9LVI6	At5g45860	At3g17840	negative	none	NA	0	NA
Q9FJE2	Q9M390	At5g59940	At3g54140	negative	none	NA	0	NA
Q9FJH0	Q9SY38	At5g60860	At4g03600	negative	none	NA	0	NA
Q9FJL3	Q9SP32	At5g48570	At1g01040	negative	none	NA	0	NA
Q9FJW0	Q9ZVT7	At5g67630	At1g03360	negative	none	NA	0	NA
Q9FK45	Q9SN80	At5g18260	At3g47580	negative	none	NA	0	NA
Q9FK46	Q9ZV48	At5g18250	At2g18700	negative	none	NA	0	NA
Q9FK72	Q9LID1	At5g45710	At3g13680	negative	none	NA	0	NA
Q9FK91	Q9XI36	At5g22470	At1g15340	negative	none	NA	0	NA
Q9FKH1	Q9SMY8	At5g35770	At4g33210	negative	none	NA	0	NA
Q9FKJ4	Q9LQZ2	At5g60530	At1g75490	negative	none	NA	0	NA
Q9FKK2	Q9M565	At5g60440	At4g20280	negative	none	NA	0	NA
Q9FKP8	Q9SV31	At5g65410	At3g54820	negative	none	NA	0	NA
Q9FKQ7	Q9XIJ1	At5g65300	At1g10586	negative	none	NA	0	NA
Q9FKR9	Q9SD02	At5g40880	At3g51470	negative	none	NA	0	NA
Q9FKT7	Q9M651	At5g56100/MDA7.16	At5g19320	negative	none	NA	0	NA
Q9FKY2	Q9SU25	At5g66000	At4g12610	negative	none	NA	0	NA
Q9FLA1	Q9SI03	At5g44960	At2g04620	negative	none	NA	0	NA
Q9FLD4	Q9SJM1	At5g40020	At2g36840	negative	none	NA	0	NA
Q9FLM0	Q9FM11	At5g41090	At5g62840	negative	none	NA	0	NA
Q9FLN5	Q9SCY2	At5g55290	At5g45680	negative	none	NA	0	NA
Q9FLZ5	Q9ZVI9	At5g39400	At2g38670	negative	none	NA	0	NA
Q9FM16	Q9SZD1	At5g62770	At4g29000	negative	none	NA	0	NA
Q9FM69	Q9LJF5	At5g55690	At3g26932	negative	none	NA	0	NA
Q9FM69	Q9M8J9	At5g55690	At3g06190	negative	none	NA	0	NA
Q9FMB6	Q9S841	At5g38860	At3g50820	negative	none	NA	0	NA
Q9FMC7	Q9SAU2	At5g04830	At5g61410	negative	none	NA	0	NA
Q9FMF7	Q9M1P5	At5g64290	At3g62290	negative	none	NA	0	NA
Q9FMM7	Q9LYC7	At5g42910	At3g62940	negative	none	NA	0	NA
Q9FMN2	Q9LTI0	At5g42870	At5g59500	negative	none	NA	0	NA
Q9FMS4	Q9M0I9	At5g22270	At4g28180	negative	none	NA	0	NA
Q9FMY3	Q9FZK1	At5g23170	At1g27340	negative	none	NA	0	NA
Q9FNQ0	Q9SB61	At5g61150	At4g24660	negative	none	NA	0	NA
Q9FPE8	Q9ZW05	At1g25550	At2g29180	negative	none	NA	0	NA
Q9FPQ8	Q9T072	At1g62990	At4g37850	negative	none	NA	0	NA
Q9FPS7	Q9M8U1	At4g17895	At3g03000	negative	none	NA	0	NA
Q9FRK5	Q9ZQR3	At1g75140	At2g14510	negative	none	NA	0	NA
Q9FRL8	Q9FZ48	At1g75270	At1g16890	negative	none	NA	0	NA
Q9FUP0	Q9XIE3	At2g06050	At1g59860	negative	none	NA	0	NA
Q9FUQ7	Q9SCW1	At1g64480	At3g13750	negative	none	NA	0	NA
Q9FUT3	Q9MAB9	At4g28630	At3g01050	negative	none	NA	0	NA
Q9FUZ2	Q9FXT6	At5g14660	At5g62810	negative	none	NA	0	NA
Q9FV52	Q9M1B4	At1g13270	At3g59530	negative	none	NA	0	NA
Q9FX67	Q9LNR3	At1g13300	At1g17420	negative	none	NA	0	NA
Q9FX99	Q9LXU1	At1g49730	At5g12980	negative	none	NA	0	NA
Q9FXG6	Q9LSK7	At1g19680	At3g18035	negative	none	NA	0	NA
Q9FY82	Q9LQM8	At5g09330	At1g32320	negative	none	NA	0	NA
Q9FYA2	Q9XIN7	At5g13080	At2g27300	negative	none	NA	0	NA
Q9FYR1	Q9S9Z2	At5g35110	At1g34670	negative	none	NA	0	NA
Q9FZ54	Q9S9U3	At1g16950	At5g27060	negative	none	NA	0	NA
Q9FZ54	Q9SIX1	At1g16950	At2g16280	negative	none	NA	0	NA
Q9LD83	Q9S834	At1g12480	At1g02560	negative	none	NA	0	NA
Q9LDC0	Q9SKY2	At3g21640	At2g32180	negative	none	NA	0	NA
Q9LE80	Q9LTC7	At3g15450	At3g23210	negative	none	NA	0	NA
Q9LEA3	Q9SA56	At3g59730	At1g03130	negative	none	NA	0	NA
Q9LEQ3	Q9LK74	At5g14870	At3g16510	negative	none	NA	0	NA
Q9LES0	Q9LR30	At3g56880	At1g23310	negative	none	NA	0	NA
Q9LET0	Q9SA00	At3g56770	At1g34780	negative	none	NA	0	NA
Q9LEX0	Q9M9E8	At3g61060	At1g78280	negative	none	NA	0	NA
Q9LF22	Q9LXM2	At5g15600	At3g44260	negative	none	NA	0	NA
Q9LF53	Q9M0G2	At5g17490	At4g29190	negative	none	NA	0	NA
Q9LF98	Q9LVA9	At3g52930	At5g62270	negative	none	NA	0	NA
Q9LFB5	Q9LPZ9	At5g01210	At1g11350	negative	none	NA	0	NA
Q9LFB6	Q9M0V0	At5g01200	At4g05450	negative	none	NA	0	NA
Q9LFE0	Q9LFU3	At5g16780	At5g15830/F14F8_210	negative	none	NA	0	NA
Q9LFR3	Q9LYD7	At5g14920	At5g11550	negative	none	NA	0	NA
Q9LFS4	Q9LHG8	At5g16000	At3g12400	negative	none	NA	0	NA
Q9LHF5	Q9SFB0	At3g24440	At3g08040	negative	none	NA	0	NA
Q9LHG0	Q9LXM5	At3g12480	At3g44230	negative	none	NA	0	NA
Q9LHG9	Q9ZVH3	At3g12390	At1g26840	negative	none	NA	0	NA
Q9LHJ9	Q9LPD5	At3g12620	At1g44960	negative	none	NA	0	NA
Q9LHP1	Q9ZVY7	At3g13580	At1g05510	negative	none	NA	0	NA
Q9LHQ4	Q9ZR79	At3g20680	At3g59740	negative	none	NA	0	NA
Q9LHQ4	Q9ZVL8	At3g20680	At1g54760	negative	none	NA	0	NA
Q9LHS9	Q9ZQ46	At5g06070	At2g22680	negative	none	NA	0	NA
Q9LIA4	Q9SGA6	At3g29390	At3g02080	negative	none	NA	0	NA
Q9LID6	Q9LK25	At3g13640	At3g27280	negative	none	NA	0	NA
Q9LIH5	Q9LJQ3	At3g18640	At3g18280	negative	none	NA	0	NA
Q9LIP9	Q9MAH3	At3g24090	At1g53280	negative	none	NA	0	NA
Q9LJE2	Q9LYD3	At3g13490	At5g11590	negative	none	NA	0	NA
Q9LJF3	Q9SXS2	At3g13380	At1g23090	negative	none	NA	0	NA
Q9LJF5	Q9STG2	At3g26932	At3g46900	negative	none	NA	0	NA
Q9LJM4	Q9SEE9	At3g19700	At1g16610	negative	none	NA	0	NA
Q9LJP2	Q9SLV1	At3g14220	At1g58330	negative	none	NA	0	NA
Q9LK09	Q9STL2	At3g24350	At3g48320	negative	none	NA	0	NA
Q9LK40	Q9SX27	At3g23780	At1g68640	negative	none	NA	0	NA
Q9LK52	Q9M339	At3g13200	At3g53870	negative	none	NA	0	NA
Q9LKC2	Q9LU44	At5g43870	At5g51300	negative	none	NA	0	NA
Q9LKU3	Q9LV75	At5g28740	At5g65040	negative	none	NA	0	NA
Q9LM59	Q9SZM3	At1g22020	At4g38230	negative	none	NA	0	NA
Q9LM77	Q9LNK0	At1g20770	At1g01210	negative	none	NA	0	NA
Q9LM91	Q9M035	At1g20590	At5g01370	negative	none	NA	0	NA
Q9LML3	Q9LXK1	At1g07210	At3g52630	negative	none	NA	0	NA
Q9LMN8	Q9LXB3	At1g21240	At5g10610	negative	none	NA	0	NA
Q9LN03	Q9SEI4	At1g08050	At5g58290	negative	none	NA	0	NA
Q9LNM6	Q9SRI1	At1g34640	At3g01340	negative	none	NA	0	NA
Q9LPR8	Q9SUR5	At1g50420	At4g23610	negative	none	NA	0	NA
Q9LPZ0	Q9SVN2	At1g11440/T23J18_11	At4g13810	negative	none	NA	0	NA
Q9LQM7	Q9SYG2	At1g32330	At1g54060	negative	none	NA	0	NA
Q9LQR8	Q9SIZ2	At1g75990	At2g40290	negative	none	NA	0	NA
Q9LQZ2	Q9LVR4	At1g75490	At5g66660	negative	none	NA	0	NA
Q9LRA7	Q9LZS7	At1g23870	At5g03610	negative	none	NA	0	NA
Q9LRR4	Q9M2B3	At3g14470	At3g42800	negative	none	NA	0	NA
Q9LRX8	Q9M1V9	At3g24830	At3g63310	negative	none	NA	0	NA
Q9LRZ3	Q9SS37	At3g16810	At3g10260	negative	none	NA	0	NA
Q9LRZ4	Q9SKD9	At3g16800	At2g46400	negative	none	NA	0	NA
Q9LS42	Q9SUY9	At3g18480	At3g52160	negative	none	NA	0	NA
Q9LS61	Q9LZ61	At3g18295	At5g04640	negative	none	NA	0	NA
Q9LSB2	Q9M2Y9	At3g18650	At3g49690	negative	none	NA	0	NA
Q9LSY1	Q9LW64	At3g21830	At3g23325	negative	none	NA	0	NA
Q9LT87	Q9LZM6	At3g19300	At5g02050	negative	none	NA	0	NA
Q9LTX5	Q9SRH7	At5g49950	At3g01300	negative	none	NA	0	NA
Q9LTX9	Q9LVU5	At5g49910	At5g53070	negative	none	NA	0	NA
Q9LU64	Q9STL4	At5g51100	At3g48340	negative	none	NA	0	NA
Q9LU77	Q9LUG9	At5g57090	At3g23590	negative	none	NA	0	NA
Q9LUC4	Q9SVL6	At3g14710	At3g50830	negative	none	NA	0	NA
Q9LUJ5	Q9LYG3	At3g22660	At5g11670	negative	none	NA	0	NA
Q9LUN4	Q9STS6	At3g17630	At3g47870	negative	none	NA	0	NA
Q9LUS8	Q9ZVA4	At3g16560	At1g78850	negative	none	NA	0	NA
Q9LV28	Q9SDQ4	At3g18130	At2g32400	negative	none	NA	0	NA
Q9LVM1	Q9LYG3	At5g58270	At5g11670	negative	none	NA	0	NA
Q9LVM1	Q9T0A7	At5g58270	At4g23920	negative	none	NA	0	NA
Q9LVM5	Q9SLH0	At5g58220	At2g27050	negative	none	NA	0	NA
Q9LVN7	Q9SMX3	At5g63960	At5g15090	negative	none	NA	0	NA
Q9LVN7	Q9SS37	At5g63960	At3g10260	negative	none	NA	0	NA
Q9LVQ7	Q9SG82	At5g66730	At3g10760	negative	none	NA	0	NA
Q9LVQ8	Q9SIA5	At5g66720	At2g04040	negative	none	NA	0	NA
Q9LVV6	Q9ZUW3	At5g52960/MNB8_2	At2g27610	negative	none	NA	0	NA
Q9LXG8	Q9S834	At5g15130	At1g02560	negative	none	NA	0	NA
Q9LYC8	Q9SPK4	At3g62930	At1g08650	negative	none	NA	0	NA
Q9LYE4	Q9ZU93	At5g11460	At2g01650	negative	none	NA	0	NA
Q9LYF8	Q9SZ44	At5g11720	At4g27050	negative	none	NA	0	NA
Q9LYK2	Q9M812	At5g14570	At1g52220	negative	none	NA	0	NA
Q9LYK7	Q9SEI3	At5g14520	At5g43010	negative	none	NA	0	NA
Q9LZB8	Q9M9F0	At5g03910	At1g78310	negative	none	NA	0	NA
Q9LZR5	Q9ZVP0	At5g03740	At1g05060	negative	none	NA	0	NA
Q9M0A4	Q9S7H1	At4g30560	At4g02770	negative	none	NA	0	NA
Q9M0F9	Q9SUB0	At4g29220	At4g21040	negative	none	NA	0	NA
Q9M1X3	Q9SNA3	At3g63160	At3g46340	negative	none	NA	0	NA
Q9M219	Q9SZU7	At3g60400	At4g37470	negative	none	NA	0	NA
Q9M2M5	Q9M329	At3g57220	At3g53980	negative	none	NA	0	NA
Q9M2M5	Q9SSS9	At3g57220	At4g09650	negative	none	NA	0	NA
Q9M2R4	Q9XI84	At3g57830	At1g14030	negative	none	NA	0	NA
Q9M392	Q9SD94	At3g54120	At5g07900	negative	none	NA	0	NA
Q9M5K3	Q9SNB4	At1g48030	At3g46640	negative	none	NA	0	NA
Q9M5K3	Q9SUM2	At1g48030	At4g30220	negative	none	NA	0	NA
Q9M622	Q9SHH8	At5g66160	At1g17190	negative	none	NA	0	NA
Q9M7Q2	Q9SX97	At3g19290	At1g47655	negative	none	NA	0	NA
Q9M7Q4	Q9S745	At1g45249	At3g52430	negative	none	NA	0	NA
Q9M844	Q9M8T0	At3g04430	At3g02880	negative	none	NA	0	NA
Q9M8J9	Q9SR38	At3g06190	At3g09250	negative	none	NA	0	NA
Q9M9T4	Q9ZUB5	At1g14280	At1g23810	negative	none	NA	0	NA
Q9MAH4	Q9SHI3	At1g53270	At1g17240	negative	none	NA	0	NA
Q9MAL9	Q9T041	At1g01160	At4g27060	negative	none	NA	0	NA
Q9S6Z8	Q9SG80	At4g01840	At3g10740	negative	none	NA	0	NA
Q9S745	Q9SHZ6	At3g52430	At2g22090	negative	none	NA	0	NA
Q9S745	Q9SRS5	At3g52430	At3g07410	negative	none	NA	0	NA
Q9S7L5	Q9SWA6	At1g74930	At4g18470	negative	none	NA	0	NA
Q9S836	Q9SXS7	At2g21050	At5g28020	negative	none	NA	0	NA
Q9SAG7	Q9XIP7	At1g80930	At1g64990	negative	none	NA	0	NA
Q9SAH8	Q9SXS2	At1g80830	At1g23090	negative	none	NA	0	NA
Q9SAI2	Q9STR4	At1g80780	At4g26200	negative	none	NA	0	NA
Q9SD33	Q9SRS2	At3g51130	At3g07440	negative	none	NA	0	NA
Q9SF16	Q9STF1	At3g11830	At3g46770	negative	none	NA	0	NA
Q9SF85	Q9XIB5	At3g09820	At1g49480	negative	none	NA	0	NA
Q9SFD8	Q9SMN1	At1g21970	At3g48680	negative	none	NA	0	NA
Q9SG86	Q9SUA6	At3g10800	At4g26560	negative	none	NA	0	NA
Q9SGP6	Q9XED8	At1g28480	At4g23980	negative	none	NA	0	NA
Q9SH71	Q9ZUL5	At1g64210	At2g02090	negative	none	NA	0	NA
Q9SHP0	Q9SK96	At2g17630	At1g22550	negative	none	NA	0	NA
Q9SI61	Q9STL2	At2g16570	At3g48320	negative	none	NA	0	NA
Q9SJJ5	Q9SVD5	At2g27970	At3g52540	negative	none	NA	0	NA
Q9SJJ7	Q9SJW6	At2g27940	At2g31300	negative	none	NA	0	NA
Q9SJL9	Q9SRT3	At2g36870	At3g07330	negative	none	NA	0	NA
Q9SK55	Q9ZSK2	At2g43000	At2g31200	negative	none	NA	0	NA
Q9SK92	Q9ZSM8	At1g22500	At4g02020	negative	none	NA	0	NA
Q9SL90	Q9SNA3	At2g25730	At3g46340	negative	none	NA	0	NA
Q9SLN0	Q9ZPR7	At2g39630	At2g03590	negative	none	NA	0	NA
Q9SN19	Q9ZPV7	At3g49990/F3A4_70	At2g18240	negative	none	NA	0	NA
Q9SR34	Q9SXL4	At3g09290	At2g17820	negative	none	NA	0	NA
Q9SSW1	Q9ZRD6	At5g67450	At5g58060	negative	none	NA	0	NA
Q9STY0	Q9SUC0	At3g47430	At4g20930	negative	none	NA	0	NA
Q9SUQ8	Q9XI98	At4g23690	At1g49300	negative	none	NA	0	NA
Q9SVL6	Q9ZV45	At3g50830	At2g18740	negative	none	NA	0	NA
Q9SVW8	Q9ZV90	At4g35470	At1g78720	negative	none	NA	0	NA
Q9SVX5	Q9ZU51	At3g57600	At2g01150	negative	none	NA	0	NA
Q9SYG2	Q9ZW30	At1g54060	At2g29490	negative	none	NA	0	NA
Q9SYM5	Q9SYQ8	At1g78570	At1g75820	negative	none	NA	0	NA
Q9SZE2	Q9ZVJ4	At4g29140	At2g38730	negative	none	NA	0	NA
Q9XI32	Q9ZQC0	At1g15370/F9L1_32	At4g07950	negative	none	NA	0	NA
Q9ZQ85	Q9ZR14	At2g03500	At4g03170	negative	none	NA	0	NA
