id	status	length	sequence_sha256	reason
A0A178UA35	missing	0		not returned by UniProt
A0A178UFM8	missing	0		not returned by UniProt
A0A178UGH4	missing	0		not returned by UniProt
A0A178UKR9	missing	0		not returned by UniProt
A0A178ULT4	missing	0		not returned by UniProt
A0A178UQA3	missing	0		not returned by UniProt
A0A178URU7	missing	0		not returned by UniProt
A0A178UXI0	missing	0		not returned by UniProt
A0A178V0W2	missing	0		not returned by UniProt
A0A178V4E1	missing	0		not returned by UniProt
A0A178VFA3	missing	0		not returned by UniProt
A0A178VMH7	missing	0		not returned by UniProt
A0A178VQN9	missing	0		not returned by UniProt
A0A178VS74	missing	0		not returned by UniProt
A0A178VTR0	missing	0		not returned by UniProt
A0A178VUV0	missing	0		not returned by UniProt
A0A178W4T8	missing	0		not returned by UniProt
A0A178WDD2	missing	0		not returned by UniProt
A0A178WDM5	missing	0		not returned by UniProt
A0A178WEE3	missing	0		not returned by UniProt
A0A178WFR3	missing	0		not returned by UniProt
A0A178WKB2	missing	0		not returned by UniProt
A0A178WLV7	missing	0		not returned by UniProt
A0A178WP44	missing	0		not returned by UniProt
A0A1I9LL75	retrieved	267	4e526f9e7f157074487c6e87b4a1956656613c44431867424f1e90e7a467112b	
A0A1I9LP47	retrieved	955	867097305a85c2f4917d6cbb3b71268ee72b24842a871152aa7b72ce21abeaad	
A0A1I9LQ12	retrieved	189	d74b884b673eaa387b35438fe13df4af2092c37d09590bb90b3b9dd52a0452f1	
A0A1I9LQ53	retrieved	672	2ae8ebc680df0407cf6bcde0f493331c5fab283085633b90f2539c983202b421	
A0A1P8ASI5	retrieved	1029	2489dc80b5916d60ed75597bfe450df46827b4e7f966e710f652999a9aa8e21d	
A0A1P8B1V0	retrieved	547	1524ca4ab3ecabc2f69e9902d018eca5e891915222eb902f468bc02e21fa5d5a	
A0A1P8B4Y6	retrieved	678	e707efea52cec64ec6574cfb54ce6d51d1ad98a90b2b7277ad2f7c2170530212	
A0A1P8B7M3	retrieved	324	8f4e5adcd50fef18530f4f63044bd62b13152e8b8669c34e8e7037c84f072744	
A0A1P8BAS1	retrieved	717	d2f03a449c91c2e7e445e16888aa98c79a9c53a1724a6134111f196b35970fa8	
A0A1P8BC43	retrieved	689	ba9a68c08731048b0b5fe871ee6c5a02006979675e35557cb5257dacda42cf76	
A0A1R7T3H0	retrieved	978	6210314d68df2c1ed2cedb5c0ee57e504cbab97fb6dab9909e76856476a22cb6	
A0A384KQ28	missing	0		not returned by UniProt
A0A384KVW9	missing	0		not returned by UniProt
A0A384KX90	missing	0		not returned by UniProt
A0A384KYS8	missing	0		not returned by UniProt
A0A384KZU0	missing	0		not returned by UniProt
A0A384L363	missing	0		not returned by UniProt
A0A384L3L6	missing	0		not returned by UniProt
A0A384LEC9	missing	0		not returned by UniProt
A0A654F9U8	missing	0		not returned by UniProt
A1A6M1	retrieved	387	86103ef20d7d92a7e5955088da7ff6367072696e871bda0a1d3b9ed550e0c612	
A1L4W5	retrieved	415	3a43ccb0a22a9e43a45c2688c620aaf9c2f9e9a5ca4b80fe50508d76d3a2a158	
A1L4X0	retrieved	431	33f9f0c0e6170b97bac178a765480669da8dc4f516ae93287e10da06d3899f7d	
A2RVS6	retrieved	300	08a6d6a1b6d6c6a3c18ffa194d1527106b6eaeae739e49bc11a43757c76dccad	
A2RVU3	retrieved	231	ad8e924c78a0d9512f06cb3c9d4e60c8b10d097570f1292db645948ae8d196fc	
A4D998	retrieved	223	4e3710c5a46deb629078ac22d6d42fff99ff2c62574fc0412b4f702e2716e0b6	
A4FVP6	retrieved	564	3898660215092ce984c1c12be76f4e3332f893735888c7c56fd0ee74c4664625	
A4VCM0	retrieved	479	7e00b0283baad8e00b0b1867f5d4bde19759d8e9cd857ac68f780456d03f100c	
A8MRZ8	retrieved	801	70785d353a011a22910521bc397fb6b5a074673320a0528bc020335ab21273f7	
A8MS32	retrieved	140	76c48ae9666829d9719e28058a122802a7ee368bffaea46688b87ff7a206d913	
A8MS70	retrieved	134	836ac4e548e62dd067e9a1368cd253fb97e3d585eefd7147de4f4da14f35a974	
A8MSE3	retrieved	276	211a0059d33379666fcc498ceb6d8e8f4a3f933b4000c0ce5b36e6e6b01b2b05	
A8R7E6	retrieved	617	405baa3a372f714a2159b641d1890b67fc06885a952c3bbde67f7d6d248e54d9	
A9LNK9	retrieved	631	3b1d84b255bf500c1e649d46f89e0862f3ea12a576a0233f907195c42479091d	
B3H506	retrieved	241	dc063ffafc68ef06f3c2ae17c9d8d8f4c0ba8949322a22db1b47024e2bdb4169	
B3H5I5	retrieved	67	b868ca974fb5b7242e1f23757a65e61dd311d10cc41e49dfd1d1bff6454bff3d	
B3H7H1	retrieved	409	8a089491d9321056fe0b977370a0d852e994aba9d80b9d27fda74851ae7c35ac	
B4F7R9	retrieved	251	9fbe4f2720bb28cdb7c6c290bde5182b69f6334b49e63b029523279848eb186d	
B5X0I6	retrieved	1091	b730cdbf1a7ac287321061abb23713755a59c8f45a9b0be334e4391ace07e44b	
B5X0N6	retrieved	597	236adebac27d3e5c584d45d7cf5cdabf8ab73e8b3107fb64f160fdc07343861b	
B5X4Z4	retrieved	613	0422fe6ba4a9c87bbcdff7eeb157e27a288ee83d02daeb03cc3b50889bd70606	
B7U179	retrieved	737	4835ae8f33915c0f90b29dbb684cedf5c11350f778dd4b9aace81643f2b99122	
B9DFI7	retrieved	616	bbf18cd47cfc639fe1df63fc495ddef1b8eb9de297bc01864c098af45c2a6dc1	
B9DFS6	retrieved	572	ec22334122e1f5891ab721f705ca4010de7478aa6f2379e35c7eb446c2a7f422	
B9DG73	retrieved	226	695e0108d888c86f9d8b5f3e849f721f33a9647c95af8e1b2fb52a191603449c	
B9DG86	retrieved	409	8e165de9a7585dabd5a550acaf5b847030afd1ac07b77f56644ebd12597caef0	
B9DGA1	retrieved	361	97241c2b86aa8a8c4c38fce04b4b5fffe20bb3d68dc6786ad7c9383399b451ed	
B9DGD1	retrieved	430	e6db5692dbe3027f9a259fa5f869de72f28c97226efef712db54976e0263519c	
B9DGD6	retrieved	743	ac29b2a3618ff7df48ae93ee5ce42fe75ae990915311ef1abf911c27700e4537	
B9DGI8	retrieved	314	2835244e6abc6b2952119eba774694d1759adaabd8a59928f33536dbdc459d5f	
B9DHT4	retrieved	710	4c21621a4956128068cf9536011968ca53745f86ab6dd2f88d94fe86ea0af4ee	
C0LGD6	retrieved	852	0be21ccd59e748c6281aa5bd04e9b98bde339c61d7ea8f1b4e8f7d5586450836	
C0LGH4	retrieved	1012	ca7ea42c805f4698351a964dede1da7f4df72d2cf260c65c337fa6d5504d93f5	
C0LGI2	retrieved	929	0b2527d2431534920215d6eb346e52e8f8690117809c31e3eda97254542f3ad6	
C0LGN2	retrieved	1020	90a215fcc1d66cf799c3ec353bd3b20041d803f1ffa39480ef5729ddfc98c6b9	
C0LGP3	retrieved	1009	95d65ca06f32ba07b4289bbdeaffa4a453461923a5b7794cf8662e3405579fe8	
C0LGP4	retrieved	1010	9249226ccd92723f6acc836a1eef09669c83a46d0c309f7498a54b20d9bef910	
C0LGR3	retrieved	1091	324c0620aab9e4cbd27deb36138ec733857f72aca84c1780ecc49843e6388fbd	
C0LGR9	retrieved	676	d7847de44de06b4a5390a66b1e1d611df7278553e9840d42c1ee66587efb87a2	
C0LGS2	retrieved	1136	600018441669e542b487bbbd2988fef22faaec59d7eff21a65007c3a0cbe906b	
C0LGU7	retrieved	695	06fe760bd2bdfdfdd8e0e69070101cbfccbaf88247cb6980449cbee30af8695f	
C0LGW6	retrieved	966	39176cd47cdf801860f4b934d5fa7ecb69a24407fbea5c64eea9b0f8eaea9e3d	
C0SUW7	retrieved	398	a439b982cfd8d4b1e0ad34ca1fe1cfe6d5d431b112d3e696a682c86636624310	
C0SV91	retrieved	183	4c3a235d44f9be4aabba8c50c7fbfa2ae6471f28324350f7b7cb2e996c825133	
C0SVN2	retrieved	420	c8f026d47a7d5e094d996a46d8c1cac46e8fed30cf57fe65b369ff19f31251a8	
C6KIE6	retrieved	861	e6459290b0b122ec49944351deb9d6ac16780559acc120bb2ad2a37f399391ff	
D3K0M2	retrieved	158	8cd182fd03f3bf856ccc73be4f16b5f93f9810d981c2da1ca536835a22594d3a	
F4HPA7	retrieved	189	0a75b7ba411ce934856e4f102b6f74572bedbd9a8a30c6022d7e88d6dcff2544	
F4HQ22	retrieved	617	3ec255489c4891019169fd504a3f9ec289028312f455b38d81e4388717a2fb59	
F4HTE0	retrieved	385	904cff8ff701c03dc0aefd69746a5b9ce848ed7f5c17370337a107c4e25e0715	
F4HTH8	retrieved	1181	a144bafeaf945b29d0d143f130c80a9147690a7b276bc811870da9006628904e	
F4HVM3	retrieved	356	c20a978c9d686429cac4e8eb2ac73e1050aab00bee78fe4c8917e49b0e46c814	
F4HXZ1	retrieved	846	390bcfd4d5c70d1c75bdac07f63485fce01ad2cdac4abd0c8650c3f0bceed524	
F4HZB2	retrieved	3601	dc3e67a739c3002f195f9b38d54cf80e4cf31e61281acb93a9c98e22e17825fe	
F4HZY9	retrieved	460	4a3ed7616cac30eb98cd7d609f4df2e193e8e18d12fdfe5d577e9a1564d8bd20	
F4I065	retrieved	888	0a2b6fdf99acbe2203390a30fa17127a76fe61f64347708f7d4233b7db6a9015	
F4I0P9	retrieved	297	169a22a07df9f1dbb64fc5927c2805378907f040a3a9689ff8c870adbb8d060b	
F4I1G5	retrieved	226	f2b1753d3e7695378234e1a88466cf7658812b4f6b3dbd96c40f8c3b085842c5	
F4I1K2	retrieved	489	5ceab39e70fba4a28b1271c64bee16a284ce06332a9e7f4c1c6a19d9c45daa6b	
F4I3C3	retrieved	652	2d8fdb9bab9a78e23c046defa00ae57479c865d27242cc13d57e86ee7b705ea5	
F4I3V3	retrieved	636	61ffb62410f0b3db53832b4759c7bc8aaaf20ab56a096a6f561bffe4fa55e5c5	
F4I420	retrieved	1294	5514e67392e806a76cd2c2a1a5f581085793624069a73711c7727f4868d95f58	
F4I421	retrieved	1166	13f6da8fa12f205ad6c1eda694201b64e881d35557b041d9b3c3ebb99b2e7f2c	
F4I4R0	retrieved	408	422f17d3123de01744db307fce151e0c351fbcc9e89b997622977460978ae26d	
F4I5D7	retrieved	509	40dccf7030ed753e7b6ceee3e50436250c5ec3ce4731c8ba8598747890704ba7	
F4I672	retrieved	460	fa8e65f664e0b3a2b06943d91e743dddc50eb969bef3d22b20be0b1a938840d9	
F4I6M4	retrieved	821	5b968029a3343012bf215fa705aafc8e85e71cf97717019d5886c9b008d80f23	
F4I764	retrieved	362	42585f53c9f38b65a2668f4f9f2a7761cb78b1862315c6380c0f83a5465561bb	
F4I7I0	retrieved	543	73e72c02722346a33e868671fd1786a205468823fbe2cf5eba9bda2da500de31	
F4I8E9	retrieved	557	390b664b2937a59c17e440569db562df01b547806f7e530f1596e6d9e91f96e2	
F4I9J8	retrieved	513	a61ff94cb0084954ec798cc762f9822f5f5deb06a8a692456c8e5a75a9792c36	
F4IAG2	retrieved	1042	8a315b15d837278175345940a5433d4f4c4ca452e87fb50104e3675401fe11e9	
F4ICX9	retrieved	759	ab62754ae8f9f8db213fa00ee2965afd10a537957129a993c37e83387ae2c9aa	
F4IE21	retrieved	228	fb5fb6a38885c43390eefaf490de0c43cc6d9f12d746f2c44f4598c3f6d69e1d	
F4IEM5	retrieved	410	21b104046a7a371eda4113187bc0cc99f2e8dec1c5fb0fec8b3bda850a61a717	
F4IFC5	retrieved	650	257cc8fdc6aec9f938dd76dd8d0c32668877665f6a5c5d9af96aeb2702456982	
F4IG60	retrieved	136	7230e31521143bd13384fcd08da017ae7b8c8febedfdcc4704a2f53b61de6f73	
F4IH98	retrieved	133	e3f68b3ebc321efbaa5cd44eb47d7a1f4e864b2680cc28e12624e796c5062424	
F4IHL3	retrieved	641	274a2bbb08cd200df16d10ab98694893f7bf2d96144a0de8b64d61d60eb1e08f	
F4IHS2	retrieved	3574	bae5d5fd77545cf68679892e78a0dc63ffe928febfc0c400c0510f32842e782d	
F4IHS9	retrieved	342	0be3a57e370560a2d1244658740018e2a3d21ada24f450254a6f18e1edac8265	
F4II29	retrieved	798	ec31b6a061a9dbc8a0a15c0b23086127318748b526c0c9e12b3f73431fa36b75	
F4IIM1	retrieved	2150	c535481e8e08ad74d09d5abaaea5ca00ef70c7fa6eb2a4bc7970aab5b7cf321e	
F4IIU4	retrieved	1708	c2297c36973ce21e524a2d135649f374f98bcbbc9e159a9b8fff26f24d3d866b	
F4IK01	retrieved	299	de9f63f692352c7e7be193a1157644c1177978deb16ceba3203577d8586b05e6	
F4IM73	retrieved	496	f6e2de18590d635506ac0c9ac913afcac64e1a4114ef0cd1f74a7e27d63df6c7	
F4IPE3	retrieved	445	9be6966574826b47386d63aff71179117891d40e8f676ec42984ef5091867746	
F4IS00	retrieved	405	5a5c8ef4daefe32da0cf3ff0c08adec7a75ac78a178bd3310bdc80f5037a8a2d	
F4IS56	retrieved	479	1c1d22b1e8b594412a6e8a8c80fbda725ff501d178b3c63b76f0738cfdecde11	
F4ISG1	retrieved	631	39156e33395bad46c4fae8840bf9128ea42340a9b3686e2ee37b967f87beb797	
F4ITL6	retrieved	250	91f6da1cf04aa341046eddeba9152d132c22aed49df02654f4be77b0f2b9adee	
F4IUW3	retrieved	550	5e31f61a9dd53f0bdb2208d30f473293118782292a4b0dadc412c976e87a9895	
F4IVJ8	retrieved	1826	45dfe6678df88520dca7a3294972023e16be3f7d70f95b44e0f893a37cba2945	
F4IVZ7	retrieved	441	d1bb9b967b5f895c55da02bde5f0313311a73718b060db118e89f59e784db690	
F4IX22	retrieved	1254	20af7501d2ba94ebfb41feaf7d75cfb02507ff57ad94808f512d0a4341eb4525	
F4IX26	retrieved	313	3032276ffe4e9c563654aef3c24c201beacefad532ba5edcbd92a8102796f129	
F4IYD1	retrieved	371	9a6b7a4c5f3319faee6e14b15b45882185cd25e48e3091f2c70da5c9f688075d	
F4IZC0	retrieved	493	870410dbccab0b3530e4e143366a6dac4aacc9de614ba3dbe8186ba80685b051	
F4IZC5	retrieved	323	a583c6200bf207ff45b6c9ada7192b9bea5cd2fd4c4ab47cc815caa174b10c1a	
F4J030	retrieved	399	8aaa7182c9859177f89377985f130d306df52804f98c892ba3aff9147abe6fa2	
F4J0W4	retrieved	643	e90e8a6717188fbb2c96ba7777d46beaee7fc6277a580520a626c5b7ed17c200	
F4J153	retrieved	607	1bd98e39cf3d48f01096b8f142fce9b448752c0a980b46f831b7b6bf729570ca	
F4J220	retrieved	279	7de97619c6da846b9bf25fd534baa7acb77cee78a4a7b36d5d4060df7284cb71	
F4J2K4	retrieved	1273	4b591771bfb99ef89d4b1c220beae6f70374276fd5a99d9ee8d6dba7b285e6f7	
F4J5M9	retrieved	258	a288ab1b6ad2dea1620e3b08dca075d49bcf321a1c085749f9d3ac4625b34b87	
F4J6I6	retrieved	507	b7067b7cbd4764e98fa7705dea32ec06c98b984475ec564671b7e4c9cd6a0a53	
F4J819	retrieved	705	5fc6988f6099ce73b673ed499c7c8138938aef235270b9f46c8952460fe958b0	
F4J8D3	retrieved	1176	342faa2bc9e3aa2e7c3ff99db444becd66e11a0a2eeed951a64afd1d58ce1f46	
F4JCR2	retrieved	1606	ba8480a40159bb66144a03b4c7992677251d1dc2ca67d9c333d0c4deee5bd1ce	
F4JKK0	retrieved	1108	e8e03d4dc0992e5bd0e818c1ddf981b398c865b880652888a9c45a9d7b1318ed	
F4JL28	retrieved	234	a99d26d247cd21cb9d3079f1b044fed8b8db68e98db475dd487b353300da88cf	
F4JMN0	retrieved	201	feb4603c5a63746e4353f813d7ccae7177dc7ba0c39f492b6cddadbe0a963414	
F4JP43	retrieved	2037	951a17b87f3dd5ce6e05a24b4605eac77d0d6a2cf89ceeecea91450b0263fa67	
F4JP79	retrieved	514	92a0e063646270a3c7b2b82732a3d1cd56423430ff5e6bd7eca9cc817250f2d0	
F4JP94	retrieved	277	13470716336379dcb65ca93a1d27af836d2527b3306746d7373aff80ee13e60f	
F4JQ95	retrieved	492	566197568312abf798a9f8b506d24c4da09ac67ca06ae7a17b3e00675a62ec1a	
F4JRB0-2	missing	0		not returned by UniProt
F4JRR5	retrieved	421	73981798f1d94bcf9219567e76e1cac879f563dc8e3bc00935e9dc709a450df5	
F4JS25	retrieved	1052	f6c6032d6a5357e3cde61032544612ec956be476de2ee08c5d0c13108576782f	
F4JSU0	retrieved	305	1a83ceb4d001f90445813be606f563011c30ac8718bc15afbde3a29df2e4a8e8	
F4JT76	retrieved	1034	a181cde59b72a33f065e9fdb7fb9275b0f2bd74c89c4b96296fe78ec0aa0d16f	
F4JTI1	retrieved	782	51730f7328056ea65f75a9bad169a6c91db4f5d6757bfbecd830642c640eba5f	
F4JVI3	retrieved	493	25e97d1503c9a257239da4153a30fbd85691dcbdf13fcc889de30c30f9bf0adf	
F4JVN6	retrieved	1380	eb9d1112479c02ab1fd7f924d0caf47d5889923d5b3f0b2abe6d7454bf8c0063	
F4JXH7	retrieved	987	06a46119d58442eac5a197e366839e4cd2dc43171d9836ed4a382411904263b8	
F4JY84	retrieved	459	de4e365085c8a28773c7b17acc3d958e1548362aa19806b32d858795d78aed0a	
F4JZD5	retrieved	270	b7951adb60ec52eb275f4234483497117b4db71941e8a8790ec875e69767b9b6	
F4K0E8	retrieved	741	a6d70d8887c36a4aad2634b0bdbb6d0a4b18f702639ecd4825f14745571fbd90	
F4K128	retrieved	1064	078b0c1506b06373e3d41e7224d6e5202b4cf2ac1d65aa5372e29f16ce7237e3	
F4K1J1	retrieved	453	bfef24f7c6a0da20c865da8c760ba95bbf6c2694d20e09101f91540f78d70854	
F4K1U5	retrieved	199	52e0a2973fe6f0d996ea79bf90093e7d39680981df859808b3891e011ca8055e	
F4K210	retrieved	389	d70c5f5fdbff5a0a54313f34c8e44f782988b271a6353efaa4034ae5061a9406	
F4K3G5	retrieved	1297	3bd51980983df246d48abd2ea06804bd3dc88148cc042aebfe012fae009add19	
F4K5S0	retrieved	1658	96bf3d8991d054c5cdb0333711fb555f4cb8f74705ef6dc53f00bfaa4400e196	
F4K5X6	retrieved	287	0a72262d14b79a41e38cbab1ffac1104f0fa08b4332d12c8f2d05c4f5cb40239	
F4K6B8	retrieved	1090	560e97b68e2c253982d06722135680d770a686dbc37818ef8b568ab6bdb5e688	
F4K8Y6	retrieved	683	59a9ca31df8d908df0572fdfb6ad57366441b1f4e13ab92593d951a9c701c9a6	
F4K964	retrieved	789	96ee3db53e8eef8005f0ba94475892c236e70d1fbd312cbb02ea7ac982e22da4	
F4K9W6	retrieved	493	c4892880b2c4aee0638f4f4b10d5ec1f158601c40c8f896fa1006a2d8ea32f94	
F4KAS3	retrieved	326	3c5cd17874fdc681b3ec6457f27ac1513e6bba2b52532d669aabed5905c09a23	
F4KBF5	retrieved	282	28ab0d5e1695b61bedaba714b6eccf276b3c184905eb608ad93e97164fbc8329	
F4KCH7	retrieved	591	d14b7bd0bdea64ceece417bf400375b510ce8e1ed878d6f3be75330f9afc748a	
F4KCL7	retrieved	603	d5bdb145707702da667e01ebea1c2a254e70bfa1fafb1db392366da66e37d049	
F4KD38	retrieved	1161	a2f383ed89fd3a468a69e021fa1f39badae407a3f06ca6d1f818de325419533d	
F4KG64	retrieved	761	d37c824464b4f8074e9e8498688437779a0cd5e3f83544daa98fc9065bfe3a24	
F4KGE8	retrieved	559	85fde133951d3e434792994b56df36c6e30f7ba986ed9a5bb5692924c41f4fa0	
F4KGY6	retrieved	387	59df3c7826c243d66b9cffd6af5d750c21c85964fcf662ad2068029ef5c17077	
F4KIB2	retrieved	648	3b65a64de0667d8e57825050b24ff07e6efe8a4c0756d7b7a47c6d935cf40c8d	
F4KIJ2	retrieved	1040	4a95ada40bf567a214094c8c801a8eee0fa8b69f80ebce6e48292c2c05a4a4d6	
O04005	retrieved	216	fa367d70a62b9fce6325142315f7cc07bbbcae331ae5432343ebbe1816c6602f	
O04019	retrieved	423	9ddf800039820fd41c26e9e1540c7d0e5aecdaec60a521e8bfc40a53c76446aa	
O04027	retrieved	139	393dcbe84fae7a3e4e4cec12d1f73ca0cc3f9638837e4d80386995ff5acd9e23	
O04034	retrieved	546	c9b4ac64c18f8abf75fbc4f25d27088a563ab6fab9cbe3011ab14ec8712e56f3	
O04036	retrieved	496	04255340b0b0bf13faf02f021985db197729cdc7d0e8d692e2472f584bbb9dfe	
O04173	retrieved	134	2262eed9432530506e143fab6ae2b9c671197f4f6bfab480b23cffc58a961640	
O04197	retrieved	592	611d736a017d36ebabe626451f8ca729eba09d0cefbd3a329f65d1f35c86e2e7	
O04203	retrieved	435	df6dad0a6baba32a102dd7100ab467c3153a5383f1bc7f232c7713195d88a4f3	
O04204	retrieved	317	88f47fa9595bf62faaf6490a57263748729141114be9209e4fab8c1232621ea7	
O04209	retrieved	258	75723e2514e5cbc13db9acf06168470e52b5c3e3f0d517b1b46c00341ff7a7c9	
O04265	retrieved	347	59622998eb8ea309a9fa82b579bbdfde7ecebf7e9c76504b0925f015a21da3ce	
O04291	retrieved	852	1355f8f9dda2263be6c7f2037cdbf51e2276edcd2f9c3b8caecd50e6770c8cdb	
O04292	retrieved	841	6522818bdbc832358b99774837d32290428a8feeeed4b0cc9119080b33f8a5aa	
O04294	retrieved	531	09de37b1b96c3d64fa63083f500bdf766b6e06ebd1604917744d566f31ee4861	
O04309	retrieved	451	aae8c77ff82866ad3c515f71e72834da3ef9d8f564ddd6712efba0883f48be20	
O04314	retrieved	298	b5ef2674e6feac6a99b303f533413a614b9a448a6fdbd468a8cea377ef12ebc2	
O04316	retrieved	619	a681bd8032e520bf94230618297308dfb08a1ab55cfa5d20c294c189e4a216cd	
O04331	retrieved	277	41c2dfb18b5f504e904db30908ce74c17ee60b60ad3116824d34d460431b87cd	
O04336	retrieved	380	a3494f23ef528e5c12c5903e2b461f3933299da2960e09976f9cc02f776ba1a0	
O04351	retrieved	320	a84e5cdb10cec01df7c4a02d4bc54d246a873175db776ed5acb43e995fe603d1	
O04450	retrieved	535	5a15520b7f1e99eefec62a25c3ceab8619a91dba7dd519b23e0f01448497bde3	
O04492	retrieved	419	f8be7d07881afe129e5f1df8839c4ab0dabdb6fc79fbe5649b5d9754705f7151	
O04539	retrieved	1326	555470fa7fe3b46cb2959947f706f23043398c95226ed39afb430d40e506741f	
O04551	retrieved	308	be486a38751089d9bcc629ba4cd3e3589bf43c30296cea85674070fab4ba4857	
O04567	retrieved	601	af6d9c2a3a0a7668d12b58c13ed50ca0f941009c0d927505f25908b20d2d8aaf	
O04603	retrieved	262	b7443c4ec7ecd2517acf2650ad0dea61d581cd3023af6f5e4a064fe006e51769	
O04632	retrieved	126	d699bdba761e32bf924607e26131ece98892af7e3e9eca7b9b14990ac1efcb45	
O04656	retrieved	450	29ad86e7f52c9aed0bd7a31d5262d08f93ddae439a94a912ca013ef821780cf0	
O04663	retrieved	198	fabd17f6017d753cf0b2124fa5724536319105ec591232dec16e4c07095d55cf	
O04714	retrieved	326	c9403526e0526598d79f4fc0a46126e0854f5e4ba24a349f50aff1410e6fe00f	
O04719	retrieved	423	88a8fd7a6968eea94a2d1e6fb80daa7d60bfe92ed823ffc73eec823c45e5689d	
O04719-1	missing	0		not returned by UniProt
O04848	retrieved	142	f7ecb8e905644ea0fd4370a38e7b60e7028a3adc5abf91120d01b2ccd71f6ddc	
O04905	retrieved	202	48409f7d06204a62e18be4338049487ecdbc84d7dda0104b9051f98bc3a49cae	
O04951	retrieved	307	b45871d0dc06907cd9ac340da342ad29e6e5309145e097fd1813e0c18029b633	
O22042	retrieved	651	ab88bf781ab5bda4b75dee4454c9a74103b2ad1b3d14d29af6fa3eb2b46b62e8	
O22059	retrieved	94	1d246ce660007829cd48bfed9bc17a14a812aca806df43b0c5228f85881fcd35	
O22176	retrieved	317	2a69210d83a80f98f8a5b52628ef5310bc4d044bec3b4bfefc96b9c61b8142e8	
O22178	retrieved	773	6dc67acb20212a9438d857e348e070a2106bb26822c5ea7b34bc224621803019	
O22179	retrieved	309	369ca71b5f924726a92c50d58bef1bdabf3aa8ef896e4af79bbdc2e2d3974cef	
O22211	retrieved	431	8fa3e56b806199ea1a50ce5664b79902850777aa77de33746378c6707466d480	
O22224	retrieved	861	281a029a055e123a9fc66d06e56ef7073c5686039744266426ccb19a574ccc3e	
O22229	retrieved	529	777a6988f831573b14068f38c4df1e9db90812147e185cd60ad807e2ccdcbc5c	
O22264	retrieved	371	51273942d5ac77695ce39ffb19776d157c0b6cb362977dd3c669576d018816ae	
O22265	retrieved	373	61aad8abcb5425cb14acec584d1620ad2e82697fd67d57cebbe0906837aaf6ea	
O22267	retrieved	1122	7716c077333acc56260f9a86ad952190ee19bf203da4b98c1c615126431f48eb	
O22285	retrieved	694	d998d68a6fc474faaab47762744cdfc128524aed5376460b3da9ab08956a8c6f	
O22286	retrieved	408	78328a0c220a3ac4fb18e53c3dcc2c94a9738d1e41d82a9e4cda5d67867f0715	
O22446	retrieved	501	c417ee83671bac4cf5e01d18da94d0dd8d9470d7ae7530af85ceef1b1c879c71	
O22456	retrieved	251	9fbe4f2720bb28cdb7c6c290bde5182b69f6334b49e63b029523279848eb186d	
O22456-2	missing	0		not returned by UniProt
O22467	retrieved	424	c683b6439392133cff9551366a37f57100fcd22bf6cee2bb354a43bb7e094c7a	
O22476	retrieved	1196	62b8a7a2e671f9ff189141fe7f1ea88b89cd1882d5a536aef566f6bb34a6470c	
O22527	retrieved	324	7fa6fca25feb03e526907a66ff497e3f21e2a14084e318f7802b3d64d6322ec0	
O22558	retrieved	546	88dfaf518e3277e0a419165cd00b0b8f308caad931ddc9908c68b4c042a75a2d	
O22588	retrieved	267	c4d4ba42634193d5c7739e329679416904b0333b1e6a858e5b92085e8b393dcc	
O22607	retrieved	507	fd3016ba3136585a59ea4a6499fabe970ca293125a79c47447aebeb76a9c8c46	
O22609	retrieved	439	ddce06d9816a82ecd7f223eed11eb9b6aaee1f3097fe02bbcfb15a6abbe0a931	
O22622	retrieved	115	3c69e75f5a44aad0e265eda4d39b6e5bd4b6521a4ca28d0521ecddbf9f881e82	
O22704	retrieved	121	01091f8e2e7e7e0267667ce2c3a645fd13bfed400f928a422c07d5342ff6bf1f	
O22714	retrieved	491	0ffc7b466ce63d36b2577602f09b5a34606e2b09a2fc5fd1089277a4ec7581e0	
O22759	retrieved	402	50db52610559d96b29f190f6978b7ed8b1f5d3157580d203f0b0dbefeebecd7d	
O22763	retrieved	411	6afe70c8c32519c67872326fee01cc24198cda34db5dba912cde3073074809ad	
O22768	retrieved	310	c57228b10c777f93d180613014b87052ac3ea24e811b3292f598e30186aac842	
O22769	retrieved	255	54b91096fff8e9d27517fbf3aaf62aebddeb46a96a66845e264204446b9c305f	
O22798	retrieved	268	1e9c2c73c302500f090428c89ab04b19ef28a95d623d523e910dc670af716ca8	
O22815	retrieved	501	a7d60c750352c39231628c87fb10372f48d002244411c4cc39dda4689cf82a31	
O22823	retrieved	91	d137f2966d3aa0fd6d74747c799c44ae76f050a6dd11c791551121d046235f3b	
O22845	retrieved	215	1785d5b83298dadd646414b6b71c3970d1734cceb0834f2c0f3fa26430aa1fb3	
O22860	retrieved	69	a726bb591f779249daebe9c1fb77e3e5ad31bb9b78e8b77b244cc580144e6333	
O22890	retrieved	209	576823fcad360797737f1a2ac63145f533371d1e10ad4bc7c79f582c55d820ef	
O22900	retrieved	337	48493c94a394fc7581489f4e100adda15be1a36a22cd1320d53f0ebca21d1dd3	
O22914	retrieved	124	cb2395b2914b1f523645f4c0d3c7c24e3d9d52a98c8fcc26860f62503cf53533	
O22932	retrieved	435	9ec10ba7ff7095dede70f2c43239ccff6ff372e246b9a498a135bcf4833b74dd	
O22958	retrieved	248	c80db466c73d72581a961b950b4a1d3e9129d6e0350e2763e4fb2db951fb2b7e	
O22971	retrieved	502	5a21ec6c3a33702c3981bac96235a5d47885b16092583c8685d576dbe9f8a3f0	
O22985	retrieved	332	167681552f70d31b0e267b0fbe5e4c02ce67d4a2f0e74922061ed8e647c5d8b7	
O23063	retrieved	364	1117637a72fad03acd599b9d9feea9f57a0c351819a675907fb01e47554c9998	
O23078	retrieved	927	cbc0f57a61f1876250686d62e44f48904d999a8846ba00d816c4761702243115	
O23087	retrieved	1054	f64cd9a718106cf07c3fe17326d8d1975967d9aa08f2bcb63e7047d1732ddcdc	
O23120	retrieved	144	eccdebe819b947ad355e1c6bb689e1621d539046c2ce78e858cc2899548fb85c	
O23144	retrieved	612	ca6ba773703601375ddde2476318020e4835772434af68eed3b2d801de9395f7	
O23145	retrieved	431	00a5b25fc3d4b46a08f5d36e86a21a899854fbe86b8287c00dff4947f32384ec	
O23167	retrieved	562	a4d52ccc93623c5c492098ee8be255e03714ad6a7d4236895517435d3dbe6b46	
O23171	retrieved	256	296e1256419fa067f16b51aefa1f87708bbbfd0a2e426a1c336be260ffe8ae3a	
O23210	retrieved	486	054a4af7d281e46b8e90a8203d54292e3194cdb6b68ffac9483bfe6a7dad0453	
O23236	retrieved	361	c1482471ba4e87f868a81e1669b8d198ea4160a9f8cc205124ab0553630e6bed	
O23263	retrieved	111	837d678e2dc6b409b268c9ef5e0f01ab01748c7f93c7838a61a2f689899969aa	
O23264	retrieved	490	b49e9183fadd39743a59982e8170a9da1f9789f846390d2e097009207629d70a	
O23290	retrieved	105	09409bee101f06c1928fabdea3be50083426313e0f26aa8e737c7098920a2a60	
O23298	retrieved	158	16ad67edb1ae95dbf95efcdda2653fd155ac41dbcf4d50919a8f8a7fd3b5a76a	
O23320	retrieved	151	eac9d72a66ecc80d795c8e172db8673fa176edb39030d922e154c28805c7a815	
O23338	retrieved	152	a5f050364af93435fa55833a27e807c4c55074f2156e7ff8b4b6b32bfae7c96a	
O23342	retrieved	177	8d74661aa43bb17dc1381b657b71179b1531bd0a20a788baf4a7410b75debcdc	
O23346	retrieved	272	88429760a37c48231816d2a30366d491a70d9c42b66d698725b1346b78eb6613	
O23379	retrieved	330	a297a7bc6097efba40fad482cbb616249ccd67477b8bf671e5584454e6cba583	
O23403	retrieved	287	3bafe8437b6a6883a5dd85d08dfe66cd641cc739356cc6e8a5ed26fb060eb66e	
O23409	missing	0		not returned by UniProt
O23489	missing	0		not returned by UniProt
O23504	retrieved	204	69c5984b595b229e933d5f00af623406467807ded61e93769f5518617bc844c9	
O23530	retrieved	1437	98edfa9c5a44e6a759a448c59be0142089c19d3cb4cb345e15944cdcd7e1206a	
O23552	missing	0		not returned by UniProt
O23628	retrieved	136	d452d421dcb7193f36cb32d12e7eeca6904ee66aded9a84ca9bcad5d1b2f5299	
O23659	retrieved	326	503761112e1c4f334b6906fbe3311e49fba2f4eb1fde00b5da65ab0ddb1a59d1	
O23661	retrieved	608	7bfd52aeee41b40a8ec746690191aa85e133021e5da426a4db9a1cbdbec68f0b	
O23674	retrieved	395	c9207fb65cdc0d9e73a1374a8fae32700ca1530f957af2be8229ea69a94f4b7b	
O23680	retrieved	297	100a0e1b7791b23df92c579d39b7d7fdde1a949a2ed29faa6c9a2d50821174d1	
O23693	retrieved	573	399ac203bcbd246709a375855289f4c5dbe2826a332dbb83f44869e6e15f0481	
O23694	retrieved	166	062de0a3c0dab6b4dc3fb54a3da4658ef4b89896ede2c9136b0f7b2a0eeb58aa	
O23712	retrieved	277	52e3a5701987a938377752dc392f7c5265d98c2a2c43f973c27e2a45e1742ba6	
O23715	retrieved	249	d056392a1b065b3304a61eba0ccee06c888cc71ff9eb0404e5f9a61f68035f6d	
O23913	retrieved	325	a79d6b1fbf8d62d09e045810fa1208526018ea5dc93184ffaa4c58af208b637f	
O24409	retrieved	197	553ecbf7ef29ba1e87fc633fd92a08681dabfc7bb0c218174268bbdad3e9a90c	
O24412	retrieved	308	a2fd6e7d0aa49d4241a012260ecbee3bd7ee01dd2ecd9426de3b719f6b3e2a93	
O24606	retrieved	628	4a9f7f3a803a1946cdc0a4718d45b48f68978bdf236efe880d08b3180e3ee82d	
O24646	retrieved	168	07c976cb4f119a3a367a2e68a127ae8667499cc46fae53d42d98cc38038cbb3e	
O48533	retrieved	259	4b357ff706216b513e0252c0876c98d72d63a928b340505e91a1b8867ce2863f	
O48538	retrieved	944	4ea7006ad35bba8520b6452b89a334b7235a06787a8c48d43a67cd763acf18eb	
O48661	retrieved	340	053b41d59a9016635c26979b26a5b2ab2490a86ef7970812f2b754f422156266	
O48686	retrieved	1330	cbc634d18cba12bde19d1bc4f7a369ead9b87e4cc39b0dcfe8d09081630fb9df	
O48707	retrieved	199	4fcd312162037d0c79f0fa4b6410f9cc7cbf86c055cb3957bf6854e612c91113	
O48726	retrieved	300	5c03f3b3017665d6342267cd6ee821881546d685023547294499ffd6d28bd520	
O48741	retrieved	401	a51c9c5b35a4e155ce4b455779f2103492064adbaf043d6551115955eabd3bf9	
O48788	retrieved	658	5012d12e00abc3d08cf0b90b501b0c8e6e9da78fb18fccdaeea61b09c6ce5f53	
O48790	retrieved	387	c8e6c9c5ad4226cb8d70be94a4c5fb561da0b0c093632c6f638441ca88179f6a	
O48814	retrieved	395	3fbcdd427efa27e773c76091c73b500673c7baa402e21bc0b5da70a750cb0945	
O48828	retrieved	160	60ce5d1746c5a7307c011518b98cd089dd97d540d29ede937777317de5c9297f	
O48844	retrieved	1004	1ba3e09438f1a01679c3a784cf4e992a9134c899d0a62c75fe0df24fb311e3b7	
O48845	retrieved	134	610df5da69517843a8a1cb4b7363066f4cffade5abab397ec785e1328d4854b3	
O48847	retrieved	787	371406517a0ef241d0875c05a4a5ea09e39b8ad2823d7eefa073096dd15d0d1a	
O48916	retrieved	237	7bc4e76b7835ec63609bae5707e50233da29f4a2969e69f57df7e3f100997b49	
O48917	retrieved	477	9a6ef35d64f7e22b106cb8267a3327fcd57130f17e29264dde48a522818d1fee	
O48946	retrieved	1081	07ade13193626a057ce39ebeffd32cbe7273a85bff1b8d2b0e7001cabcc4e9b5	
O48963	retrieved	996	a238966e94922b79471945a406ade50a2afd4b8a85dc8114e1a1f9eae955dcec	
O49160	retrieved	900	d70d2ac5d36f7fea9b10b3c3a46973ea4f7dde57469f2c27c8b6fa4751664bb4	
O49213	retrieved	323	75610991eca3abf207bf87800deb8116af842a90829bec4328ba253144059517	
O49299	retrieved	583	d376628f3e47e929f54618ebf05d36b1d3516ce2986c3d3bc50573e2f4f028b3	
O49396	retrieved	512	46a7fa48601fac76e2ed869505e10254a0e68b9b9dfd61ca0963b7541018ff7a	
O49404	retrieved	284	9935dc4c8427d56c63e9ca8d1f324756641e5d5c327edc97fc5b8b59e0a19a46	
O49413	retrieved	406	9060742c2eb521bf8f8882170d71bcab2154cc47de38feb4bf39691b6c489fbe	
O49460	retrieved	288	c2f10d595d11ea4c8fe57a19a2378ae289225a758f1ed61cf8d2920f2768a810	
O49515	retrieved	303	e90543cef864e6d855aa8f550490ebdeb0f48497268f203af3c16da426cfa875	
O49519	retrieved	75	42e695e93eac8e179444dcc617c037e6c9dc9bf9ccdbad741046559f0dd09528	
O49538	retrieved	374	e591a7153aeefec1106832c939a92e66f55fdd6c92289dac5eee6f4e74bfce21	
O49552	retrieved	1088	baf192040e43f5d6766dc85bf41cd94fa2829cf71b7ec3ea691a1065d45bec84	
O49553	retrieved	145	babbea2e9b5401740798da8e9d79fa7728de3b0e3a374e36270d491ce0afbac4	
O49653	retrieved	353	5f3889e8d111669926ecd45fc6c3e212252efd76e8e1154685f03296224c4c9f	
O49654	retrieved	688	7fc813fbd87d295a169ff6e7ff59a3745338fa34f89f6d467de8a0c0b6030c5c	
O49660	retrieved	491	2d93657bc3bba4d6ada99d9506f2142af985ec38c6d929b7d957ef209c90633b	
O49663	retrieved	176	b21a7461b4c5a3afd61cd3c941545d72f0bddb30aac77141d04ca1b72abc8efd	
O49686	retrieved	191	967f4d0c823f0aed0b8e69fe121c2a544bcd6fc8894e2f8dda696e79395d4bd4	
O49687	retrieved	589	036b2910284bbe86f4b5181b4789ff01ca8c3a323213ec2a0be27f08dbdff2b8	
O49697	retrieved	262	42a0cb4e96966e55e606bdcb6ddde1d51446b8342c8208c2a8fb89b5c102c7d9	
O49724	missing	0		not returned by UniProt
O49839	retrieved	426	a5705d9f2bd83d8351136e462ed61626b92231707ccaa4d130c1b0fe9c5e408c	
O49840	retrieved	426	286378f54c36439571e7ef925b6120da8b33577c3bba177d824ab1595407daef	
O50055	retrieved	355	621bc550ad6a14a0faec5aaeaec0a6a867b4e1df761d654015bd0c4033312e42	
O50068	missing	0		not returned by UniProt
O64399	retrieved	295	f2a73185bea6b086b992c8ec97b7d0a79db860d04b0c831d131cbe9e9fa05b83	
O64425	retrieved	249	7639e3f2ba247a5a99fec6549e15b6af0d9ed4fc6f88d6b548724bf1516f3b56	
O64471	retrieved	315	781a2b18584fbd1ac713a7f84c191293fb15078d420705b355a00779c524c986	
O64477	retrieved	828	9f4d6bfc619fddeee2849c7b22e454cf1a52696369d94fa36f1d4a8141e5ae2a	
O64503	retrieved	332	ba24a00d314ed3cd5d9cdd19f60db188c8d6a4bfa757a94c9c9a0f773f3c0543	
O64511	retrieved	399	c483822fefbb155c1ec5be6a9e3319b2e8fb44be90fcc5f7ab71852c9c61919f	
O64511-1	missing	0		not returned by UniProt
O64531	retrieved	399	7dc7c19410920f83724d454235fd4294365893f94d54cd14afacd656afbb381d	
O64602	retrieved	510	23a0408da6af0385d7bf69fbf6aad370d2901a8b38968a649d559bb558ba7f7e	
O64636	retrieved	512	ddf3903a00347615bbe2eb9e24c461f9250ddb333237b2eaa08a260820d48dc2	
O64638	retrieved	515	0b0a7e62f8ecd9c76cf6c196a00c9f98011feddd86b11fea8225ef72e27e4281	
O64647	retrieved	356	2897be4e85957e62f66f03aba663d80219250fc175d7489b6455c07228706f37	
O64682	retrieved	438	33088e1b8103a49447c0bd9574683b125d169031695ef42f06257a3b820ef6b3	
O64687	retrieved	148	186e3e11d3c3c4f1a4ad0bc27133ba0a6e9c4f0aeb0b95b5fce1a1207537de18	
O64778	retrieved	807	5d3b4ed8773837beef5558e2f839cfcc21d508b2fafc8afdcac4c79cbad12a0f	
O64798	retrieved	389	1d67c689276ed5bbcd6efbcace2ff472e2f80207dc542126e78c513f502678c6	
O64816	retrieved	432	035d47a746f39396b758dd2f1db74c90af666ddeaa2f896efd9675845b06071d	
O64817	retrieved	333	453b51539fccb95b5eda4cf3e4cec8e4b435af25faff362d2891b53b316b0238	
O64823	retrieved	336	0a42ee0c5a797f5256b61df9986ba63ab939d649c942da062c62020fd6dbbb59	
O64903	retrieved	231	712dccc64d8e3bd34ec6d183bf4166f90d22528c71ee5e4a7380dc0d7f4d5439	
O65154	retrieved	107	5d47c69872e9bd617ea4fa378c3f2951d20a43617583b83d1eff4488de1c594b	
O65155	retrieved	165	396b31cf835c88d3f4a7da75ce3f1babdb3ef6a23cb6d7c8087cd97915251fa6	
O65282	retrieved	253	158a127e14be60e6ec332a980dbd10fa7fb0725bf53e698cc06e7997695cad0b	
O65373	retrieved	215	a4c1db18638313e089a41cc9e7c47a3a0a27884c181ed546902379b4b8300d14	
O65389	retrieved	329	1b2f49057b1e0ce9658d16cebe8f7120fca77cb077ab19eba0ff4475037ab777	
O65397	retrieved	108	82e3e543dfcaaae4a75a6bdfabec311a717ec60fd0841167aa98aa719e5128ae	
O65398	retrieved	283	ad5f76b7f9fd262fdef30acc775cc748795ad928717ea39d06f3bf82c7a67509	
O65421	retrieved	209	1a5966e74a384ab1dd1fa9a8f3f714297b99360d0f10a3f1f2adaa6a7ba8de6f	
O65440-2	missing	0		not returned by UniProt
O65469	retrieved	265	b6fd7ea757c3f2e6420590941746fd3afe8a4ded051af5539142707ddd88796e	
O65499	retrieved	284	b66d8da54a8e36f02e162b24c66547327261678a2a2876694c9f0c814a082153	
O65508	retrieved	377	33ea746dd56acdc6e841427725a87bd1e3f2d575974fa20aeb72058f39cef5bd	
O65515	retrieved	238	6073f3a41c7298afaac74fe40a713affc4f817b6ef7e8b41d1e06d9493dcf580	
O65523	missing	0		not returned by UniProt
O65539	missing	0		not returned by UniProt
O65554	retrieved	441	d69177597e3e83c0df8e42f9441705103e0582383b388be090267f0ca454ec39	
O65555	retrieved	441	f92fa86e4a690c636e8a35611b7ae969543abe4b6f394b236635ae17a4397a90	
O65567	retrieved	904	813d8e98d038202f8c7d61d56ce5e243e6d9eb4eb6abf34971cd7cfaa0b334df	
O65665	retrieved	272	bdd1deaac491b7322f5c3aadeb10f14d4d71a526ae231c3b5f04df61adecefd7	
O65685	retrieved	532	7165dbf6eefa8edf20b8c1c952b370f52a8f3743b5d6464deac6ba5c14d04904	
O65719	retrieved	649	6eb113022bee7cb3658e6866124da0d0fbcf1e33100999dab14f72685a10beb3	
O65782	retrieved	499	46c8cd2702d72dca71cac3e997af675e2bdefca01067b32cbe9d393b2e258227	
O65784	retrieved	498	c717c04d60f343cc615ad575488f1ed486158dae7dd420d3e93159ac8f78dd45	
O65786	retrieved	504	425cae96f959c2c52501e03800bcfd870ec068dc4c643e2c6452d54a79c9ddc4	
O65896	retrieved	301	6abc43837040dddaff76c9e71475d6bde7f55d2ae53f4f69d5523d929904a60b	
O80345	retrieved	479	b57f0d650e70d883f362abd0191947f21ab06b18368c44db305be2ea3891e0a5	
O80365	retrieved	225	927b983520dc755bb7a3a35e675150723727b1b559d54d703630a02e9b38ea92	
O80366	retrieved	234	70c66f1a5f078e28c703fd8cd2f5af2359ce7fc419c161d9255ff14c1cf16eb3	
O80438	retrieved	190	009c3c92659da40fbba7b9b74ee309516fae7b5f84e1a2227d32dd7e588229f1	
O80452	retrieved	839	95a5086b6329d02069dae3c1b9b784adf9afcd697f153798749671464d02b17c	
O80474	retrieved	263	a5f9db0acd7c57cda8c8838bae7d9832ed958e6d0cbfa6dad9d90d65a51985d4	
O80480	retrieved	538	6fa4a5a96556df215e1690148bbc2492490883dcddd42f3a32ed1a520316fddb	
O80482	retrieved	207	43104cc07650814da42fdf18d4750685a48c5950e885fd8096b7a3202a0dc466	
O80492	retrieved	428	8bd21814e18ea03ad913335b7aac0ae493997493201801bd60a5ea20df85f862	
O80501	retrieved	208	24c055582554654db78c1f12590910a780487e68c41cd565ac95d0e75a0b42db	
O80513	retrieved	202	be6a57c2b37c42fd954591ec989a84ed9456688c80e2557d17507b6f03fe4a34	
O80517	retrieved	202	408d4ebc6284aac69b94f2d25f7bca5f84aef654327f0345898df207162a6971	
O80536	retrieved	524	9d813b1d894060cbf2f86d4217f0861fb6d216741c66a4be8bf694b376df6016	
O80548	retrieved	693	151dfc6e7e35ddf5b36d1b459a7a84a6afeb207dd7111cb1ff7052b9733dde60	
O80565	retrieved	343	9e1bc747c650421dc741e39d4748bc0379f8bf2dd207787a79a9087f46495892	
O80574	retrieved	347	d2ebca3245481f8b2b7d398c70acb95c2895ad795325b4151101913be28ce0d5	
O80582	retrieved	409	7b4a05493858ef6b7d77e2363ac64681c41f68da9e63e03a056fe407d918958d	
O80605	retrieved	594	4816cb5781cce3388d08a02cf9944cf4aa8321d8ae2366dedc30ae0b0720485b	
O80626	retrieved	123	7c3dd8a6ed636b2c141dbf0d89da38e96eaca7031a729c1742a8e45439715765	
O80632	retrieved	394	ada861a8c1e0592e124643fb8fb04d1dba3882b4498dcbabb1da42f13dd2f056	
O80638	retrieved	374	ea40cc0237069eac4d674c57fae84ec09e483f33b1dcf5f34bd688e7817075d4	
O80651	retrieved	260	0044191098be9ce2c51edc4a5946de5a96d973cf9921a8a2cc142f4bf1ca69f5	
O80653	retrieved	613	0ae7c7fe0f356a46a0df2d67cf5cd59e1b26234ee8c9e19f8f4fc11f6ff3454e	
O80654	retrieved	244	5463182a35869d3e5b8e6f939ceac2c76427a7cdff638741ad303da7c85abb61	
O80674	retrieved	253	fd301769dfbea24fc03066ffed6ea975a7be1355f1a44361746149529058abaf	
O80719	retrieved	365	a55d7606ff84a935d374d400e507efea1953a9bbb833348322e7e60d758cade0	
O80722	retrieved	588	eadd788dfe4cd4b3c1979800473b4c755d51eddf1b1f05038195f996bd60b5be	
O80739	retrieved	827	a36f506dc67f9e232217764fd43eb76bf57f4b7f496bb986309814e7763851e0	
O80748	retrieved	251	f9111c0e5f070d1080720fdc147f93b3f863d0630cb6f4b29c27e9b69df07a7d	
O80759	retrieved	318	f7061da9b61d3f9dfd5743b4cdb91a5cdd87482b0c2d7f4485719fef98c3078e	
O80762	retrieved	406	31d9d29ef55831ad87570346e05d46a2bd7d96eda7f0c0a727828f14c253458f	
O80765	retrieved	383	88f5815292387095a799e2f4125e7de5beabd7faab15d32b38bf806366857180	
O80786	retrieved	727	9f924cb56ba80a8f17aa7af7df309ce2803c5ddf8efcb26710d6f9d43d99b2b0	
O80805	retrieved	279	7edbaae0995c84d34ab41fd9ee63d0c09b6c7f13cc8f36f23aa908d772ce5ac5	
O80837	retrieved	190	5a496c1573857e364c181ee2215a5ed8cfb6410093f16c7e905a39372ea1650a	
O80860	retrieved	695	85ea337058c03105882f4177b69d58693eb9478c5df7043e72be8e11a7293570	
O80861	retrieved	260	dc6720773f299178a0121e7cc10dd78d914e72de644875bebbe1be86c71b71d5	
O80871	retrieved	396	8d13f796b15443460b664eea0d402c601f1841fb82fc363aa8dc494f8054ee8b	
O80902	retrieved	431	44953e79e65ba81ecacb8f8cd6eb32ead62852b4dc780894e3e7c0dd451700d2	
O80915	retrieved	220	a3a98770b7c7198786ea6aabf19e77d3e7053ddc2be46ab568873ff0a64d57c1	
O80917	retrieved	244	13b0e546d2f2b05171d7575dd4f4487ac112608c23066ed47902c79c4cffc08e	
O80920	retrieved	207	1b2e4973a1ecc2ecb4d786ea60cfc3a267df96d9af36dcdaa03cdf5ea6d99424	
O80931	retrieved	367	a1de6e6ff50c49a5a24665438b1efcd79ac62cf55c5544042abccb481f716387	
O80952	retrieved	296	efe422219bada00a67564e4dde5ebcb919cad9fe3c82abbbb42bd229eaf51d29	
O80963	retrieved	776	cbd52b6d84ec61c482574938de47dc79a266e949bf7e172b8d3464e03088cd0b	
O80982	retrieved	345	87d0c25250dfdfebf9421fd26c28736e9707baa6e4df11980cc081013c3fa646	
O80992	retrieved	190	7d003d4329ca260a410cf57a4a8259e864294c41b8179adc565f3265a84632eb	
O81001	retrieved	530	36b0c83b6d84631414f840ad454df000bc09ad13aa97d8ef385643819729a613	
O81069	retrieved	884	2bfd21104fee983ff05d8bcc78906b12209399c9c5185e4b2b14237bcdbf00cf	
O81098	retrieved	205	4a2eb37fe01b93ebcf5a5da7354eab91e13b3ad675d63d19db2b7d0e8775aa2b	
O81108	retrieved	1014	3c29fb2858b0bb5b28fd07629b902147832837c5a9d64247d956e2b0a75f7d53	
O81126	retrieved	200	5e512997d2b5ec9fa705a03b7929cc2c5997606303d5e4975bdaacda8d8b1089	
O81127	retrieved	187	0ab33fe41e81771a868cd79bac6c615eaa07bfd0b030f0fb61454dd4baa5a63b	
O81148	retrieved	250	84953daf9eff3dcdec0738ef0ca79d872475883a51243c6ae2e2f1061441b260	
O81149	retrieved	237	89c42c0bc0b2c1cd7fef24ab7b93c381a931f57d1aecdb1a692792b9a2d2833b	
O81223	retrieved	222	3b0dbe93b8ae6956eee58f8e5f3c1ecc9d7fb6468ae4005a40604357ef1d8257	
O81275	retrieved	276	a871d0a5f4a897e68156bb2fba5021ac4aae022f45c2ddc47873bb531534493a	
O81283	retrieved	1503	619f1d66ea9c3a662d9203532ca105d74f75cc7d81e1417743cb6c854300029a	
O81292	retrieved	674	5751e4650a5eb6cfb313c88615fc4dc29c1c57b96038fff2a4074dbba712d9bf	
O81313	retrieved	198	28ed0d4c04f800b2c126115a7b5bcf2cf44c5d4ec5ca7cc8ea404b8df05d30a0	
O81323	retrieved	228	4d4bbf8abe5e5b0f0e451fb29f4f36c618506d6b8928822ad9f256ef05670883	
O81325	retrieved	475	c83daad8aee27c7b5ac2f61e92db2e124597938ce1311d226ed0ec3aa143cb74	
O81346	retrieved	541	9e07c128d251b9895df0b89f3f9156e0073da67853481e666174107435503a70	
O81445	retrieved	213	3f93c07335cdd218ab6e3200ec6d427d350e6fe5df4601488fa6e0878e849d9a	
O81483	retrieved	107	6953a6684467cb3fb5e07e948bad2ef470e2c2fc2987b1c75224c898e2e525ac	
O81632	retrieved	283	e2e44bb2d919ec79b4fb5f459c78bf63c402e91ce9cc543380a9c5df1112bb82	
O81635	retrieved	987	7ac9f4089f252f2aa014ce55fea39a55e94bb29dc7fe5eb00e172d65e81e69db	
O81644	retrieved	976	eef79c4f07719131fda2e92a7e48a74fc02957fbc68bb20b596b125534f8d6b0	
O81752	missing	0		not returned by UniProt
O81775	retrieved	158	ec773142cc03305f22a2fe7449cc447afd3c589ddbaa16c66cdaf83969431c83	
O81793	retrieved	271	8e1e7d3ad29dadf9d2ba03886d5fad647fc39951dc9ed70f3b0bdb9d88b9c59a	
O81836	retrieved	314	d0346a064ff6a5a519fb7457a12a29cb7e8c4877cfe687b0f8ec641bd10dd36d	
O81838	retrieved	278	5ea51f00cfce29fcab914e0a1fa8e0afd7b60b244bb62cebc7325aee9b4a5b13	
O81851	retrieved	304	6d72b2075b504505cd20b40b0f8edf31c6604b2d42185b0ea566f9e8d8ee3cc3	
O81893	retrieved	391	5be62dd348507f76e96e22b7ffc4acb601dbdc3bfb71aec4d113958bf92e52cf	
O81905	retrieved	850	6135d720cfe0c263327e660458f08dc10af895eec3d8d64467121a68ef6fd32e	
O82132	retrieved	335	9c6b0b80fefd76d3ad503f45aeb715cb0f5a9858445252a175ceb5e92e026ea8	
O82197	retrieved	213	3f139efe531b32a73a9083bfbe6146b7ff631e43f7c846d995c0af72e5a6e456	
O82222	retrieved	173	b741dcf9cf0310ba97e366d96c0162e8646354d0570dd86b3885ada66560b1dc	
O82226	retrieved	747	d7fd9c218a08cf9212a09e2f917b7f92e9c375406dcdd8f17dee455a2cf2842e	
O82286-2	missing	0		not returned by UniProt
O82290	retrieved	387	4c49845e6ea713e078b9f2b69c635040e7f28fa1ab9584974b62d046689a2b4e	
O82307	retrieved	315	21f3468acb144718d3adef31e5fede57304ed7f26f83202db5c6bc5040e6bc14	
O82312	retrieved	800	30097db95bf583f14d813411f2c458b4cf30c7c136ad2f91c7f2f28e3cce5b3e	
O82329	retrieved	386	f80b4577bb830e79493f919c964a27539d8ec1b09c261bdcf6d7736037ea014c	
O82337	retrieved	73	d11f63274449ad908297d25c31dec021f363c1ee6d8d304a0ca697a34d57bc52	
O82345	retrieved	1043	1fb3872a5db79a78bebd1c610bb99ced1c96ec70494580cc6c111d769faa9fa7	
O82352	retrieved	255	cadd753b68bf7656b6c8baf6b07bd626c5fd95d8576cc47ab22a76a2480fded9	
O82462	retrieved	719	a2baf654d45461cc78c82708a5562932c9204d72f3dbb3b819bb27e38ed008db	
O82491	retrieved	1074	69ddfcc58d2e5c1b58546a7c2f81500554de81b877dba31e390fcf645c827b58	
O82568	retrieved	389	35315edac826526b778d5fe776b9a45a41bf869bcd7c8937e109d7d69b34a536	
O82595	retrieved	333	d8b10a95aae0440b95822e6a67a17bac85196090adc117ad08f8a864fe017726	
O82617	retrieved	162	a95b90cc1be74e080852561012e82759047bdf2acca5d55e9783cc79ed8589a9	
O82632	retrieved	308	5bcd1cb8f553e2a471278d1b06e80ab46275d96bec5452c317bc1c9f7d944d5f	
O82633	missing	0		not returned by UniProt
O82638	retrieved	264	f32930ae534a9d1fe2314b8ac5b112d53e29cbfcc7dd550a618be107e1ee840d	
O82752	retrieved	502	9e96092490248e509b521df30d1514e889edd09fb4ba105ba57ba55bd5841238	
O82754	retrieved	736	d1979957f154cc6c299027f8c381c680470a1097e795fc0a0ef9a8447d8840c8	
O82756	retrieved	313	8f1dbd59ddf34ea1a27c1de09d44f5eadccfc3667578b2b9e415dd0b8bc5a36f	
O82798	retrieved	259	2c5c1cda5f67a7931ebe75342adcb406558b032d85ba97ac0b33e2770433f480	
P04778	retrieved	267	717168a701d0d6419672a14157281d200c6c3cfeedc4acb2527ab19990a68a4c	
P05466	retrieved	520	ac2d95791932eca90a6986cbe18b4d9ab948b08d42fb68b871b9b777d8b51bcf	
P0C2G4	retrieved	393	8c2f1f31571fbdf233109860c75574096ed5b883a236ab5afb6ab0590b20283f	
P0C7P7	retrieved	453	5d9ff7237a905af5782d908d3cb49183968fe5e6f43277037e967332cf559cda	
P0C7Q8	retrieved	532	8203ec5f62b0a519246817df39540a873760be4a5585a4ccf573267a570be1b8	
P0C896	retrieved	576	dec30b12ee2e791d5dc00df4fb0987d142bf55ac70365effca59f9467c3fed7c	
P0C8R0	retrieved	546	05aa5140ff3d34e93e705b0e95c295e44a000c7463e889dacdfb51816194acb2	
P0CB21	retrieved	708	5d757faf3d8271acfe41f735790411b31424bb58a4cf5547c706a446eb0eff41	
P0CW77	retrieved	542	954ee89fca9b57bcbbb045577823aaa42a03a7cbd6a1834319a745896695009b	
P0DKH5	retrieved	1288	910c845a7fa70c0861f2b6dd0b82e89c8f82d4145926cf76842ee93f8cfb68fa	
P10795	retrieved	180	128e07fab4c5a3151bf407013ea36204a543856602c3cf075187f2e0834309c5	
P10798	retrieved	181	17b87206532655d4d20d147ac7fcb883fdb7a78ee17b51a38463345b4f09a21e	
P14712	retrieved	1122	2e61ef4caa33349cb034defe972373c4da328c6ce5ad907a9dde06f4e4832b1f	
P14712-1	missing	0		not returned by UniProt
P14713	retrieved	1172	19acf81bab57655af8fb1f48e5d5a14154c49e91f46c218ab15202bddf7605a4	
P14714	retrieved	1111	4c329104630351dbc976b98b4d5149631de0a4378d412161902d7ae3a40438d5	
P15459	retrieved	164	3d7b7b43957cb2a586d6927918eaca980e36aa88ec07f352490609a38c2445e5	
P17597	retrieved	670	70f3fb83866e01ac7f94ea759bf1339fbc12b9c455142480be4f21aac38dd715	
P17839	retrieved	252	2a0499c026721ac2743d6eacb517f7656449fbe35a2d956e487710616c311754	
P18064	retrieved	383	dfb3cd0b94a025a1c629fac3fbbd3d858cb6fcb7000c9f56e1ccc2303fdf99f2	
P19456	retrieved	948	5d1beefde7fde6e0606e417f20bdd41442289e5c8dd6cf553339a0ee23013fea	
P20115	retrieved	474	8954787a57baa86c295944d031744793124b6f447034c058d80c5e0ae6d6fc2c	
P20649	retrieved	949	7afe80c9db7f2854893da213b6eca8d23022b5a69b8d8b03a204948252b94114	
P21240	retrieved	600	3c5b72fcfad4262e26e61c12547dd66bf82080378bd12c9a8645ba9aa74a9acf	
P22738	retrieved	390	555b634671d0df753eaedc08bf56ee0f761ec372cf131ed9f272b35b6bb07aa7	
P22953	retrieved	651	46aa600d3426e4300f0d9a1d59cc6ca17a7c5b76e4b11186774cc9753b9b2a50	
P22954	retrieved	653	71227f259af77337b6dac5022d06682dadc6f6a8f16fc18596098380200c39b0	
P23321	retrieved	332	e214013ac1e862043465e66890c1ccbe7ccedf52bbefe3f08e48a27a5a5884e9	
P23586	retrieved	522	b338f7e975595abe7b57d25466f7b8d423e20b93b81d72b8d74d1f78e7b56407	
P24100	retrieved	294	1509027b3c83d9c3b51909073375982739c419866761ea08b0592c4a4e82fb0e	
P24636	retrieved	444	2337e177d05310ca4e46da2763a00acdac1c6fd0a07ea1047a2b501fa518c40c	
P24704	retrieved	152	8f381212dd4530a317e6b4597cc8ba1a039cd011bdd8f18c05d1d2ae562d4139	
P25069	missing	0		not returned by UniProt
P25071	retrieved	324	5f4bad1cdfc7ad92538e94b41f677f0aea782448541deac6a4d3347bd95f9912	
P25697	retrieved	395	0cacb50391f41d2d3c60b96cedc80479d1c00b7aaa6c47e8e55fbb4765e6b569	
P25818	retrieved	251	016a2e23a2cf31b658cdbe2dd8c7df3279031281fa9718db8a5705a2f88e3f7f	
P25819	retrieved	492	7f40191480126c5231ed57c7fe48ab7cf7b1af8da4ea93ab9d46c43230f42e58	
P25854	missing	0		not returned by UniProt
P25856	retrieved	396	caa061ca891b7b0ad2c68c56e798a1d28bd16eab41aeeb98c35f791c811aae5b	
P27140	retrieved	347	a4e78fdd72550327a38397f6da524f3f05e462bbed2ac9098ed0a28feb0a5beb	
P27202	retrieved	140	c2addf0b48e74a8d59617a3e1ed092df2f3f7dad0db24b78da4c421b707b05ac	
P27323	retrieved	700	bcd7b843a2abab108ce064bac2f18a8a9228cac23e7eee57f1d6b33d5adcbe70	
P27450	retrieved	419	437f5862b70490ff806a9524b463f6fbbdd0236b3be20b7a06fbea0c9533b528	
P28187	retrieved	214	e4d17c945ff9fccc5a036d58568557775a7c54b3b3afa1e2b276af4b78ef795a	
P28188	retrieved	203	e0419277df1bc8cdff2fd1d88d8826f4de57b6e71bf3b75e15a270f6590eca10	
P28297	retrieved	576	c002e8bdaca1cc52337ca7842da8073282e9a7eda84db6ed551377ebfb00f18d	
P28493	retrieved	239	85955a59ee0241fbd53012316c81708a80932fd82718ad138cd383ee202fe162	
P29381	retrieved	248	c3e37cbb06c63f3fc5bab6d4776e12038f4a7afa0cde304f21782c9c703137f5	
P29383	retrieved	258	978684be2f76d7cb84d07fcd19b6d35e019be117f757ce34a14df47d050d69df	
P29383-3	missing	0		not returned by UniProt
P29385	retrieved	246	b51301b9bd95fcbe910e2f1b6f6d20700e56eaac2b2c3acc6cc1746641840386	
P29513	retrieved	449	e1be4997d324a473f819db03e90eac5e9171ca2b4cb9479a4a40121882bf478a	
P29517	retrieved	444	1f3d60e154f2e1d1a0340bbbf50675c1717080778f129a668003e7945ec27391	
P30181	retrieved	916	f1a5d4557e5485e0af09dc5bfaaff8660062ba811103d015d20a2bf8759da6f7	
P30184	retrieved	520	023597a1bb8fa808d032f4c036feadfcd31b810ece4a4e043befe211b98c6eea	
P30186	retrieved	250	33b43c30642b1c80a5d8a3dcb00e17d55750213e0c5b579c95cad9146fb81899	
P30187	retrieved	191	73ccc7b91b2dae4b56cedc6ee74706231159f26ba2de0c90ee9abdce5a72c6cf	
P30302	retrieved	285	5f71f129a84393b68b69094f7d2396208da4f4f9ae34a97831b4286b92552903	
P31167	retrieved	381	8eafaa2a58f4d77b094ea34c46b3c4dcc68d305bc8b222e4cb09ea7e25e6d45e	
P31169	retrieved	66	a9ff38f6a2a47be26e3e258eb351f502ca75df9ed930fbde2cec28f6aee0f4d6	
P31582	retrieved	200	aa5fbf0bd455e346b2cb60d0ef7c780fb9ed60f9d2b02f32715a04b89cc414d1	
P34047	retrieved	270	1c64e9e24073dc2d18b1e5db1eb36db38a64426b0dfdfe7dbe33527e531dcd2c	
P34788	retrieved	152	3c3f81461e05a50ac3e6af3cca6c4b6032403d20ceea8767cb6357c6115151a7	
P34791	retrieved	260	d287c3792a0da1790bc27647418341a0e087abae3b06fa30e6d334735cf9756c	
P35510	retrieved	725	98f1ec89f46b4fedf1db094397053b22d474e6cb93284ec5d11630491b4a8b9f	
P35631	retrieved	256	1db1068e00884b09f0330cc368794581687d0c4fd9d2cd396f5f5335bff6abfe	
P36210	retrieved	191	66075ab64db7a7288947ec7c102ea65904436991409341568c2c0fc9c361937f	
P36397	retrieved	181	3a45c5923b0b7148901a700d134fd49829f9819ac83fbbbb7b3ee2883e6fe56e	
P37106	retrieved	479	ce258f69b3e952f99f43144e4c3d95bb3e586670653cdf488956a08f4bdfcbc4	
P37107	retrieved	564	973f76c0bfe66efd7ab619bdb6da91dd6ee4bf63d0c8602beab64e3395949a1b	
P38418	retrieved	896	552fcf9fc433edd29870a3566210928407d7bd0f0ab2f87a7fd4bd6e02d6fee7	
P40228	retrieved	287	c890f99dcec9eadbd120271444f4975f7b00db9b239d22c6d88ebca45eea6d82	
P40940	retrieved	182	896a62d6172a4950126abbca0395e7ebb2e19ef29751cb6891cbc27da0e074ba	
P41127	retrieved	206	8dffcaeecdd9c9be8fa39fb41bbe698fd02e209e0d68f5818436a6140c33f427	
P41376	retrieved	412	69e788cedf49df4d55883bce55d5692b71fe6940bc48dc7a465520d805908e4f	
P41377	retrieved	412	d5babe8c98b77ec371aaa34cd0851acd3960bf9f9d555046444f37fa00637c83	
P42697	retrieved	610	1ed2a29502c1849176953fd8ec70595e5c28505626a8f21048c6bcef6959967d	
P42698	retrieved	387	fc42e736c7eabdfb031007a23d35a498d21891c745db9550fa6d79748cbc2727	
P42730	retrieved	911	14498763c4421bcd34a041fddbca36dcb23d17459b3f480cd0546e2761e21e45	
P42752	retrieved	361	a8bb039ff6916bd7f87047b26ea3249e238cfd8c6b9af184070256e69706fa70	
P42762	retrieved	945	78a74b6e98565371a921c7d5056666a7149eddce36ba3f0c3c3846be8aa79f37	
P42776	retrieved	382	cf5cc5536e5a83b972e4b5ec1fd86ceff8287d7e364354c82322b7b461e8e14e	
P42777	retrieved	270	cf45c1d6004a5db74416f1125b1af5ba76f26b49375e623dbe43b1fe3931f1c8	
P42795	retrieved	182	f5ae7f5bab77527e75514d83a38adb2892ee15091049ad84553ce243448783a5	
P42801	retrieved	511	55d7aff8c1bb0ab170027d371103eb0642892c51655f5bd412c7db372873072a	
P42813	retrieved	230	9bfed2b441cce599f5c4e352b523fcb3ed12fa6596e6abc967a046ea428083b4	
P42818	retrieved	465	35a998871889deff4e798de19a77994adabed9c7a3cca244b7f28822a5129fe8	
P42825	retrieved	419	ecf068c044687d95d72b5fa8cdab972510fcf94aea4b7fa7268eb3b29e4fd8e9	
P43254	retrieved	675	0c7c30ee0fceed0250ec583a7900c75ef198edfa208b7b7a4e2ac06978b9e2d0	
P43273	retrieved	330	5b5596a3e162dd5138ee333e91a78acd52a10373983d75b072237868a7b8e47b	
P43286	retrieved	287	e6df35fff3aaf9e4f50251acf43a60c5d8462859fccb7ad862f976d883795deb	
P43287	retrieved	285	7a009b0463ee70b3331ca87a88028b91faf7065172e4e5833fce07ef0c56bd72	
P43291	retrieved	363	5014bdb43dda7f8ae9a9fd424382e57a67c98e9f63831c669010552c13f4889a	
P43294	retrieved	443	41a70288e3303947fc6b57c0379c1cbcbe6e25e14d171cd7ab649a522c66471b	
P43298	retrieved	942	5bf8bb32ddb39948d07d309dbd2205b82697cb474060bbe3d021f75087c69efb	
P43299	retrieved	716	ac67be6116b9a3ac4b7b41b0ec691405b805747616821dceed8ac061f74c054c	
P46014	retrieved	581	154fb87cb9619c406ae623d264761dbfdd731691dd9d45ba8c97fd734fa4cec2	
P46077	retrieved	267	8e847d30a4a7101710c1737baedb4e51d6fafd9c36e6c28be5b4193ebbd742ce	
P46286	retrieved	258	845e144de03ca37203f800e235be6cc5cd8d02d061fb221eab06b62b6fe631fe	
P46312	retrieved	448	b8c202ee0b287d6a1cb0ce4afb7f28ba488f6bfe49f36a243f92e2e801603070	
P46573	retrieved	412	878239d063ce3f341882ff02661795e8826f0b4112dac4b48ad0242cd8aa18d9	
P46600	retrieved	282	188d064eced790b0f27499d3eb707df5c4930ed38f75e77945abc0ca6019059b	
P46639	retrieved	398	67b1bf5f2a1c9427f84304d9cf7755be484244fe0c73181daa823f31b0cede85	
P46665	retrieved	336	53727e779a5afc921cbc65b83d29c3ec0721c0cfa921234421460b516dc0673d	
P46897	retrieved	258	5ce34bf717d6d5640cae9f02f7e784bb88e7e51b57fc7497aafa224aed095bc3	
P47192	retrieved	221	ba56d76172a74cbaa3ff150b79b36e1b0a8c175e2848644a12ab92c61dfc0b54	
P47735	retrieved	999	31eba25820cacba77edcd45d0dd7a7b8e9351aaa9d3607ff59a1579a8afc3c62	
P47998	retrieved	322	62c2cc4130a9d3d832ba90c4a25cb446333eead3ed52737b209578a258bd38b1	
P47999	retrieved	392	c76423d41166fe501b55c26ba61c756590a748bb75e1c127505dcb591a09f042	
P48006	retrieved	231	22a0ccd153a3a6ca1761dde9a3388aebb559dde3b012c4d4355a4602cc78d28d	
P48007	retrieved	208	c71ce46aedee422b7ca34f4045a6a5d59d1458130f002e2ab1830edd4bea8ac5	
P48349	retrieved	248	a953148f515fb3b87389affe9e5c8e162b5f097bc5ee5688d838cde750536eb7	
P48641	retrieved	499	56912614874295e9e0e266ca584aecc3122dbb7b017f38d47abcb60192913464	
P48731	retrieved	473	3864c4956fb0e1f27ce3baa2077e6c57265794d2f93637da8cea242baf57c656	
P48785	retrieved	796	42c29aa8c5f7961715a9f3f4124c372f686455effbe9c785b3c867eb8d559079	
P49177	retrieved	377	2f4cc2c9f996ac84935c16ed5c433bacf5f4082a2cb3ff418c6ac7d754568177	
P49205	retrieved	141	326e6037b10c502c4867fb5898e179b01ecf10a0aee13e4f0d63402e8a9c4056	
P49333	retrieved	738	621e92f52e64b13f770d5d1d755eca1e451ebe133a8ef963a525716847619683	
P49597	retrieved	434	de21133588365089a97dffb3830cf2c8e1db6a9c40e3f6150735767213c6899e	
P49598	retrieved	399	f2fbedc5c000896aea8fa4ab8fef293b163f555aa0d92802f263f712367b41c4	
P49677	retrieved	168	31940ef3fc4e87913e423b95a2e5c446f67367fbba59a61a6d2f0a6e776dbfcd	
P49689	retrieved	62	463fe1ff02b45bef2e9956264ea6af0c21ed542b57873c44e98f1f67d538b2f7	
P51102	retrieved	382	c0b55ec8549a3dcc077696eeb95ac8ea99cd255e2a9dcd8c783a6b09c4d1d2f2	
P51566	retrieved	467	13bf8f3967d86036626600201cd21e01e24c610d630dfce99451f54bcda2fc83	
P51567	retrieved	427	cc1a3d5fd639b47ec00ead7cdc2adc79efdb916e7e3481b1bcf207a4c12ebfdc	
P51568	retrieved	400	83759608bf7533ad89a3a50f29b46879f31af5338acf7e50f5733e824415e2c0	
P52032	retrieved	236	a6d5c622f8455506164af6284684f471010f86c470bacb0a03aeaf2ab2c262ca	
P53780	retrieved	464	a4b591062d44fe1532ff1943eb8f42f09edab9f1f1c54f47c895da28132e5ade	
P54609	retrieved	809	c8a48cb80fa6374d1bd739eb2e45f490863936d976629dd4fc52f7c71e633752	
P55034	retrieved	386	63ea760e5e2fce2a79783d26ec0675c48f7b2f11838366deca2cda4dede3bea2	
P55228	retrieved	520	4ea09f91fa1dffd1cd784e0c3bd57b98fcf5d562d15e06b6a090cb8179eba108	
P55737	retrieved	699	db9ea525e38f979c3c24038be651311dcbfb6021f1b2492f4b565ec406968221	
P55852	retrieved	100	fb479065342c86459dc9920cea7e327128729375834316d94c44bc37ba8a8c03	
P56755	retrieved	172	f5924ced418bfad140f111e06b8754f653627b3ac8921ea22878cd1dc2ea5983	
P56760	retrieved	81	86e5b6150bf62bbc24465bf47e55314fba69f74edabdf9ce0648c89b3bee8d47	
P56761	retrieved	353	63d867095f4ed443c97c8e28d62abef976c89994f49f54c967d415790e906829	
P56762	retrieved	329	2dc93af059fa1b70e3f8d0dc4eaa186fc4ffa37b8c22d0dfed81059a52ad4a07	
P56764	retrieved	1376	973ffcdc39c79229b7baa1aee4306ec01d527900a46a61791dae342b59e92663	
P56771	retrieved	320	e39dd7f7a1c3193e0fe3ad9e9bb3d9a633a08916a09d423dbf1d5626a83f02d4	
P56773	retrieved	215	85da9293d76a189fe4c33d454f8ddb3110aa21ceddc85d383b89f89b753f1d45	
P56780	retrieved	73	da5b8a9911601004cf711a71267b90df1309c453cd844610c64575fa03188858	
P56785	retrieved	1786	183f42d4add875306e9797cf120b3e0c1ccb3c1ded68c45482f66b067ad2b57b	
P56792	retrieved	122	500424d76aa514b8fa199449350432f5436ea666562802f7de48b58a2818071a	
P56795	retrieved	160	3c375fe2d1a4317e7d4d9ebe8a832d04cdd29425841baab985845af3a32440b9	
P56804	retrieved	100	a6bcb922867f825c91f7671ba247173c671bf15b8e81a0d92e422febc2ba310b	
P57742	retrieved	151	8055d1e5a4788a7374aa6e69b09293d5e9da8750c2628c1535af1566291ad7ca	
P57758	retrieved	270	092080536c396b4dfe436dd66636857d55686ffd384246469ea254e73f0c21b3	
P58684	retrieved	192	0ad0c2a1bdef3ddc0acf064a49705aec98f1f96000b55152daa502f3b5a0abc1	
P59220	retrieved	149	8e79181823f49dcb53091e22f1ba4bc7409a53ce7eaee11dea7c6158532a75c5	
P59227	missing	0		not returned by UniProt
P59229	retrieved	166	d480087fd1c02347ffe207211e42c6a552d92be23e2958850d6672fee03c4cfd	
P59232	retrieved	157	3ac5749b67bf8dc6b6818816f4ba8ebb457ae1f58be60f41016ac1d02e470d60	
P59233	retrieved	157	3f198eb6996eba499a684a833f5430d36e74aefdc8a7e312696458ec48cd86c3	
P59263	missing	0		not returned by UniProt
P60112	retrieved	85	e4cb498dfc7b54f2739c97a73c9411a70ce59399b2a3d0702bed4e811e32c19f	
P61837	retrieved	286	88068c42498eefe281e10dc4dde660c41359528a4ca28c8c22fe07e47ea8a0c6	
P62598	retrieved	596	72abbdb6bfe31fc47c1119a9fbd44a7a78b943e9b8bd87cc4cd6e295b9a4e4b3	
P68349	retrieved	260	d95318ac6150a1499c094c4c4faa38ee744d403917fb678e6c6d204bc0684fd9	
P68350	retrieved	175	0902a3ec51ff90df49c0138ed36029c0c0ec022ca1f8909df338f9e41015fe70	
P82280	retrieved	352	70e1ec0f23b073c764ad66463841eda96a507d48898002afb049b79185641c79	
P82715	retrieved	297	65e483793046a6bd98e9a6919fd9f23caeb62687afdbd3cc9364c03b8608baa3	
P82805	retrieved	187	5e86ee3931b6fbcc879896fc3752030843ee6d821d649fd8d5da6711d0cf0330	
P82873	retrieved	210	fa3dbbab36b39cfc491ae90a3b33414d9dbe31b6b5afb8dc05c18298ae67e187	
P82874	retrieved	202	6601914968f3deea33c8ce9766293075efe17609e02ad815a9a2d5659b4b60cf	
P83484	retrieved	556	ca3e421df9b739ec9b7675de77bd17e4a03ea08f9e12b9c421cc4d902e34a11b	
P83755	retrieved	353	d0ad071bdc12c68037c877969bf4e9023de0f1bae9258b9eb46820ee3a6aa901	
P84634	retrieved	1702	80e31fc907f2dc714263271fbd6b84a2cfc08a2be17b8d03ca17a9f8a9494153	
P92525	retrieved	184	dc1828831fb3be5411baa81d3035d15e00fc25b9e40bc1325b5a476778e70888	
P92557	retrieved	148	7b95d66b2fc25b249575e1c974e8e41f5afe65ddd8d8c08086c8c0c4e12f3596	
P92935	retrieved	618	eb100ab50fce4c3c1308590006cae9f5a23c5d8ab0c47f8db46082a0a7689bc5	
P92942	retrieved	780	97047e66db877ced92c923518f9ed8216bf54844f0369b435f8f87f392980584	
P92958	retrieved	512	537636875eb12e4eb76a154565a1a6e8e4e817557480ae1f44ed6ffb0a0fba68	
P92963	retrieved	211	a52cc4f937215bb6d4af3cc66d715c346a9faebc090e7450c9f16f2181feb534	
P92965	retrieved	350	fc543aaff7dc7fbe193e297aa4ac6ccaf04e317287c47e31f612497506e705f5	
P92973	retrieved	608	cff8b0a060a9a4f2e7352eb0a446ff45830c5f32f8fac9b45027bed7b6535446	
P92978	retrieved	197	b846b14d9dbc5a9f56587f2c7c488d858b72de852f1267c1ffeacb38e599a434	
P92981	retrieved	454	0b2920c3f2ab092e2e3b97ff3d2e9c01eb35cfc8f598272bf0e447f6f9ba6c6b	
P92983	retrieved	499	f15d79436d64203722e0f2d93193804662bb54c3cd5954ba6d7e44d4a09cd49e	
P93002	retrieved	593	a0cb9b216eff23cc4e19ce78dd93ee24987a0b68917d94f2050dafb87922c612	
P93004	retrieved	280	4b82469e8767affceaa386ba804a450d61666496104863b1432454430904f819	
P93022	retrieved	1164	b3427868df25e9ae36bdb2ae512190dd517e5b465f8284cac7d4205e6d407cc1	
P93024	retrieved	902	21c70e4dfa2956c53d739f3c217921302f23c7998384653349a0291f09ed0476	
P93025	retrieved	915	e9add078fd30c9f311d284730f3b75e1141401eeab6ee059583b82fcae9337ea	
P93045	retrieved	240	423cde74fc2892a86fb624e794032525cc9274dc9ea7e02caa82f469cfe6e1b7	
P93048	retrieved	86	bbcc9da4b9cf597436e1127acae9b8d47b9b939448efe867a63fbe6ff42fb864	
P93050	retrieved	617	09d6e3e26b97ac187c45b3dfdbfbe5c4bae68508d572b8e4f0702d5cec7232ed	
P93303	retrieved	158	5ef84cf6b6b23dc4065e6651aa3a756fa131727cef3105646d77ce401ebbc3d5	
P93306	retrieved	394	3774d462106c4273a78280185ea799a4c4e1c1d64bef5df07d96c13a79d1cd78	
P93743	retrieved	269	1af3d4c811d560c0320efade06e2e7b4df0ea82b91ab927ff35fa46a0f607b20	
P93819	retrieved	332	4cee3e365ddb66e07ba91aabd8b2d1540e6dbf3ddb9035403e3aa55bb5c0eaa5	
P93822	retrieved	133	eb037c80725d982fe1b1ba2a2e0c5a22039114d56efeba06da1b52d9b4291c77	
P93831	retrieved	902	feb0f58d51c04a70900d51163b52a8155c0b60cece5f37af5d5ad3809105de75	
P93832	retrieved	405	a5a10946fa15b85e9cfc9d2d2549d7595b544e12c06888ccc54cfa3375bc4b1f	
P93836	retrieved	445	627404551845f846b90e7a90c939b6280defb18d0fa67a959659759afb54538f	
P94077	retrieved	189	16f53e6209b592990c49ceff32166aac9374d5a9e3152c81f1a96540971ec67a	
P94102	retrieved	342	10f124190904a41d06a671b5c1c8a5835c718a091dc7b54105aa11c52f526908	
Q00958	retrieved	420	2857398900936d90df2dd92e3bfa87e9e7885245093398a27ebd22a9f39d0fff	
Q01474	retrieved	193	f9ea6746c5b4d92f2b807017092dd52e3837ac140f0d4800d9062390c341ee62	
Q01525	retrieved	259	f0de026074fe913b90132486eb8168ab6968803972385bc277245594ca6c5fa9	
Q01667	retrieved	241	b3538fa6744632e0a9425b75c70a3813b00871875517fa655856b916502a6eba	
Q02283	retrieved	272	deb40cd84b7942dd4857e3b4672c212c3d2d0d54bd062e7f6a3045c3b300bc4a	
Q03509	retrieved	149	9213fab61f75602b93289a77cd1c470882d1a59717effd3000a4a0203186e84b	
Q05466	retrieved	284	c95cfc7e8019e1bf6e6826d460bfb8266c3389ca0001e76b26dc3e4d17543754	
Q05609	retrieved	821	4ce2f469b90e7ff0645ea649dd3d84477f66535ef3045c4bd3f561101e1411c6	
Q05753	retrieved	435	522726b90e92aa6b2fcfc7bc8bcb3128252a1965b844e30cebac76517b8ceeca	
Q05763	retrieved	565	9856371c05e2c48cae73d7b273b7eefef4feb5df3880014b74565585789330a5	
Q058I9	retrieved	354	1c8e2aa4276ac938b3a1be5aad6c9a53cce7d127090182cd77c145123c3edb34	
Q058N0	retrieved	495	eaa3c7716fd761bdf121c0adc496d532803a311bca8dc03e4b2f19857bce91e2	
Q058P7	retrieved	445	e2fdf7ead8ef83276d8f6b5d8c49354ec82299493fa85e94bd96fa00fdc9a66a	
Q06850	retrieved	610	a977b0b8df71d83c8560a95f5671de67a784530935664528b868c856a0a15dfa	
Q07098	retrieved	306	235cf78ac9b0a4fd1e47989cb880aaec1372f778631cc8fa61723a2b8efff7f1	
Q08467	retrieved	409	2117ce57b843216cfa2bf29e2eaa89912c4240f7702f1cc1708ad631ea334660	
Q08733	retrieved	286	5aaa7dead3c8a88576018dca7af9c1c76b4799096b69edab7256b2c7b1582fa1	
Q08A69	retrieved	412	c91633f2c9009dad2e8b756ed06ea2031683a33c601179ef4c6d61c3c42c9ef6	
Q0PCS3	retrieved	910	738c4caf70eafc8bfceef6ea5bd956dfc2d8f16722f385496bd8bd1073148f74	
Q0PW40	retrieved	673	a478195ec911f7568e44b850effc3e8c205c0230d7ddfa40b0f6fa459a2e601c	
Q0V7X4	retrieved	318	4a9eaa2e8b132fa568e8d12cd27ae59e771075ecf697e8c67238d8f86683d726	
Q0V7Y3	retrieved	404	967f6990e3740aade32137d389760e8f8551e4284526b10198552aa5e0e091a3	
Q0V811	retrieved	229	630a929851c0523a83567139253ed97fcb794836ed177467dcb911c9fe8c4fda	
Q0WKW1	retrieved	779	72338275ffe5b83e9b62e1700c3371a84cd7da652e73dc9aaa5d5b5c04d73914	
Q0WKZ9	retrieved	521	9b428d0cdfcc94c9e6f54a5607ab48366cee81b39b5f455c73a571019b8ee881	
Q0WLB5	retrieved	1703	40adf2a916828ca52ced390b0ac8076a394de264f62a447148b285caaaeeb1e6	
Q0WLS8	retrieved	1377	4a151551fac11bd79e88e030c7b5c7144487bd64ebe4ec3b73f767ca8bef23da	
Q0WLZ8	retrieved	196	53df46dfa54992d2364abd7792928fc9d104ac84964774055828a0de4c25ae59	
Q0WM93	retrieved	1265	569e85c479c6acfb79d05f284bdfda84baf13fe004f150d353dd3ce20ae2136d	
Q0WN54	retrieved	500	4e4d258502353c216863f0fe8eb09a3c39dc69f2c099ce2bec93490a35926685	
Q0WNP7	retrieved	463	468cee3006690cdbbf874bfc5e79e735199d0861f78827c048b8f3f12a2cafbd	
Q0WPF2	retrieved	808	a78a30a570794ca2100739d5ee51c2e64a5ad0fd65c89d482e120ae88451d571	
Q0WPH8	retrieved	956	b3add41dbc1efb0cbaea679d2aacb30d12953154e29c95cdb9fb1bb2eb347deb	
Q0WQ91	retrieved	157	ead33d1ed683fa07d1639ebdc4bd3d46c54afb5cafab88857bdc10552ef8330e	
Q0WQN9	retrieved	298	bf41a97d7347dc9cfff862bbd9818ad1870ea133c40d60eb6d829402c988a127	
Q0WR59	retrieved	1048	d830a841c2747ecfe090cf505120443bbb6ac26f84b406b860aa376ec0857ff7	
Q0WRC9	retrieved	479	d9c7df00c22bebb822debc376bfd029c6e904049000c42d928ee75aa0f67929b	
Q0WT48	retrieved	687	10722c6f27aa53420100022d277499edcb41ee864cf965e537cda90845bf19bb	
Q0WTY4	retrieved	222	097e87f084101c770960e249205c8eb5c3669df374ce25b4382bb89f31b9642d	
Q0WUA3	retrieved	382	af1084c1a53fff26aa52a55fa70feab4937d920599556211dd292e8a0cff6d35	
Q0WVD6	retrieved	601	9d5cf927d39084d6b37c85ed7666d4b2449e4b67be66978dd3f46acd2979cae1	
Q0WVM4	retrieved	634	58b69000c082880d5b8a3271cfb6af99a790414f2fcea1e097d45256d416e5ab	
Q0WVR4	retrieved	345	9319967efb092a1e6fe2b0122bdd070f8fa7144910effb15b9cb874fe1ee9d5d	
Q0WVZ1	retrieved	743	9bfd13344394c29043552b89daa921193a575254dea5a72f0b1847e3d511b028	
Q0WW40	retrieved	383	5803cccb602858ef0a4da89743bb75a9151c252f36cc7bb3d48f45ceab8845e1	
Q0WW84	retrieved	435	96fa7929b899517b8a5fa646c7b52201826899c796804d733e73e68d060b1379	
Q147F7	retrieved	455	2b6f265b08582aa10c37a9f8db3c4ac80007cc9f6ab3397b96e4716b9113e897	
Q147J7	retrieved	130	db3f7fd1ff746511adf6bdbc6141988d61320fcbdd88f3dee18d8d56b9553410	
Q147N7	retrieved	287	093f485d2c845725fc6b95e94c2f0695e0e6afd35c4efe179e90f3f1efad8171	
Q147Q9	retrieved	384	f23f5c4ffe29f850cc97c3ca94d1cbe533c3a4caecd443fcecd0f0af65d9e794	
Q17TI5	retrieved	344	5e8ba402d88253218e7cd61fedab70ee96a437f63bf34ee53146665c6b6ee9e4	
Q1EBV6	retrieved	410	266c00296cde100ad1486b98432f1b8fbba89262a51ee5e6d260844a09e77705	
Q1EC57	retrieved	317	da8dff9ff6981110add85fa7c97669699a0d1091ecd4508d1cee5e4092b2291a	
Q1ECF1	retrieved	211	471afddd30895ef4f3aa5f131efc0d4133cd2f179a23d560b6410fae97898939	
Q1ECJ7	retrieved	174	dcb2a30967b75c26fffea3f0dbca4a275a0b87da2405fd3ff8b7062e2185b34b	
Q1ECK0	retrieved	167	ca0c987790ab01a5a58e906395a7f92d7b5f1716ad5b0c730c75dd6207eee02a	
Q1G3F7	retrieved	456	a04e12c70031ab511c9655749d547b48a08b7529051ff4fbfbf929a2ef76e904	
Q1G3K7	retrieved	127	2bfc2d4dca648ffa985504011b56a4c3f3cb75456e3b0e62450af30d3f149981	
Q1G3Q4	retrieved	256	a4725b97de2284aee1192fe17bb0675fa9fc7d2404f08a85bbc6a06308b22fe2	
Q1G3Z3	retrieved	91	5e8f8c81048e58c457428c5e8009633d43e40b589f6c437fc646b738c12c52a5	
Q1H595	retrieved	93	81881e41bab89697417aeef814abcbd952ad3feb9d35e3d577910b4c42b9ca3a	
Q1H5F3	retrieved	149	8e79181823f49dcb53091e22f1ba4bc7409a53ce7eaee11dea7c6158532a75c5	
Q1HDT2	retrieved	859	42c7f9cf90a930584a7d6b2cf5c69903f42c679f4573057ac4bef386e31fffde	
Q1JPM3	retrieved	522	599c665a8587db7a414a3cb12234c77ca5a344f2ec0184428f5517195062baba	
Q1JPN7	retrieved	476	aa18a628ca1d1b6c2709958669e7d49daf8ce073da063a0a127dee348070de6f	
Q1JPP8	retrieved	72	9956705728d883232d100692378971992291fc5edeb7a086cb036af75af03de9	
Q1KS66	retrieved	493	aaeb5d84092e40eff44be4a93f56c6d04bfc9908336b3c60c774918a55e1664a	
Q1PDZ0	retrieved	193	339a26e49bd91d57ca86d09d4bb2f1d0e5830d03f048e568e97a0b6c8a946f3e	
Q1PED2	retrieved	194	d6294056674cc7b909a218288690d2dbd6363697c776e64eb5bdba860ee6ff9b	
Q1PEL7	retrieved	177	f84e344676ec42c774ccb4c4d48e18e2f1e597ea49d59d482ce65d087f960026	
Q1PET6	retrieved	422	ac7eb37c4140d770861dbf5c434935c6b47d2b603d0b8c963f7c8509674cd540	
Q1PEU3	retrieved	252	6f2a4d38af6c4a5844f5b603ec4706fe454e3a93f1f59a0a9763950688b15ecb	
Q1PEY6	retrieved	156	3b9e427a66dd2b461b88851d3194c387ebf0be00fa8ec08edd3e95079d3d2135	
Q1PFB9	retrieved	555	b26152d6f90444764381ea11e2b16091b7d8d6c0e12797703e90e8c7784b137e	
Q1PFV9	retrieved	243	881be5ecf8ae9907fcc441c764f4fdfcb40749720eee409852617966730866c9	
Q24JL3	retrieved	342	4444e71530bfb89335d6e15bd106ff736a6cbaf6c97c2c508a7455bb6837d73a	
Q27GL4	retrieved	273	de73ebf2eeb70533802a01ad0b54d6feb91f859e01285cb5db6ef78482b89801	
Q27GM2	retrieved	245	c909892dc90e6f2fa78048523afaa6d51ca5f01a89412e755256ef7f386bf6c6	
Q27IK7	retrieved	2066	5ca9445aac75dcdde0445ac0f07991d730eb55a7f7388a08bfa4009a72ee0f1c	
Q29PQ8	retrieved	231	91af5c92c89fde316c01b0d84775d145cd59aca5eeb1633a23134cce65aea199	
Q29PT3	retrieved	156	173cff0731b28b5b92b55f7f1bf97eb0d4a8268f582cdfa09a3429ca33c476a2	
Q29PZ8	retrieved	150	3928c0e606457b92212670fd873555edd3bafdbe69c0c51aec5dd59e61c7f743	
Q29Q26	retrieved	344	b6d67e29de372323e5f6e0ce2f2d22cf22d3ee0e58a99a6eec7cc8108ae6e333	
Q29Q28	retrieved	345	8efd1ec1dbb9c9b8c005bca19e0b7e90528d8349b67692c179f2cc072ec708aa	
Q29Q34	retrieved	326	96fe647e8da5946238b3acfd2fb2866d05aed94d2f3da9785ab422f341508daa	
Q29Q72	retrieved	147	efd398be3829eeefb29a2166bfbc9b95c4657e844093691e157a09e12aac3385	
Q2EF88	retrieved	675	abad0e8e9768ffbdd009e757fd7e11ac424fae26ed3ae8372ed8ab4664d1fcea	
Q2HIK4	retrieved	129	db55e4030315a7ee6976cd7817d568a7739402134ca2e84d7de511175d5d9008	
Q2HIV3	retrieved	259	2c5c1cda5f67a7931ebe75342adcb406558b032d85ba97ac0b33e2770433f480	
Q2HIW3	retrieved	245	6039170906c4b3287738dad96d24ae5fde6c5178d8de55c0ad88fa5880ce9f21	
Q2LAE1	retrieved	1759	95a2819db2a218872f71f42791f005c41922277e1ac066ce4948e9a4e660d7d6	
Q2V359	retrieved	190	ba45d4bbc5d1a5c4d3cd2cccafc0d6ff3ed4c724db94b3d94331f5605f3ab398	
Q2V3B2	retrieved	323	121af2281879b75c819e1621fd1202748896d234e4dcf0053f4628f1dfb90fb1	
Q2V3H2	retrieved	390	9a5002031f74cdd9ac06aeaa12e731b262b5e2a72989f454a7654ef2f057f1c1	
Q2VWA2	retrieved	197	553ecbf7ef29ba1e87fc633fd92a08681dabfc7bb0c218174268bbdad3e9a90c	
Q304A0	retrieved	386	29a49279f122da73265295eaf00cb1e8e627b7950ab66771b12152b90b80a5af	
Q38796	retrieved	953	39e4c97db438c42f5e1f49e0a48bef5a342d65e9df48bc4a7b1672100f77a268	
Q38798	retrieved	532	d6aa0a8fa93bc601cf29fae99d0697e314b1d51c0606c67f605d4aad765ed3fe	
Q38819	retrieved	450	40e072dd23b31049597e1bb5af566c007c4a54a2ad09f249a11658ea84f542f1	
Q38822	retrieved	189	c434dc2f5af751831203a0b21cf1b88b8cdae1bf911855a9725187037633cf64	
Q38824	retrieved	189	504db9fb04c7e14ab2f40e7e1e92256b1cdee0e8dbff906a8fbc11dcc1e32d84	
Q38825	retrieved	243	a3fb3bf69c97e5804242ff6114ad4b99de3430bf097b32fc6e6ec8d88d763920	
Q38826	retrieved	321	e41e65a63c346e03a05ca17910b4d1eb925e98288e028e93c95025e0a6e058b4	
Q38826-1	missing	0		not returned by UniProt
Q38828	retrieved	261	c42d68c1b19aec7a8aec84ec283e1b87e403bf26884f0eecd07848a6fe163b6a	
Q38832	retrieved	228	6d727dde723c513c8405127f89a358368c4510af6489aaa29dcb57d7dc8b8db6	
Q38834	retrieved	852	1fcc012dcd1f195242cc47a4b1160486f7408ccea10801faf6d35e031a647f4a	
Q38836-2	missing	0		not returned by UniProt
Q38838	retrieved	221	38b2621c01e354065d81edd8ab1d872add81238bb91c512264d92dfa89765228	
Q38847	retrieved	268	df06959594c36d50b9704cca7b7d02fa163c10a2fd9870f7717c0c89bf560e97	
Q38851	retrieved	236	ae4bb665b87d507f285864615b94ca8b24c5dd3ea0db2807985d187df8c80de7	
Q38853	retrieved	182	8b29f5d7843b81683490dcd07f518419677e7508b92680387de04b1ef37ff23d	
Q38856	retrieved	347	ba807d323f99b0e42a32e05b049381b3a1755192d931d07abc84c60c42acfc5e	
Q38861	retrieved	767	cfaf6a779127597a2d1650229781b70826c58022de49ffd9bf800d6bffb0bd87	
Q38869	retrieved	501	dc37ae7563fa83c4bae624c29b8dd4c0ff6e3eefacdc7f948276b962d1966219	
Q38872	retrieved	544	70f00ee5070b99c1cdd36d904387a8e48da9a5b3f5ac2cb96173ba2dd89977bc	
Q38874	retrieved	382	e2c08a601eb0a6fbb0a7508f0e77f133738df0ed7b1aba3d4e3b89c6b98f8684	
Q38876	retrieved	242	6155d4b02bd3b35d61dee76f1ba4175b21a6604a6189fc93ccff2167bef33069	
Q38879	retrieved	133	9c52f3e235b0139daf1c7768e50c6db3dd18f19837debf3573f104491f28daf2	
Q38882	retrieved	810	3fe598a00c2daf2d37142dd53978835b1f7d7348394425934bd13a4cac0d7d24	
Q38885	retrieved	551	5efa47d1f0ed4bfefb71c60e6a67e23cc0b15ea08b41361a2f374cecaba76818	
Q38899	retrieved	363	4d1614bd4d44554c1feed8dca27fff4ced5bcc76c427961770b3fe2e68c4a1e8	
Q38900	retrieved	173	52111bb450fe630e2eb503e92b9e39f2d78eadcb9674f83e53925e24a99fec69	
Q38902	retrieved	197	22a3dcd0a601f6330308380c0e12f2a994c4a27d474f004ce7b96ce9f0b3bfe5	
Q38906	retrieved	313	f91c0bfe6442a8375919597600a6f8c9236829801c6e2f3bca07b5e86b7d64fc	
Q38911	retrieved	289	d5251a0fc6d820fcb4e3d3acc1498b5472042bd70adf2d7423d72687c84c7af0	
Q38919	retrieved	195	f69700a6faa3e9686d4a8931f1277de2ff3de347204b37312624d1f4ab339843	
Q38920	retrieved	482	06f3e4cc2d4af60c94bbf2533b59ae1df0738f08c483984bb6e506548993043b	
Q38935	retrieved	153	eaf486b734258a0f11d3d05081e2d55c5bf8524f35fea4f587637d71f4fe4999	
Q38937	retrieved	196	341d782c02682c3eeb9ba6b29086a3bfc4c760b1f19f14dac1e3c0485259f8d1	
Q38960	retrieved	346	b1d6b8a259c8d38f1d5a03609f0c7f7ff807a64c962f2b57d2a7dd0ad62de9cf	
Q38970	retrieved	2254	c44714218b87858e4f4d77b6e59407403958addcd3ef0951914bfae56af35f10	
Q38997	retrieved	512	d309007b721c4959141b217ee4eca778b63dfde15405b1b43c7ad09a5118f11a	
Q38997-2	missing	0		not returned by UniProt
Q38998	retrieved	857	1adf872ee531b0f628a7c843cdad6cadbbe41f509134e9a0366595838c47c020	
Q39008	retrieved	608	8d9631fc6ceba72bc422aa503452e4283d3c76ad7992647d30170fbf6e123f27	
Q39009	retrieved	344	0d9da2904ebc895aab0ea242a5c4962dd243346c66949ed169bde8ea23344619	
Q39010	retrieved	412	2d890e64a74fafd4ed203808f51196341cf461910caa64847fed0aee0494a330	
Q39011	retrieved	380	5af046951732e03d5faefcc97f28ee0934b5459a9aa1e957881597c07eee0c08	
Q39019	retrieved	421	dc1058d1d8a06bc42759a022fe5d9b242b230b51dcdb9d89969aa378aeaa1161	
Q39021	retrieved	370	f3cc17257f97af06c55739218b4aa3a369f12c7c523f3835ae11daaa1b7cad23	
Q39023	retrieved	370	5c2919d561879dd9bee55a46c28447f833b621087d079c1ccf58b751824307cf	
Q39024	retrieved	376	788ace45eb44436a27c4c646292d7ad19cb3224f112399096bbf95e2787ae3b0	
Q39026	retrieved	395	0bf8ddb0ee4973eb009390c1757fcb14c34adc6ea4d29e79602770eb6e84bfbb	
Q39041	retrieved	664	191703a6426df793fe6caf14010c4d4a8bab05121a09642743dcf5ac29ff2621	
Q39050	retrieved	457	fe53451b5d59424c3eba66b59eb6340e0fa24a1e4daf7e5607c2652a9a8665ac	
Q39057	retrieved	373	77c913163b12522fbcfb39982ef161396548acc1cc506f7989a1cd00fe1b8695	
Q39065	retrieved	170	caa4d4caa3e6526f888c10a80a7950b67a5c6b50b7c5bb789f018ccb6cd40154	
Q39068	retrieved	429	3b294f83b404eb7581ca06975e888f704ddae62a94b6b983a910fad791f2620c	
Q39079	retrieved	538	84ec1c386f17d22663c36d54de5f9034d027d5ece61d56c81159d94faf528d92	
Q39083	retrieved	206	8711b4f013c28db880284267ec6747fe9d8721487eb195692cbdbdc3f28748f3	
Q39090	retrieved	442	f05b749fb83886f9466181066d2c96cd1b174d25f8044c2c654c10cc0cb2505a	
Q39128	retrieved	677	628a4b0cad001725587563887ced4d4ad5ae552ce090c95362e8db8fe621d872	
Q39132	retrieved	155	f3e1b3133d601fa85d272ca29d11d919cb4a23a283bea8c14090e3655c95cd8f	
Q39140	retrieved	330	e4b80b9ff034afe67b50defc61f79b3d7235240a6da51e08fffa988d574cb220	
Q39140-2	missing	0		not returned by UniProt
Q39142	retrieved	266	1702d23f06347979f047da63ccafdf3251603af9fa21b8f564273a58580528ca	
Q39160	retrieved	1520	e2f3a61c07ba6fef68b8f90ddbe79f9fc734fa3cc653c4778133154d7602b315	
Q39161	retrieved	586	8b45af0d8dd441193e69a5792ecde25c2c386a36feaec9c6563d325b0b6be7ac	
Q39162	retrieved	364	66d479a846e64fea30b0a700de1c5d6dd5fb8a25336117b0974bcfa2e800a0e2	
Q39163	retrieved	330	cc9de19319986fe7cf1d015a0b346154cc06f6bb9cf2c9636e9a44c06f286e3d	
Q39173	retrieved	343	ec5e2c49f118dba796754c8fb377e1393c9e3b7442fc7bcad8778683521a8482	
Q39183	retrieved	586	61f22fae14cb4a2973da84e72aa39605bcfe3de5e46d82fac0c907d4f1b5c3c1	
Q39190	retrieved	479	0435fda3d3692e8f4e3077d964cbf897f6c59ca213a4b757e42f0ab64f33fea9	
Q39191	retrieved	735	7c4189892a358fb591197465bb2cc5a0ae973122940982ce03d11f7ab98c208a	
Q39192	retrieved	362	0e99e3365843140ee26f424c5ab0afca893955d558774c3b260dd742beae7522	
Q39193	retrieved	361	59b520bc8a1f968e8e9d3c29236b7f43f4898dab36d95c7e4af54b24ccd003e2	
Q39194	retrieved	133	562fe76d57db56ecd4da9c5b3f30808dc8f283bbc2e5518f6534c78a40b1239b	
Q39204	retrieved	623	e71abbe9137e2d3436a3a8998e97cfaabe330195fd4680267a96eae9af0a9fbc	
Q39211	retrieved	319	e78eef737efbf0e959bb992fbab7ff92af94cc7261460cf1e5f58700d7de6b53	
Q39212	retrieved	319	be6b396f471f2a101e25501d2b7ae860e10553f87d9c68aec1c1ac95a46104b2	
Q39216	retrieved	385	f6975e4df29e1bb640fbc98ade1da429e7f7a87daf5fe3d403badfbc3b0e2ca5	
Q39218	retrieved	391	53735e1416696fa6a24a3a0c2885894d2ac0cae619f53e880efddf7dbdcfd346	
Q39221	retrieved	393	50b811c2180febaff8f96f9bde7766c7a4effabda75df01b0e157d218c5b550a	
Q39233	retrieved	279	04efb8f52caf1c9e4d9b617dbfd91005baf136eb0f19dd00bdbd4e15a9e636dc	
Q39241	retrieved	118	77c1b335af78754fe06909770bf6c79b3b946657aa7a1cdbc0771396c2e88850	
Q39254	retrieved	441	ac4a67e9249f3e25fafac73acc30dc3df0eba249cf21ddb18a036313f39ea90d	
Q39255	retrieved	160	0d9697fedff631746603e96a24796aaed2ffd31f6c816aa6afa456f41cb22866	
Q39262	retrieved	235	e92ebc7f84e1e5d2e5f2c15713242c50670f38a2e5fc45bd9a9d96f3c0d85e7e	
Q3E7I5	retrieved	788	2a7ff8f4638fadb22c2a1ce60b8fc1ca3f2ee906008fc86bbb641ae2c5b7e011	
Q3E7N5	retrieved	126	9f362b2f82f52c48532327ca758655ba890d9a9e2d01317c4d4d4ba61e9b9ecb	
Q3E875	retrieved	376	99310ad9c32c27f149e26ddf08e62b5e8b24ae83434000297d2ff1cdff3788a2	
Q3E8H4	retrieved	73	2c05ee5249d395d9b2a34031ca827a61c1406262acc56c632d750654863aeda9	
Q3E922	retrieved	156	f698fc44b4e03c67d3ef367f78cf991caf19365d22bb4f99900cf5cc5f0b8ce3	
Q3E958	retrieved	189	84a6545df3e41ac3fa2d5730ee7417756a1c0ef16da27eb15fab43aff4aad117	
Q3E9B8	retrieved	624	de70ae617c0d3bde0649ce4a4016bfcd379cc4041f81469743ff99e37992f95c	
Q3E9X6	retrieved	690	55311d3ca4fb843b2b3aafa04f4b155e3c091e27ac8a3760b1a7e1aa75bd3a10	
Q3EAF9-2	missing	0		not returned by UniProt
Q3EAV6	retrieved	111	62201af093877fdd88f22ce55810756bf46b730183894d40446857f67c6163bc	
Q3EB02	retrieved	128	66db53c6bec644949d50bad4309ac845c464879a7742e6cd05bfc997fd9da6dd	
Q3EBC8	retrieved	1388	3a0a489cf994212288843a35b3262cacecdfcd9722f4f9e2cffd7ca7cb654b30	
Q3EBD3	retrieved	505	7ed58020de0b0c732f9360f017e19b8b755275f2e4d1ae8829ae9691f2ff4f93	
Q3EBQ3	retrieved	807	bc2ca0506c903c782f26c69f2bfdc8073af4b773078925129aa3bd0a9a0bfd62	
Q3EC11	retrieved	536	7f4b42d0040fe019596536d119c38248aab25347a94203c4e9ea9ecd5a5515c8	
Q3EC60	retrieved	312	c4d5d7c78ef608960bbf0fcbf39d166d6af5ef1bfcc288c2965bdf831265a189	
Q3EC92	retrieved	62	c89801b35e64371dda8b4249b4388fc35d52db52842d951f8b786b022fbfcad0	
Q3ECB8	retrieved	467	de7948514c4fba47d18675b2bb4d6892745b5c57d62d38a8b4dea9e4fdd9013a	
Q3ECS5	retrieved	116	927a3eb8f61eef435ccf6336d22d67176565eea6c8c790bd56c41768d8e6649a	
Q3MK94	retrieved	428	3ebac819ecdc8106fe443b9e6246829f489843afa86acf37bc5a5cfd70419b2a	
Q3YL57	retrieved	756	7c2adfa450ab51e2a790f48390a59dc00c62c12e9fd97f1da52c0d6fdff31c34	
Q41906	retrieved	125	4870938b3a9345033568f32ece4ea045ca82c88ff90b624c67ae9f3b82065fdd	
Q41931	retrieved	320	68d6e71aa3e1cedad0d9ca191f1d82e5d22e37d782a5af05802aff82271fcb1a	
Q41932	retrieved	230	e29bad5df77e98e5a12680aaf35b27e1b9a9789f6e34456befd8ad06318ca8ac	
Q41951	retrieved	250	e4bce9032adcdfce4228c96dcf378edfc111905080280f0f355bb39018878e1d	
Q41969	retrieved	268	50c66d22a8db2856b9c2b43a76974d5c552d421ea48a3165b4b1ccbe06d8ecb2	
Q42029	retrieved	263	f242ed8f13a531560405272268f752f8ac738ace5eed5d16c84360eee578fc66	
Q42093	retrieved	1623	592deb3cc86e3b01485b76bc9097fdac11cae904921afce899cf8cac6ed5f604	
Q42290	retrieved	531	3c8cb480e438b013e3a465a2ed9d00a005fbd61b68882aeffd967919ec766a7f	
Q42328	retrieved	89	e4f27d051773401b07b211a38b7c6485904bbeeb09065f73ea2ca2c0d3137ba3	
Q42338	retrieved	88	918381ac6f7ca4e42b54a45814cba8f137d31d9552566995bbf0b45bfaf918f2	
Q42344	retrieved	138	b5be7a1e81ffa34edf5f684a15b349a3b73363a0f1e433693b37f654666bc802	
Q42347	retrieved	164	dff0dcf556d4f3daf0d38b01a28913849c03abe4dbd60a48e2e34215a0ffc9c4	
Q42381	retrieved	403	d9341f9dad783c4f5666c3aebce9049e68099a88ac78bf238969d0b63eee3774	
Q42384	retrieved	486	e0320c8a4cc160d3e4d1033fca59c6c1ddc449fce3614cedfd6e5f62bb040c20	
Q42396	retrieved	490	9d7f813c7f6e9135815fb0a4a5e73fd886c53d1595299f0382910471870d3bd7	
Q42404	retrieved	427	10db4c9c8ccc0ed90c9c3977097c5b6caeb1c5dc24e301e5ae061affc17a9ded	
Q42479	retrieved	529	27bba453c75b657b615beb20cfd95657a385dfdc17c9a320b14c538d3a1f0650	
Q42533	retrieved	280	db3c0faa8ef14909db4677c99f91b7d5440b5f6ad985d516e53f1167fbfb1e20	
Q42545	retrieved	433	741bc299871e80bf234943d88d44515d073e103ba17ea446ee750e7436b78261	
Q42565	retrieved	276	48b4acbaba3bf0ceddc82f0983546b9c4ec131299f6a6fd4c557a92fa50ebdc5	
Q42580	retrieved	327	841748650337ba3fc07fe6489e6b7e586a26458b3fec49cefd59d7c893bc0cb5	
Q42581	retrieved	403	143ed5065423a9d26858db8e18b998cfafe20af7f857ef2ba06267b1d4cf8b22	
Q42583	retrieved	400	1fb64130177411876bdceb2d3c10df9ea6b8578f47162e1b945057d0065d5107	
Q42588	retrieved	314	22863a464c7e610598da2e6b9a393a2a3aa6f642169a5c6335722dea59e1030b	
Q42593	retrieved	426	8df7341c9a353b54c60e0bd81b624ea92b0c64187f5767b9ff27eda269545cce	
Q42601	retrieved	1187	8c13280553bfabb0b7ff1b17ac70a5d372ed290fa7bc5891bdb5f1a92b02d5dd	
Q42602	retrieved	506	3667b6902dab72c013f14c270394042006ae99501f7b4608bc3a9d931409a9eb	
Q42605	retrieved	351	0c88ad6938d88b4c1625aa9199a9db467dcc30fa1ee9932db47596243e6e191f	
Q43125	retrieved	681	7db540248f6925648b58dfa9ef18aa637588745dc09efe6845a4f156e1365c9e	
Q43127	retrieved	430	e6db5692dbe3027f9a259fa5f869de72f28c97226efef712db54976e0263519c	
Q43295	retrieved	276	87f3264cc5e700d026116596193e8863df9b3500535561763c1147d4519c7d5b	
Q43386	retrieved	204	142d05e7764f53e3fd289686db2cd3e7823e8cfd36deba890905a7d2f70fb96c	
Q43725	retrieved	430	7a2eb6fe77f15ffdf23431a8f8341dbea2fce7497c5114cab01aa274b5ae11fd	
Q43870	retrieved	476	f66a41118a0794e0d5d7bcb3866e5c2f6388ede5472ec7de1c42020fb8da8950	
Q4FE47	retrieved	462	735f3f3a11e002ffed4a730a42873b8e0260859aa6b92b4c32ad34c6dc94a045	
Q4PL95	retrieved	276	250d400cd36a2df9801aa2d78c99aaf0bde11c811243437af372bb800e8c2e4f	
Q4PSE2	retrieved	187	61765868ce7f90ef20e358f10f10c7466ea7fcb7b07a2adfff68830c56a9d13c	
Q4PSE3	retrieved	120	3411eb1651552c99d5a8d637c5a741a985e52e1f12fb3e5035c7128bb97072c0	
Q4PSU4	retrieved	264	2b8ff8469a0ad04c1c19ff6659758d638ced02047613729367babddab81d8dd5	
Q4V3B8	retrieved	540	22b6b40628bccfcd1c43263a47c1984e63e1b30f4d9a32126884ffe26cb51d87	
Q4VP08	retrieved	90	ba6fede01ba2274bf9f3508bc099c097097d318b4d054d790de351c37a15a9af	
Q500U8	retrieved	326	b0d0b274a0ad53a315417760c1c964a087686802e69e906e381b9a07ca47eda6	
Q500V6	retrieved	534	6ca18db6e4b28bca86169f4eeadcb4c071c4ae362a4515e2b8ff9f1c28dec0b7	
Q500X1	retrieved	241	5c1a8b04d4e1e7bc43bd072c22b75dc2e069b078c5d4162f3d68014719817cbc	
Q501B2	retrieved	409	95ed7b12c507501133098698076ed68b06db00fb38bf37a574bd1376861346fd	
Q501F9	retrieved	370	f8cbb7f8562851f6f71f6c59b659475b6bff3f559327370264d2a9379fcca82a	
Q56WM6	retrieved	576	f71d17bfc97933158f49ccdbdb492ce87d516e54d0cc5023017027122de5e76d	
Q56X95	retrieved	355	db9d412a17447c04bec9fc50c4febb8c79818037a895b5ef9cd501ecb528287c	
Q56XE4	retrieved	207	ae826e8221fdf20a94b32b8333ea852ea7722ade2cdd534c35789ee47c56b421	
Q56XU4	retrieved	413	6ef21daa76fae57d02de6e98ac2823bc8092adb9f6952c9e1d62bb245ddf0ec5	
Q56XY2	retrieved	298	ca2deef00390d62adebce5f62db1c9b2016ea60af418ac83079d95a7402c29af	
Q56Y52	retrieved	467	1b7921a6aae6f6731f089e5dec9205349fe5acb20bc02ddf12a5e5b717119bf4	
Q56YA5	retrieved	401	018df9fb3b7ce6ccf0ed3c0c17a1552487d875dd5a9594c59d76be217fb90ed3	
Q56YW9	retrieved	450	15cd6281692c39ed333273b4710ab9469a0b2777e1fbe726a152bc5b61f670bb	
Q56Z59	retrieved	490	de7b118e7b7e8f9059b5857a2e93c8f163e48289b9bc3442540cdc34c8a834ec	
Q56ZZ7	retrieved	546	36604e76c01fc67d0adba435120091b13412e1a340188b45285b7b6cfc7c2871	
Q570C0	retrieved	594	2c5e2e6ca62b63b673e474283dafb9eb28f96aeef2cd63f55b6cb1d831f61b5e	
Q58G47	retrieved	310	f41db8a70603258d45caf232c88795495f75a3a748e5331d09c7c719c9565652	
Q5BPT7	retrieved	291	d72a9190c90a0959ebb1dc52c42690798532564495c2619f6d331fbf2a30f16f	
Q5HZ36	retrieved	398	091b57e71de05a8328fa40f23fc0761ae4c8a9305a82969587fdd0bd9f461143	
Q5HZ38	retrieved	407	ef3df65aa4eb690f81b889a41f3f88a5fbc4ab1c9a8d7b43cc772168d2c9ea39	
Q5ICL9	retrieved	574	6ed51ee27a6075f3b1109812c0b8e25ea562feaa158333b9b4baaf0c300b5fe0	
Q5M731	retrieved	522	f1b359f2108a93de66401bd6b71fb56f9db366076aa0b974babd8e890f2e3f4d	
Q5PNT1	retrieved	375	6339194a47ce7b7a7b2d38150d7aded2aa574a7f0ae59986e0f25f57f654db1f	
Q5PP28	retrieved	394	6ce57a23976aa92d0b8b08db75e0c915eab1d1d005aece7b2668d263c53aa1bc	
Q5PP38	retrieved	470	7ef7a752c0e087474fa8a4f0bc533c90a2ec5d6ca8b409a43660b46af7ed9790	
Q5S2C3	retrieved	1282	e8a450b4308a5fbd0f176578c0f281496c1e1541df04d7ca4cb69b103f7ea3d0	
Q5S2C4	retrieved	1425	f1848858dbeab4aff3f27522c1a7384d72eac2d799b404ae225da329c65a9280	
Q5UBY2	retrieved	687	7d2c9f18a2cb234ec7e115ee65e4d5487116fbe0a8caf001ebe4e2c36c3006c4	
Q5W7F2	retrieved	827	951103162ec5b295fdecb815a8872ed3e68f0c4d7abadf393d8a3b164a88c8d1	
Q5XEV4	retrieved	345	23e5f5583f163ad5c3bcb8382e0b6049495cfabac007125090da86f1356010ea	
Q5XEV6	retrieved	308	b98e6bb7b6a54037bfeb99c8c2ec799c5655c2b39139907d35e3d16629568de2	
Q5XEZ5	retrieved	771	60634f1785142955ce0f20ff63f8999056b613543a5fb7d1b01b0d6377542f69	
Q5XF32	retrieved	409	432bb4b606ec423ec0d88eadd96a18ffda2c0ed96f3b047f9769403f9573a99d	
Q5XF35	retrieved	408	a17103c1a4945c999d0e7223f2150a6a5cfc6d9bef37acbc4402fcf3f217c363	
Q5XPJ6	retrieved	1170	62d5757d6ad2dd35e45f5b8c5d8a91dae71607b5bc86fb08adcd529224c08392	
Q5XPJ9	retrieved	1399	e8826c11e3e755ed8e770e670dbd3680e8f7f060ba5124c24b0c5dda4d6c8dd5	
Q5XV52	retrieved	526	6d427c5289e544fa47ab729525cd7a5da586ae1f0b1610c594f8f8e4e54b57d1	
Q5XXE7	retrieved	246	0b7e24c4b53bcca6772c30a4c7fa0d4d9107dba006d5a75c640982ae882ee994	
Q5XXJ3	retrieved	248	c3e37cbb06c63f3fc5bab6d4776e12038f4a7afa0cde304f21782c9c703137f5	
Q5XXL4	retrieved	250	1fdb17a865ebd8abcc4b712133baac77979a0cfcae81cfa0bd9041a7d30b9d31	
Q5XXN8	retrieved	251	9158a373a9253a41506ab084a5171fe8d3d29a40d365a95ec0abe50f0063cbfc	
Q5YGP7	retrieved	568	dcaa0838675feffd50cc39783846041a3562229e6a1193a977dca888c5b7e2ce	
Q645J1	retrieved	170	c8eba3477e03292fb8f6f039e0b2a18dc75fb6f9e55486ef72d338d5f137097c	
Q67XJ2	retrieved	176	5a9f7b0280386a9c962261309dc42f6a1b1dc5e646fb25ec05c951ec64b201db	
Q67XQ1	retrieved	157	d563741a2ca3d8e43fde016e2bddf115405db16e9d56c3d6230c56e00bc0c3b4	
Q67XT7	retrieved	189	8d48fada96fad20f665eb4744706b4752faac3065de96eb394ece42eca397ad4	
Q67XX3	retrieved	502	a09fa1c40dba6a05bdaceac253a9b36126f3a888a0c0c4e1115a4cdd1b0815e2	
Q67Y93	retrieved	191	9a8da28ada2211affd04673c11289bbf2686c45ed8c6c1823d1b57e08cbd8471	
Q67YI6	retrieved	411	e372d418a796e4d3902dc0e7931ba70a62ac62fd26e0c08386befc479f90e781	
Q67ZB3	retrieved	558	0d55c6127ba44a46680d4bdec75db4d2dfd2b0c964220cd4a838885c196654c6	
Q67ZF6	retrieved	224	b3d49be41fe84544c23c7ac558538ab8d39d58035a3b397fcafc40f0a1020eeb	
Q681Q7	retrieved	272	34acaab6bec705b60c28d8f7a16d2fdcca173f99aefde09a085fa03054fb994c	
Q682T9	retrieved	149	7cd8d1718c3cfc62f9559e8c994937eb931f95acfcc06f410a2f6a9c9df0de9c	
Q682V0	retrieved	264	5e1667ddd14f81c98b5650e1f26016f410a8e8e843e4653b54054214efb00866	
Q683D5	retrieved	400	b0e35c21dc2a181d4f4e4d25745d54f55419c7ff534f23a37b73be347d4eaf87	
Q6AWS7	retrieved	251	f0a6a55dd2f8b8a4223402d5c567a2ccacf13db41d7ee73f67c179c446f6d798	
Q6AWX6	retrieved	821	2e5f48b6fa02fc7d2072c083eff14cccb832fe02313fbb116de78aa80dadbf1a	
Q6BDA0	retrieved	1340	8feec348b47cf2830886587e4aa5fd53419386b06f2fc166b71cd5ce6762b7ef	
Q6DBF6	retrieved	165	b26f64c21d306c70638f89589ea23415c53fddbb157b273836c8ea871779f89a	
Q6DSS2	retrieved	174	276d96b8d0f2baf6c78995540332d6ca6b3e30a60e3f07740f6e84c112ea083e	
Q6E248	retrieved	76	4c0306fa500b06d08d9faae59806c42b79a2e3e559c02f2468abaeab8bd9d8eb	
Q6EVK6	retrieved	2193	21783538b9be53e9541fa70f5b87ed3db925fdc360bcad90393563a86220d224	
Q6ID77	retrieved	115	3b38bedf0328069d16815389406a75f5bee9bd39d9cb9375048f79809d814bed	
Q6IDL4	retrieved	217	b931d3d6c41b28a0e048bcef8d09a1164ef724f3fba3ec83a45a6ac490cb5b28	
Q6IDS6	retrieved	323	6b20a2fd330c75f9cfd3f7aa6e77e6f2c763487fcb89b9168d8d36b05945512e	
Q6J9Q2	retrieved	348	d43bf19c1f8f58d39de2f09e6ca4873037804e3b00611c98fbb81a47ff5a14b4	
Q6LA43	retrieved	535	f96ff807ed25cdf8c583f506373f51a3131f3df67eea20d02c943d4c6d6c8db5	
Q6NKS4	retrieved	258	40ac1cf44cff8c4d8328908b8e5825eccf9949f1b8a4af0f07f74399c7a601b4	
Q6NLB0	retrieved	237	dfaf09e6bbd7be92e611dc8f4d138ecfea2305e6e5005b3a56be90557be91ca1	
Q6NLB7	retrieved	150	f7b76794b5529ae1b1b7dc07790322d6ef7aafa1438b02df6bcf98323d172c49	
Q6NLE5	retrieved	187	08e5a5c49cc4d7e1323c7cecb55115baf4ded163fd617996b8ac7f63c2dd5b24	
Q6NLQ6	retrieved	538	c92d1b465d1703c7cc4b763d2a1e33cbee706fe184264cd1223a40f21a0310dc	
Q6NM15	retrieved	162	66bb59db22b1e47be7ebb5e55b84ec27ff2ce75f95dfe5f741ce203ef1d5689c	
Q6NM17	retrieved	345	9021c80240d8e54d603a47029feaa24b3ea8e914e46e0bb0f7fdc59813633371	
Q6NM52	retrieved	187	2ebf9b6c795e3252fdb5645b84e3ae5931d9243eb90704c7f530063a389cf6c4	
Q6NMB6	retrieved	344	70024c1daa98088637ad924b3a11c0c7472d507784ededecaa6d16c28ea0373e	
Q6NNH1	retrieved	387	13cdd3730060e00ba2a5ea0c52d994c50d2d7b7cffab664c26cbc9f7b3c710ad	
Q6NNI3	retrieved	190	7c89c66111e0b2c96b27c4f8bbca5b8ad00e6e86529baa1cee5118013effed3d	
Q6NNI6	retrieved	204	165f39437e914f13150eccb27204189fe003612dbb907e5299b17cf8e3cda314	
Q6NNP0	retrieved	509	fedae10982898bb6aff8e2b88a2dfad774ea46542812cb92ed8a8bbd2a594024	
Q6NPD8	retrieved	201	21481cfffa2e76f3e0abf25965e2ef4e4d2200c343575c2211fad087b55d43e0	
Q6NPE4	retrieved	292	473c01828233343a92e2a70bf557401ffd80c87958d1a6ac1aa793b2121b138f	
Q6NPE9	retrieved	246	695f75ea9cf37bc5219e87905c16ddd7d14b6226ce3d3bfe88b55c0bf9874e9d	
Q6NPF4	retrieved	219	1d019afb7540d93e36e0ba2c24d9283a6b489e43239f1f235666eb60699e9b59	
Q6NPF9	retrieved	172	f27688972d895d14a593007c4558cd3f86a5ff7e4fb7eea563c24c0851bfcc7e	
Q6NPM7	retrieved	163	ae404e665f0b80a9f99b2edb8a117c32c35d64c6e16b1e7f8879b039acdde309	
Q6NQ88	retrieved	557	c9cdc8d89db89d0ea7bc3e5b295f43fd315dcc64eb663de4bcd4bc82ad07c0c0	
Q6NQA8	retrieved	488	8978f9b8c899a05b550b1bb0004973af35db41f1ab6ccdb0959e4d96e98689f4	
Q6NQD9	retrieved	207	0a358bb3205a9e295c6c778f5af24f34118c767ce4c89e5b945634a4f170476f	
Q6NQJ7	retrieved	732	05e02083a3361390e89a5730e4dd5aa9980dacc4be1c1abd55c44688349d5431	
Q6R0A6	retrieved	294	bc998ccd03df8c85ea16ff915cdb5910a550afca8337eba48ccf45c5ea4762c9	
Q6R0C4	retrieved	249	1330ee9e310895e3e5c47e7aa407b8a8b75f3f7d27c2c5dd5b44b9237c11117c	
Q6R0E4	retrieved	390	28f796d4d202179fa2989466a4cf205dfafd42c11cc1bb454f8ddc756f640487	
Q6R0H1	retrieved	645	c7b100e8319922e8bcc8e4c43717e97431c42207360344fc449250009056600f	
Q6S591	retrieved	253	f028047e090f615d4b21efe38d742f811c47397e78a88a8a5e698e9c000f7333	
Q6S592	retrieved	207	6abdb81224e0d939079f1f069b50925a4896824cc8ad72051f9632badad5ba38	
Q6S799	retrieved	195	1ad5d4c84ed77103104e06d2b24561d6b03352087f8cd174ea04cb3266ddee88	
Q6TLJ2	retrieved	176	cb446b429dab24334be3127e12d542bba96d53858574f115a682653994d30357	
Q6X7K0	retrieved	350	ec38178e37a6c120caeb0245d245c8a45637ed60f8c72f339d3c37df78ff0f4f	
Q6XAT2	retrieved	967	cd561d0f38b87e4a686dd58236d0ad846ea016343ac454cc8f98fd9384f5a40e	
Q6XL73	retrieved	414	a655f6cba65692a2a0a36f6b9e48ab8e73ce0d8ad2cce26f6f2029dcca559c93	
Q700D2	retrieved	503	3eda691920af98b99a314ec7a62cbb8182120cb61b5f758f1ef578ac717be956	
Q700E3	retrieved	263	604b5cd280af64f4a51992cbb9afe29f55a8ffaca85cd5e4062c1eeedfc04d4c	
Q700E4	retrieved	358	3fcd1ec76c646e8f47327c391ad22ef533608330cd123f0e2bf2e840b0071ff2	
Q70E96	retrieved	484	dea9ba2b9faf112656954a8a7d92de0d83b6a0a46f13fb35ee18aa315ba396a8	
Q710E8	retrieved	809	a31185bfee2f02e1e88d135a2e24651537eff8a6ec9caa52aa4717b59c27eb23	
Q75QN6	retrieved	929	4c43b6fc35602a263407f6f992b15717e793cd54008b0f893d49d5897eaede56	
Q7DLR9	retrieved	246	ca9065815b176cfaaca1a10c04fa0751490a6eda764fc9ec72ba0b96b301f650	
Q7DMA9	retrieved	635	73c727c4822a076f56f6f5c4594cbfc28b80e7689354f7b536127489322f285a	
Q7FRS8	retrieved	256	648b14317128d8bd5dff811525f8a6d4a9233aa47fdb96b9f5a55f5c475f8564	
Q7G8T1	retrieved	398	6971fdffbff0c2f3a9f18ad30e36bea47cd4d48fed6cb9a2ee66924eae9ed9fc	
Q7G8V2	retrieved	206	f6689c15b343891450415a1f91231528f9d6209eae4973537fab61e2e8771ed9	
Q7X659	retrieved	787	c2f4818f1bdc3b8d12c9cca7a102acf0dfc2e9e2ed7415d5226894db3181c5fb	
Q7X6T3	retrieved	188	c72459780bc7ed5a37b7144e3efca23c3e8dc6131bac3a7cc21606a7e6292454	
Q7X7A9	retrieved	312	29083839a5c60050870f479e89d73eea4b618253495dfc128369cf778f6f7aa3	
Q7X887	retrieved	256	08d35579cb12587607f07c9d26e7d002878332650ca1f6feeaaad7b3e8157cc2	
Q7X9H6	retrieved	249	30f45b41f0252e4bd80e21c39b1e256bc07a16ebf346871079f3fa41f9bb1748	
Q7X9H9	retrieved	289	c0be53f3cae237003f1c94ddea394cda0137ea446a768e233c6fbc7a645c106a	
Q7X9N2	retrieved	287	2428cf509fe32203720c5eaee858673495c6276e948df4d8983d422f4f867823	
Q7X9V2	retrieved	2055	1053e0175ab543f197d1ffaeb2a15fe52af3d5cf0d96248470b240d9abe24429	
Q7XA88	retrieved	259	e4034883e0307d7ec7db532c1e95245f142ec19e18410b9d829c8bf28f740a59	
Q7XJ62	retrieved	101	354c45fa0c7d7ecfb786de6722d64e5fe4ce62989491db8e532d65f7ec39b92b	
Q7XJK7	retrieved	218	b4ce12ea2de9d17f59190c0306a4ca3eb2ee18ab5670675390da27869adb8e46	
Q7XJK8	retrieved	278	9ef08d6c4c80e9ee142489f729897b502dc428dd4fa824cfa9111b0f8c1f8f18	
Q7XJL1	retrieved	223	71f4d31623192d8d7c2d0018f820820687e9438267cd2cd75883b31e52f2eefb	
Q7XJU2	retrieved	149	936cb5ae32f844392f26d8c0f51530492216cd6c92c11659aee6ab704f39848f	
Q7XYY2-1	missing	0		not returned by UniProt
Q7Y1C4	retrieved	1155	6f8e542e87e1291939169325e42582f64393665b51ea0bbaceecde0c3da95512	
Q7Y1C5	retrieved	1151	42308a2820c0fe9eb2ac8ddbc581b1f4aa8a59de8af4823baa5aac6a5105c241	
Q7Y1Z8	retrieved	518	c064e657cee4565c655775a8b870db77cae585bfc8523e356a813be4b7223db0	
Q7Y224	retrieved	399	8119594e4c0b963a13fc6fdcc8d1e6ce7cb3f065909af8bda78119cd3282ea9e	
Q84J71	retrieved	463	84a45f1e1c6f0ca86504aa0dcec8b24517032a317837e6d15ccf2a5d3eed940f	
Q84JC2	retrieved	232	83c381052f295c1de1fd43ea7f4d21d6dd8833dd35e5d5ae285fdd5a83ac49be	
Q84JF0	retrieved	310	01d716cced70ad17de2a733bea03dfd94998a79a82f6d7bbd01c754df525db67	
Q84JF2	retrieved	236	2900a599b80669378ee76e1a1f910567abc04f5b5c0b297ae7cc3da05efc313d	
Q84JG2	retrieved	469	c8d5ef7ea06596b4a68371e2af5a683e0b173b5e34227affa5ffb25426fb59bb	
Q84JH2	retrieved	458	89fb3fa13a489f75154fbf43be608b74ea53fbe3a136743dd75b6654f3e20ebb	
Q84JI2	retrieved	138	9423c587414604a01234e1f799104edf159364970983688e79b2d5917cfe3b27	
Q84JJ0	retrieved	250	b9d882649520507229e280904c63f14a25a69b38fb98dca573b7ebda5bbd0ff1	
Q84JP1	retrieved	190	1daa860194766f77e40e4fe38328c348322f4901e5116aa5502a8e8b7ac92d35	
Q84JQ4	retrieved	647	1474b3446e5961cc79822f1bc7bb2ccbac9ffa996ac194b119f2b8eb0bc24ed5	
Q84JR3	retrieved	492	6060c8b644c88a23ee355a91eeedbe3dd131a6b990a2540fe2278d0d998263a9	
Q84JS6	retrieved	327	1ecc92f82266636198ad4c518f5b1379b05f3e163f7f0586163e00c305f147d7	
Q84JU4	retrieved	257	b24801dbfc93008da081f5e9bdb7d2235ca5bb5f4cb05a05db386334fd544209	
Q84JU6	retrieved	927	0e493281abba30604815c3c371d9ba2040dc994da7bff8a4681661d72ab82958	
Q84JY3	retrieved	238	f426539221b21e377a2d96f734f9c0dbb85de62d037ac04bb1ea2758ec01f3be	
Q84K05	retrieved	189	2795882d479bcc42362fd8190506aa6bf55dbf7459ac99c824df7a96aa840d42	
Q84K71	retrieved	521	21097ce4e6730d0147623660442c9a0163d54a77f619729a6e6a05c357254505	
Q84K84	retrieved	201	6659584945939910c0cf09ee867e0326c41fbdeda20c6860315109e46498ccbc	
Q84KJ5	retrieved	569	17639fc8691cbc7176574e568763802224b4cdf54cc6cbc9d4335c8f24afdbc5	
Q84L30	retrieved	378	3457bd16141ccc63d9c0b4c8a5f3683da76f89c8b3928158aa856b5357592f9c	
Q84L31	retrieved	419	84b8e6ab705a4e07e7c3d107b1d7f6e091b22d1e1b5aa395358f57a91d4624dd	
Q84L32	retrieved	368	ef88737f5449d2fec571d69490630ab464965918a7bff2cb6cd8934c98d44281	
Q84L33	retrieved	371	81b1c3ac2316f3033f785e925de5dcac281152fdeff49e7c922a33558b7022f8	
Q84LG2	retrieved	389	fe523a05f55eb0bef4283c7f22db30cbd0e5012de08672145663a306e2d2d857	
Q84LH3	retrieved	288	fe73f31b2bb9f300dbdf3f23c89e1b4bef95aa2310a2f447a103b92c33de9b26	
Q84LH8	retrieved	444	fcc35638f11c03da8ac5252d2323199bb563dbff4ff4e51adf101ba7b93120e7	
Q84M91	retrieved	444	f7c348e5524b92001f39e920b4427e28b93fe12eb82c357fbca3db86f07c8a2a	
Q84MB2	retrieved	361	9d14d49ea0c7312e847d10ac7a832bc5b278490737b3239e400e87e71298adab	
Q84MC7	retrieved	187	765a3af1c9dd187f7289eaf5dc49310ab7b08b58d1eb2b0f626a3babd711f457	
Q84MD6	retrieved	257	78ff0e91d2cea3af6781596b8c25c61a8da52d4b9cabbd825c52bf1baf124bf4	
Q84MD8	retrieved	379	e424d1559cdf71117e52269f33402ed09fbfe1ebc795649ce9aa209a47c19f09	
Q84ME1	retrieved	378	e66fdce90583aa992c2a9166288adbc89ffd33b158233eb43b76580f7e0df17c	
Q84N34	retrieved	358	32d111cd21776ca507694dd2127899aceb25adbb4d32735d2501c60af3f87cf7	
Q84P25	retrieved	565	65e79b1ec479f67b3570a0559460e972f22e35da61a9cd91ac500408d0c8de8d	
Q84R09	retrieved	233	04b22f49a4bfb39f818b39cccded618e955794df486cfed0082264200eda2fb0	
Q84R15	retrieved	1196	ac97b296bd1aa19f756fffd11dd82e29924255fc046e6219fbbee141f5faa80d	
Q84RD1	retrieved	112	8d689d3bfa3c09625ae59b85a7e36105906ec4b4256d2aecbaa17f626d4b3453	
Q84TD4	retrieved	275	8880c16b9564d7ed17ed77d9481a5489ba7ed5055a096b6497a696d5bd12430d	
Q84TD6	retrieved	359	9b8a94b49ee4e5670b6b6a1ae974493e39f435051098e554b803c8e25f9c0091	
Q84TE6-2	missing	0		not returned by UniProt
Q84TF4	retrieved	150	4434f91a08a440346ce72ecffc79722c813d94861719f6957adf2220d831a37f	
Q84TF7	retrieved	104	9449e6bf470dafc2e1dccc91719b3a6e33ae4e1529d150396fd24b8ceb868606	
Q84TK1	retrieved	458	2d81045e79ac41b010b556f1e966494000ad557a22d1f42c13699157dc2bd4b2	
Q84TK3	retrieved	152	d712e6d4de837908aba30994eef61212cad42f6473d2b243945d9c43211c5549	
Q84VQ1	retrieved	283	69b825ce534cb83a65a3fe4f921cbf98df9fe7dae3b595b842d0be6e9afbf2f6	
Q84VW0	retrieved	123	4db964920a3b8013339cf84ff39fff50164535d132367659f73ce69cfd42a43f	
Q84VW3	retrieved	204	4dadaab5e6f24e29b4d53a564efa08e9929e11d0ba2a622fe7f1943e5c84abda	
Q84VW5	retrieved	151	d48c3e63034e419231c1cc0fccd7d2e64fff7485dcb7975043c23e8619812b06	
Q84VX3	retrieved	626	d291fd6e77146cfbd59e01018801169b5b8e7159362df336f5921695ae2f4d42	
Q84W01	retrieved	121	e426b560bb9e439b69c5ff0d30b25b98677c8ee792b8a928ca9d6d5f7f0f9e65	
Q84W04	retrieved	137	17db6cd10a7a2e1c6eee6c2ad9d6237db2a2b439166fbf8105f5efaf66d80c3d	
Q84W40	retrieved	404	967f6990e3740aade32137d389760e8f8551e4284526b10198552aa5e0e091a3	
Q84W66	retrieved	234	e044ff68b19a638f5573fb0e1c30a5b71a124b43f5e6d967e4bd71743586c6f7	
Q84W89	retrieved	633	644851606e4c4e709c358fa688cf64636917fc11f8694b0a6489775926bacedc	
Q84WC8	retrieved	374	b0ae6a65292befd7d159b0b8e1f982dbf7d263b7eb9f77e1737a26dafd045de7	
Q84WG0	retrieved	545	e24336df4cc66f01407b6ce4d6f5641e08666a2aec0826874ce0a6246dca6611	
Q84WP6	retrieved	365	2636ec0b0afa40daa6819cb4c2c23aa52390a37f65c4b746d4d24595ffeb9b63	
Q84WU2	retrieved	1115	6e680910907e8e669b32a3d34c206da0f2df4823541c384b0608b9073f4d3864	
Q84WU9	retrieved	596	a06ea1c6395d940ee782971d12d164f670227c7f3e9b86eb1bd99162d0eee6a4	
Q84WV6	retrieved	635	27c019d9a8d5445ac91c5284a6e59f8fea310ef64fe3497987f48ca3880e1cbd	
Q84WW1	retrieved	422	84eca22e824cbdc461df6d01c1e3f6394e673b5e8f7a6b98285379ba4ec18efb	
Q84XF3	retrieved	610	d15103bef10a5ae87348f6568bfa0f91ca871f452797caec794021ab414fb2b2	
Q8GRT9	retrieved	263	fca201b7b3a530ff848664f104a4304a0401101c36592e5cfb13b757f3850fe8	
Q8GRU8	retrieved	526	551c4e3fbc190054f838fd1431dc909c6e1c612fe7c70552dd32d83f0159e069	
Q8GTS1	retrieved	227	f74d960ff5704457091009bf58cbc9aedd95a2bd37771a906f4991d4896e964b	
Q8GUK8	retrieved	469	1dad1f64f0ef2600fec94bbd9d0aef6f2fd099f31a1703e2800fcb84b60edd36	
Q8GUM1	retrieved	714	af89eea6295d300ae7b09e7dd7ea24573d5d55c051c1434bd6fb87a6f597058c	
Q8GUN5	retrieved	413	dacd517f94911743d93f66b67921f0b6b55ccd11f43980bd93323ecbe4c91030	
Q8GUN5-2	missing	0		not returned by UniProt
Q8GUP1	retrieved	734	7425afe2faa1cc31caf5a47610a7a3890bc2a079933f338a9749e6c8a595c739	
Q8GUU3	retrieved	613	19ff09f47defe91bf90aa9711513045d09771c46cfe32be61a130297c39e8905	
Q8GV05	retrieved	106	852642ccf4ec2490e5445fcd0617ad52cbf0fb2d7a5875884509f5be4e3a27a4	
Q8GW19	retrieved	311	d350f1b33c70a2fbe9a57b2d007f5c45881729a790768770d0f8c7e724c45b9c	
Q8GW31	retrieved	373	4c0ea5d439e5f2a3d917cd05db164b12ad5893ebc4d9da5c1d0e5372bfabcc81	
Q8GW49	retrieved	116	ee2f9efbea5eafbe48b74239ee904b55b73ec114028fb63512c0d5a11061762d	
Q8GW77	retrieved	347	5509c4c36ed1b63632117bf6af6361ae7cd196812b7338e0bfeda62d80fd602b	
Q8GWB3	retrieved	281	3378ecff8dff5fbd888594e51d288537c39f48bd01392bd0608d6da87a21830f	
Q8GWC7	retrieved	102	b6e781ba342703afb24ff04073fa6cbfefd8d44b5f8fb99b7f72b45e72bda803	
Q8GWD1	retrieved	170	120f68b6c37988e9cf22ad34dea7cc74ffe81d8f3480501f526a3f2845df82c8	
Q8GWE1	retrieved	234	41d421d9c2456ee42241c5142ccec6bfd8a2a31d75c061ad975f7407e383ddc9	
Q8GWE6	retrieved	413	f3afe7a8d303d3383f528b1df37c10dd0deb3d30e4a4cfa4a2a8f10d7968dd3f	
Q8GWF1	retrieved	289	2028985e5ccb6eecf645f5690a65d446a5956226a37f41d5f514ec890e522b21	
Q8GWI7	retrieved	315	11f739d1eabff05fd6f8d2626f6167064a13517fdcda7304805aa65a4f628c58	
Q8GWJ6	retrieved	119	f6ac93917c9733387d3de3ee3e341a2e60813970ee647aa3e83f535b01c52198	
Q8GWJ7	retrieved	645	ffd3641c38f269611826b1b797822edece5313a9e3d38448633b2655c1f124fd	
Q8GWK2	retrieved	428	68f0383da41570fd242b5cfbd239ddcc1e56ce882a4b71e8612a54484760d802	
Q8GWL1	retrieved	286	2c339d4e704e3f2f20e51d7cd471ef7ce853681e954aa5264f55e8dda6f4e62a	
Q8GWM8	retrieved	87	3c5042d4f550e1e6e3967a1dd4428648e47c6de646c479ba7ec56c2f1c8ddf80	
Q8GWQ6	retrieved	232	efe4e5a8848ea682bef59d7011a4116b6cdbb800513534aa06b95232fecd6b8b	
Q8GWR2	retrieved	241	5492c36b6fc46cada15a8f3b7f0f6362c1064c1f8f636de21066750c1a3957c4	
Q8GWT9	retrieved	63	1c6b8212b8f2fdf6905ab8b337a3311104058296385a1467e82f553c1c6c6565	
Q8GWU7	retrieved	94	acdd2e65f0560f905a950c731e127399aa07123441446dad43ce7d3fc2a79344	
Q8GWV6	retrieved	165	b7d618fc10ef9187224a037e8c484eb653b71aaa704e146e95eb4a324d412af8	
Q8GWW6	retrieved	342	726bcf157e893d469af0d96fac08a5967a3b69b802b2b1e197dffe35fef28675	
Q8GX26	retrieved	371	f6ab232dd2a8863f9703245bb2df44128323f4e47c6a95ced3c8295aa6f5afb2	
Q8GX78	retrieved	541	6edf925bbff86f1800fc987c99f3e0d79509c73376cebe2d2f41b427c98696f3	
Q8GXA4	retrieved	489	e33706c27e434be95e4b7ac1551753808e202cc014d3cef470474b9fd3188fd0	
Q8GXD2	retrieved	175	77cea281a954c895d4fb6fa00e76992ea3fcad5f0e0f1d8eeee68c659d14ca39	
Q8GXD9	retrieved	644	ef78f3f3ee7187c8c7bde5af7f1a7c42999d4b59b8e0d2c16cab6dd2f923d989	
Q8GXE6	retrieved	888	23a292604e6ff20a6aec863742929e23d1a7ea51301e90ceeefaa4ae7bdd4661	
Q8GXN6	retrieved	219	03ae8c0169d7f36e121f4e3de65eb2a4c2e69a02225da1f6f2fb71a04b87603f	
Q8GXN7	retrieved	298	9ca955c68a7d6b830b81743bbb9d4f7da53c2ce6db993833e9ea2bc494058c33	
Q8GXP4	retrieved	436	1415a428526bc7084f2fedd6b1d8c41b7b34ac472acb1c715ff37b18ebf271f5	
Q8GXT3	retrieved	454	d2900d37e479d36d1abae06ddf8b4d6aff2e49b4713b78c6ec344b40c82f115c	
Q8GXW1	retrieved	547	45ec5eb60db7dfef00bffbbbfe590704a416d28ab1206363017589ff4298ede3	
Q8GXW6	retrieved	482	51584a9990ffb401437106432c5db5c8aa93bffe1843af33f77bce2257c36453	
Q8GXX7	retrieved	397	97aaa1baab3633b4d935cd3932015e3973906fd84b02f9bb1a35c4b33bc2d798	
Q8GXZ7	retrieved	78	88fcc4f7792cce2d1afa222df15daf25bc6cc4a73ddc7fe1984d888194693051	
Q8GY11	retrieved	109	f441f7a4275094ce4bf448b5ae8369440dc31fd02895b17f28266dfb45a638a5	
Q8GY12	retrieved	231	9203bcd9b2b4bf3ae8539f0940d42206fae138bfe2a90515b66b0557f3e9dd7a	
Q8GY25	retrieved	268	3b67823f1c132c4ff9572b0394584b862a20e7f94ebde4f316d77214dfcaf22c	
Q8GY55	retrieved	315	7e15a44356acf8d75afc16a0f8eaa50843c0018758c49fb0e968d0f1d1125c61	
Q8GY61	retrieved	335	11f61725226dad3698b251a3898eec1eff46f8eafcdcc538f4f0344e987f8652	
Q8GY79	retrieved	393	168247aeb33b43d39f4af161346094be3565fc2af51a0ac7185444dd2d9b02b9	
Q8GY88	retrieved	300	a6b7e389bb93c04008decd7d07ab3d8d930a15e9832d0dabad659884f53c5391	
Q8GYA2	retrieved	278	2365a98e5cd0bdfb0691db3378db6c2fad68d2a37822a7c0c729eb5ddb6ef4dc	
Q8GYA4	retrieved	669	4041c98375f9ee578f7ace2312ab9f377d2c257423357d5c7492776d0b7b7839	
Q8GYD2	retrieved	230	f31000e31ee7347597ed986954ec55af2e2430e134128adc46972a5e7abb2f3d	
Q8GYF5	retrieved	622	9ca36600f85b0c628a34d2bace7a09431767d4ec97ad6962f011257adf71884f	
Q8GYG0	retrieved	376	6e2f8de690a0c71b0d28f646bd47d837bc51c63c8f0a2976c09326d045af2cb9	
Q8GYK6	retrieved	337	a81b4c772377eeb050ea5bcc309f42edcc54a10e80804625b4ccd960937fe00e	
Q8GYN0	retrieved	146	82e6c3366235fc5ce34f21e72cea24adcd8c15fcaf1e90ef1493210b037bf2e0	
Q8GYN2	retrieved	99	ee131bfb0a55d2f2c3d94d4c0e3cd0c63dd728e1f3794ff465fbcab775b31c9b	
Q8GYN5	retrieved	211	130b40f8ddb11745c95578b89a4a0cefc36f875cc089d7b50625d4f762b7b442	
Q8GYP4	retrieved	479	368a96a2505a604b3d8e9cc777e83700af041a4be9af9660fdd81b224c72f010	
Q8GYQ5	retrieved	372	ce91c108001f4a88e811aa6c2993dd00350d9978662e834639efb706479b997a	
Q8GYQ9	retrieved	453	266e423a62ea284265a47f35843f59f05aece8803bcab5653f15dae31bdd8075	
Q8GYT3	retrieved	55	3cbe096910263cc4fcea16948fa2d6a2aee81dcd963567532e006a62a6c2fa02	
Q8GYU3	retrieved	1465	5a5fdc0418f13c51f5ab3896e0bb4f900322be7838208dc0c7a90af7c2383b0f	
Q8GZ22	retrieved	240	57fcfbaff0154292088a018516f87bac174f5af6210c0518847577f76ad91d38	
Q8GZ99	retrieved	953	57d9e446a5395e5e44b79db9f8683dfa7f178b21f4f5b22b9290edd9111e9c44	
Q8GZM7	retrieved	478	6af6e9df478e8719cd3b6273ccb66de7b460a965efe2f5913d7d72fe3333f995	
Q8H0V5	retrieved	354	0f8f423f493af24e05bcb38b47e168590e9d5fdbbd7ed4530a831753b7d88d22	
Q8H0X6	retrieved	234	8d213095918ea9bd8d1eba93bc0b417178741de1b2eeb23a69e33133629fed1d	
Q8H104	retrieved	532	12334edb765202952516acc8cb4f76ee571166b627fabe1892eb39cec6430c9d	
Q8H107	retrieved	464	043118d6f1c3ba3bfd39ea24ceb9fecd7795677aab01fa894b7eaefacad62144	
Q8H115	retrieved	312	e86a3ca854733500b8a88c67cdfee0738e4a360a07b8bd7e18c20a31f7c924ff	
Q8H116	retrieved	572	7df6084f94ae28ff5b5f1945ce1aa72384f68373484f2eb1fd914469d5111a4c	
Q8H125	retrieved	597	bedf8b7dc99d09c6ccf3e11b0b70ed92de3dae27009de7448db4503f24af6758	
Q8H133	retrieved	525	e5d42b36e99a6a9044516bce73a33235c60326f160f79327daa898d6942d159f	
Q8H175	retrieved	522	ca461c4384869423abec33100606a3a61a20c9ecb001b13cd940f64707dfe59a	
Q8H181	retrieved	619	fb322d3caf29a893c0f6688b361de24ab6c354203ab643e6fe5c34979e89889b	
Q8H1B3	retrieved	675	50b5c21a5e8a3624eb01952dd003412a5247eef6c8e341992e58c6379f6dfbc3	
Q8H1D2	retrieved	182	8584b65900ec12bf5bb462cb56ecc6400a3bd34ea44ff7985892644f1ae35c2f	
Q8H1D6	retrieved	467	3fd831d04b6ad4db55901734264a201a3c071630ec1b8c7563a8a6b246b7c1cd	
Q8H1D9	retrieved	605	afbf4d96f72b2e68fa6cecedb398733ad7be7e9940a5abd86b006d8903295ffa	
Q8H1E4	retrieved	334	fc45fc63ce233b33a9b69abf0de0addc425462611415fa51286fea43b50021b9	
Q8H1E5	retrieved	783	1129aa268bdcd3dbb2988fe648a9450fe348fff89aafe55b0fe17b793711e4f7	
Q8H1F1	retrieved	562	30d182fc1996302d7a1ac00cdf18bd04cadfee83a90149b9847af845b65550dd	
Q8H1F2	retrieved	459	3a22c251e32fd0a28c331620f772ae29a164977b81ae15221d0bb37c37d94d3d	
Q8H1F4	retrieved	181	4f362fcbffc8e2d3efbf1e2e2d97bd07e1a33f2d1cb9dbd559b9ca2a5c7219fa	
Q8H1G5	retrieved	404	810baa283a026ba927325692331100b39d077f886ff469f0257d5df67a66346c	
Q8H1R4	retrieved	271	37d03439fe7a6019d7311b8791109bed60ad806b47e9cdcee262bf0172ede101	
Q8H1S5	retrieved	475	aebbc9b125fa896a5b76df074ca6c65baa10a8b26c20ca4e4161df9f2766e070	
Q8H2D5	retrieved	672	d2d0b2ecc929edbb9c6a6509128856dd0b8454e0eea6799411ddecf8b3036bf2	
Q8H7F6	retrieved	293	db3b9de67875b89116e6609630e224d9d39a40c22360ffecc7d5ee54845f0f5e	
Q8L3T0	retrieved	244	e18eb139592df6786963cb914ed9d47ddd23860a2ec5d525e180f2c6e7419e5f	
Q8L3Z8	retrieved	483	e258242f1bf870b38b47aa4006f5d91f04ebf6da9992e7d33e251827a0a8b3bb	
Q8L402	retrieved	381	b7f98fd7510b5d6fd97ab0a7ede26d13a5130d79847686eeb6a4d52cee168388	
Q8L467	retrieved	283	951555fd1f91591d4e38335b2f1d7e1e45c63ee89ce93a943e080dcefd725593	
Q8L4H0	retrieved	500	0f50f500af00eb99c496daef450d439bad3122092eca4c0ad8e196305737a215	
Q8L4J2	retrieved	429	e584eced52666e66263a8071e18df40749da536cd40d8f1ea6604d3be7388a55	
Q8L4R0	retrieved	350	9294192ea6f93b3dcce037f07ca63e78eaa593dbb6258f4fe1e21a4a134c827a	
Q8L500	retrieved	468	13ab01d9e80da4ea6c9ee6d7220904e0b1e44b2a58bfe403b87c265a1263f239	
Q8L540	retrieved	376	763ca7c6bd1b9f9a0bc743836b76c95bc0712807bf3fb6283776421a1a477ce2	
Q8L586	retrieved	287	2cde175d6be5fd57151eb10b6a25d79402bac6fe46c79ca497062dfd0cbaa27c	
Q8L5R3	retrieved	1254	5a4752a05c644df304a5f4732f5b966559cbcb4a550deef5762f19534cc478ef	
Q8L5W8	retrieved	416	151bf4ef6d88d7c8bf13f1a59c01754d39f417cc291ab05d531799665dd06768	
Q8L5Y2	retrieved	471	edb118730cd4720df9ae2ff9691db58a24b03d9128d1beb71fc8fd9f7f79c810	
Q8L5Y4	retrieved	1509	f0c70aab553b7b44f6ab88c3dfe57c98d4f163d8e689f4c8e13287e2d8a8cb91	
Q8L5Z0	retrieved	464	63c14e81423c45f0da95315b1dc591b6655d2657f3caef5c3b8500f5d09de95f	
Q8L5Z2	retrieved	96	3becec83197c8cf48ae40440c96505187693f9b8a4ffc79ae8342d60c9308ce6	
Q8L616	retrieved	497	ae7c97d3f47122f08133011935369054b9aa4ea3670367c298eaf44f2ff69b69	
Q8L708	retrieved	409	cb0679b97c50d7daa299bc28502f44dce9566acde722787a0a7795c2b50d1b42	
Q8L736	retrieved	467	78e90a52cd8fa387c8ea2da655f66ef6ecf3da9dea66f4ffe41341b2fb05be27	
Q8L746	retrieved	586	b27c64033a9edd9f4f13c8dc98eecf00f252ce10f0afe8841558ec203f872e6f	
Q8L765	retrieved	407	ec5269c739de2a0b25d75e59abeed3eed44c171d29bbaff9369514f30abb3e35	
Q8L770	retrieved	330	dcf53173e98e401b318d00bcb895aacebf312038d25876591395e294171e888a	
Q8L793	retrieved	587	55fac7ab945f8b17508f146f8cbb57b65bd727d781e2513ef99924d82ec473a7	
Q8L797	retrieved	262	f1970f43f3a3dac9a73adcfa691c95184411b67f4bcd88875bf7b45f55e5722d	
Q8L7A6	retrieved	73	b8fd751ae57f5fb9060152c84953571098b2962a431669b1a543b4aaabf78b58	
Q8L7E2	retrieved	98	107ca7cd4964176a9b6c20aa7cd06e523a161625838b2cef0bf6d6d925db9e7b	
Q8L7F2	retrieved	325	3af53ec5f4358e17f824439da03ddd33eb1c408d51a5527d77502a3726fe1c25	
Q8L7G0	retrieved	665	a0020bce72a59f88d741b4690c3c418187ce8372b9a015d22954a0f236e821f3	
Q8L7G2	retrieved	171	69d9ca3feeef108bad80a24cabc017a770d714fa22a2f2234b878f10f0cf3031	
Q8L7G8	retrieved	300	cbb9ff51d6b10aa0555ac86183a59661a6e10dca21b4c0aef970af5cc6d78be9	
Q8L7H4	retrieved	709	f7afdbcf8b7944d68d7546a189985e720beec21e4344828e97728a8b38001eb6	
Q8L7I1	retrieved	984	a3b5d5ecd72fe575ef1030f1b2e107b95651ea01d6c887dc39c7a56fb9f6f7cf	
Q8L7K9	retrieved	607	76102b963ea52d277e253fcd8a212dd07c95eef4f680b6e0ceb6780956a965d9	
Q8L7L8	retrieved	578	7b31b9510c52a16ddce8aaf3ed4f92144c2f60d1e8832616c644a48ec2b7bea0	
Q8L7N4	retrieved	343	a5ac0f92681311170d03eae652727013ea87d07df44c11007d85f347ecfddfb3	
Q8L7U0	retrieved	328	8a9890534cc9e978edd7aec65bf0a9713ea45674e067d246c975b089e9172203	
Q8L7U7	retrieved	229	e0a55ce74d939d498da0f92028e7ebf79a82214ef3745b1cca8a563295ecf8a0	
Q8L7V8	retrieved	554	a7307fb21428fbd9468e12b204d2de3c947c17be1119c30eb48b2f3825c3d943	
Q8L7W0	retrieved	351	4a2f2bbcc0249bc80740613ecfa8a8b002551584a7625b1f12dd7af7330d9b06	
Q8L7W3	retrieved	878	7ef7b28a9e2d2c3e58084809449f50fbb41181c874892dc59727982ecd951f5b	
Q8L7Y8	retrieved	1313	7c7649864bfb003c9898f8500cdb6a4962b3b0792a651642a2495639bcbf1b5a	
Q8L7Z3	retrieved	272	ec319bbf7d830a02be88ce1d8cd9e28b074a7730c850474acb81b91f84aa5775	
Q8L831	retrieved	772	b5f60c8080a3c39b4f92c2f224c46a27887fca021351eae675ef609752891665	
Q8L837	retrieved	397	7d492eb7c0082e0a2a9f1ef21f02f223c561c87eaa4012a533a69b749f82683a	
Q8L838	retrieved	738	f44d695ee95aa61f000df11c6f3511110005592e5fcc1f99d5b925a4ac5e60b2	
Q8L860	retrieved	675	302614a0abd3b56fded79c125daa6a14f80f65b788908de1aab0a7eefbf85d8a	
Q8L866	retrieved	776	528cac37492ed51539f6ad4c3579a9209c9d7f53f5a21376e57e7a4132d01047	
Q8L8A5	retrieved	210	ddd65be032761fe5711bbf58619c964e4dd7c12c1936ea12fd11cdcaf3196e81	
Q8L8Q3	retrieved	159	9db9f637668336b2ff9d7b2564e23c791205d868e6e97c9c2fdc3a96f52b922d	
Q8L8Z1	retrieved	190	436a6be05b91cae0893bafb5bd733626bff00ae5566beedf9f7939025726794a	
Q8L940	retrieved	309	de08b6d5979bd4af6d05988cea0cb0f20945f39bf693bccdea949548c62cc043	
Q8L9E3	retrieved	87	a25a6db0a046fd98f5eff562d82edbb16ed8f86b71bcbb3b950d65a9890a0c86	
Q8L9M8	retrieved	138	46a8765f2e70d3fd52afa9960c09548c1a707524055d8aa63eee97a0636a9948	
Q8L9Y3	retrieved	382	399cb32a8621d3af577f8433cf09785304bd23594301f3c938624173497c9aeb	
Q8LA96	retrieved	313	4af85748c78dc2647301fe74bfde0ec711f23bcbf6397b928443cd4591813da2	
Q8LAA6	retrieved	287	ae6d326140b5422fd5d4ed863ef1b442acb5bbf900d66b58a09b4f9ec816d2c3	
Q8LAD4	retrieved	188	dd67776f38ca960d87cf580fdfe64d669829f4e9bfd4086a65079a1616d8fa08	
Q8LAH7	retrieved	372	2813aabccae2aa2aa9b564d466422a5a83fa163dbafe6988f4a5f21450d47bd0	
Q8LAI1	retrieved	275	8c79645762d45b8b94b13ddece36c8f9d7b08ae1657f4a2fe3d7491eca205443	
Q8LAK5	retrieved	88	7c31c7124504dde5c01dbe826fe44bea440fa732fb3b73fcc3bdc4437a174eb1	
Q8LAL2	retrieved	269	21a7d5c4dae283b48f256553e4d9c8827457cbb84e5110b8daebf3a4bbbcb3f5	
Q8LAS7	retrieved	226	7dba0632eef8e0719e7e3000119398f6114d1b831b3f44632e492b61073692b0	
Q8LAW2	retrieved	372	c2e8914283cde28a2d0c60fe20182ff0c5d1c45d31bc9a286a48ea1f53b6449e	
Q8LAZ7	retrieved	357	f9c9f7eacf8b944947f0a286d1c7e887e790618607279c4188be0c54b4ec83b5	
Q8LB02	retrieved	280	d8f44861a610ed91ebd5ab9921d79e12581d3a256d65bbbbe09d793c989ee67b	
Q8LB17	retrieved	403	ff19c94b0e0f6cb96382f1a6de5c43ad9ec67c69b072a86af6aed26c1acea777	
Q8LB60	retrieved	221	c56dc59c74f8b83c7df80a500931686e21b7408cb6b992c4df32ac744e3eddde	
Q8LB88	retrieved	433	6cca5f317e6605c3e57c4c280247ff07e1ed7cb19df2a36c9d7df670ef11fa3b	
Q8LBB2	retrieved	424	d212e4b5a938dc94b52fb732b0d86259184130a4d5574af4cd16da8480d68d8e	
Q8LBC0	retrieved	317	3da6aa190cf779c7a136ba7649e51f08caa6b22c8304bbc4a9779b4010981a77	
Q8LBH4	retrieved	256	8e4585c161338ad8d5691df748bd0d5a86aa2cc399e6b4daf61434dc7025bc7b	
Q8LBK6	retrieved	169	de4abbb726f106aaebf9c4327c435a9722a9ef9ce6dfeae21c188869ec3d7825	
Q8LBM2	retrieved	131	187837c7d9a91affc8ae941e8b3cf8d7b7a5f54c82a0f5e419e5b0b7eedeac88	
Q8LBP4	retrieved	462	5947c159b09fcf31cc36e385c03cef83a158e67a6a0fe28d64dcaf6fb7937938	
Q8LCG7	retrieved	199	713f087664378501499d6593866f3f8c35d246d6f6dd5638cfc083e00463a8c3	
Q8LCH5	retrieved	154	f667366da3e0e15393cfe87668e4c6ddbf741919ddd9d2197c343000c554f8f7	
Q8LCT3	retrieved	236	09ebaf515a61a9e6705d8b1d33a4e260a869e259bfa0c039856065ad01c4873c	
Q8LCY3	retrieved	106	7fc1c44e0004251fc85f74e584dbe87e0b7e933bc1d66295cb091cfe235c63ef	
Q8LD46	retrieved	154	33bdbe228d858b3f5f95cf5811c2a0e7db885bbaf59191fa30d3a3e0c985f5a9	
Q8LDI1	retrieved	222	c8eef338430389ef7d18bb110561f42138e85fdb4be31222264c4e6c66691c7a	
Q8LDK3	error	0		HTTP 400
Q8LDK5	error	0		HTTP 400
Q8LDM2	error	0		HTTP 400
Q8LE43	error	0		HTTP 400
Q8LE52	error	0		HTTP 400
Q8LE56	error	0		HTTP 400
Q8LE94	error	0		HTTP 400
Q8LEB2	error	0		HTTP 400
Q8LEM7	error	0		HTTP 400
Q8LEQ0	error	0		HTTP 400
Q8LF21	error	0		HTTP 400
Q8LF48	error	0		HTTP 400
Q8LF80	error	0		HTTP 400
Q8LF89	error	0		HTTP 400
Q8LFJ6	error	0		HTTP 400
Q8LFT2	error	0		HTTP 400
Q8LFV3	error	0		HTTP 400
Q8LG64	error	0		HTTP 400
Q8LG92	error	0		HTTP 400
Q8LGA1	error	0		HTTP 400
Q8LGC6	error	0		HTTP 400
Q8LGD5	error	0		HTTP 400
Q8LGE3	error	0		HTTP 400
Q8LGG0	error	0		HTTP 400
Q8LGH4	error	0		HTTP 400
Q8LGH4-PRO_0000396851	error	0		HTTP 400
Q8LGI3	error	0		HTTP 400
Q8LJT8	error	0		HTTP 400
Q8LPF0	error	0		HTTP 400
Q8LPH6	error	0		HTTP 400
Q8LPI7	error	0		HTTP 400
Q8LPJ4	error	0		HTTP 400
Q8LPK4	error	0		HTTP 400
Q8LPL5	error	0		HTTP 400
Q8LPN3	error	0		HTTP 400
Q8LPQ9	error	0		HTTP 400
Q8LPR4	error	0		HTTP 400
Q8LPS5	error	0		HTTP 400
Q8LSZ4	error	0		HTTP 400
Q8RUS5	error	0		HTTP 400
Q8RVL2	error	0		HTTP 400
Q8RWA2	error	0		HTTP 400
Q8RWA5	error	0		HTTP 400
Q8RWC9	error	0		HTTP 400
Q8RWD9	error	0		HTTP 400
Q8RWF0	error	0		HTTP 400
Q8RWF5	error	0		HTTP 400
Q8RWG8	error	0		HTTP 400
Q8RWK8	error	0		HTTP 400
Q8RWL4	error	0		HTTP 400
Q8RWQ1	error	0		HTTP 400
Q8RWQ8	error	0		HTTP 400
Q8RWV0	error	0		HTTP 400
Q8RWV3	error	0		HTTP 400
Q8RWV8	error	0		HTTP 400
Q8RWV9	error	0		HTTP 400
Q8RWW1	error	0		HTTP 400
Q8RWY0	error	0		HTTP 400
Q8RWY7	error	0		HTTP 400
Q8RWZ1	error	0		HTTP 400
Q8RWZ3	error	0		HTTP 400
Q8RWZ6	error	0		HTTP 400
Q8RX29	error	0		HTTP 400
Q8RX71	error	0		HTTP 400
Q8RXD5	error	0		HTTP 400
Q8RXD6	error	0		HTTP 400
Q8RXD7	error	0		HTTP 400
Q8RXE5	error	0		HTTP 400
Q8RXF1	error	0		HTTP 400
Q8RXF8	error	0		HTTP 400
Q8RXG3	error	0		HTTP 400
Q8RXK1	error	0		HTTP 400
Q8RXL7	error	0		HTTP 400
Q8RXL8	error	0		HTTP 400
Q8RXM5	error	0		HTTP 400
Q8RXN6	error	0		HTTP 400
Q8RXT8	error	0		HTTP 400
Q8RXW0	error	0		HTTP 400
Q8RXY4	error	0		HTTP 400
Q8RY08	error	0		HTTP 400
Q8RY17	error	0		HTTP 400
Q8RY18	error	0		HTTP 400
Q8RY37	error	0		HTTP 400
Q8RY59	error	0		HTTP 400
Q8RY60	error	0		HTTP 400
Q8RY65	error	0		HTTP 400
Q8RY71	error	0		HTTP 400
Q8RY74	error	0		HTTP 400
Q8RY79	error	0		HTTP 400
Q8RY84	error	0		HTTP 400
Q8RY99	error	0		HTTP 400
Q8RYD3	error	0		HTTP 400
Q8RYD9	error	0		HTTP 400
Q8RYE2	error	0		HTTP 400
Q8S2T0	error	0		HTTP 400
Q8S307	error	0		HTTP 400
Q8S397	error	0		HTTP 400
Q8S3D2	error	0		HTTP 400
Q8S3N1	error	0		HTTP 400
Q8S897	error	0		HTTP 400
Q8S8A0	retrieved	156	834f64fb21c253335e75d07ade89448c971caf22cc724207416fbd3216183542	
Q8S8A2	retrieved	401	839266155d50ac413325b9c196ae8d50a8cf9cf0e49b336771eedea3c73a34d1	
Q8S8E3	retrieved	215	772f40928b5ae52e5f007a3f1a669334e3d28334ab905437b900eafd358aa5ee	
Q8S8M9	retrieved	256	245e1dcb7cd5a1d1ac18389255288de1664a39e87d50e69e9f15f436e63bfe26	
Q8S8N6	retrieved	148	888589bea54f2e0bbb341b6ba33547db432f5513359c7e5d2b03c86fa1da9038	
Q8S8Q2	retrieved	579	c79d395f4f8d625a589fa7f0da32f635546e82bd473487e431122ebb63901427	
Q8S9G8	retrieved	801	2e389bd832f3d833c45ad52d628710adbd613a6a6807f52a92f535eac1dd5268	
Q8S9K8	retrieved	275	e61069254450f5c9125dd7c3c2302a0f16169c9a0b9850e5ff26f9752ea56a80	
Q8S9K9	retrieved	310	4338c820452a2bc10aae2a4985534e78f54fb686dd9dae2ba8ae042d5bcb28da	
Q8S9L7	retrieved	317	b2a50f719a9b2b9f5d25f7601cc7443fe078a54c41b1484c44e6cdcfe697ebe0	
Q8SAB7	retrieved	1830	81218e0b27cd6d6501f67591e2f7619d311d06d4a5a2a9b15c166213c19e392c	
Q8VWG7	retrieved	380	e08a0e2bc498c4e3d7b0042d0ebd829825b15a626955e529abf1f03267470800	
Q8VWK4	retrieved	300	947d5e6b53170e68850fb911e8ba594253713585d2728d9f8f611d933cebfcbb	
Q8VWQ4	retrieved	195	a3d6f201bfe223d7e6b802d6560f4f9e2e9ccce7aa9385e4205bbefc214efce5	
Q8VXU9	retrieved	278	98fb6b02fdb67b7487411c978340d40d567e3e262e9b036df8d7951314af1f0d	
Q8VXV7	retrieved	844	31da0269c28ae315990a2c4505f1e5afd29ba63af9c6e1ab165bc9fc79099e0a	
Q8VXY0	retrieved	186	a709b18e23cc3eaf72d20ac19c63038f753ed4171b14d1aef8dc27bc7da27608	
Q8VXZ7	retrieved	437	12978bb55c393be8552b417f51da540a6021c825d743334b827295beb65a0b42	
Q8VY07	retrieved	560	bfe2a80b993d915d69aa27fad4ea17079a8b4d09817d90866fc6d4d0d82186d1	
Q8VY16	retrieved	819	e965165b5174bc53d4aa1d02d27c69b59b1cf605d1f5aec71e3b435d5ed5c3ff	
Q8VY20	retrieved	475	fd41a58df3a76fe442607f2eee8c5d45b0d187232f878f04dbe54a16dc9365e2	
Q8VY21	retrieved	406	1f475032fefbc755b18c0d17311265422fc8466fd46e3f7e8fde0dca4c250200	
Q8VY60	retrieved	178	e890383d0eb465576fa93ffd5c9b5d5db3d9fb266b25fc9d310357d97e1a0123	
Q8VY89	retrieved	558	db08a18c37ded69456806c11b6ecac966217478e49d1294a392b9cd3f605a680	
Q8VYB9	retrieved	840	15179dd9ce5e190236b92a3a8d8321f917d54368593db0a32df93858ae80d76f	
Q8VYD2	retrieved	386	608a1feb9eb582caca3c559da34e06662c087c5077dca7ccb53c73332ede5020	
Q8VYD4	retrieved	867	a01cebe4275a65ef7c0c975c3206432526c9aedf7b8b60d6d74e0968e15865bc	
Q8VYF7	retrieved	238	cc8cceda384cda8ac48ec4e73569c8589e72c8290850ed512fbfa2fd4c13b55c	
Q8VYI1	retrieved	260	825b735b7b6c2e81079d5a092cf1ae0bb36cc58b3756cc1a69cd38c93f132477	
Q8VYI3	retrieved	309	b38e36fb9efe219b363004566e468f41225f98d67daff7284781f3bb0f9ab95d	
Q8VYJ7	retrieved	964	373437559867a56ac5d2c0479a9e97182a1cd617db645e161087fa90605759f8	
Q8VYK7	retrieved	121	fba8dee7b1e6f3affe709525189b80ceeda5790001a318b3ec06c30f94120912	
Q8VYL4	retrieved	546	a34ca70c4a6c6f3c5bed97849bc658a64e2a07578f53af3c6161e7d6e059a0cb	
Q8VYP5	retrieved	307	f323e26544aae5eee0885144d6bca2df4fed37264a1a2fe6e5def59b00bbaed4	
Q8VYQ4	retrieved	348	8cdc047bfbb34e7711b3e0efdb0f60f5157debae6153026ae1548bb5c7e78bae	
Q8VYR5	retrieved	444	ad3155b240e15bfc4b7016397843a12952f96fc4864d093f9bc4d597b33a487b	
Q8VYU8	retrieved	396	953d5e2428e86fab6187cbf819eefc63afeacbf837e5708fb1a3db379773a1f5	
Q8VYW7	retrieved	1180	30a4895e3e69e3c69a30fbd05c15176094946546307c475993e272de5daf5e9d	
Q8VZ17	retrieved	790	0f5b9c20d6d960d2f8d5eb2de868ccf60c17631d4d545867b2b38f264cffeb9a	
Q8VZ22	retrieved	301	5afe5162fb4c9b1156358f6ce8a67607414987cc91a1e09849fce578ceb878b6	
Q8VZ24	retrieved	287	c4704970120c45ad7850b42eefd6d25c07db466e8c9b2f33fefcd635a2d8c7cb	
Q8VZ38	retrieved	299	2819128e7a45d263e9346a2225ed7f50a5a0ef2e8322578b77ff80517e6ce5a3	
Q8VZ73	retrieved	296	011ce698fa2c93f0ef0c7d89401066b4a635270104bb81db8b9619c9498f035e	
Q8VZ95	retrieved	256	1de9c2f523abb2fb229765ac71ffd2b2bfe2a89e3a3454d1d9dde17b704373f9	
Q8VZD5	retrieved	410	30e89e86b36d0d058f8afdf11fcc08fca4922cf0e2042f83c65819d1947ad84e	
Q8VZG8	retrieved	1045	bab5b54161104bfd2e96b19fd1757f57f098eb115f8d1aa134e63f951442d1be	
Q8VZI3	retrieved	281	eabbecd816482f6ade37a24f3af544d5ebf82a3d6e9a42cae0171be922362eff	
Q8VZJ1	retrieved	379	62a3f11fbc5874cec2deae77525781497f0d713e9119f928257db0de09ff22f0	
Q8VZK0	retrieved	267	8ddbf50e50a828c8817861b937d286c7e8b48bc9b1ce5b30803b16a2bce422db	
Q8VZK4	retrieved	185	47756013295d41e94f075edb980952ae1cdc79f5997b2342fd99970f5915e604	
Q8VZM9	retrieved	159	566de6f9d4c729b7299bf034864eaa585a8b96c0f272aa96bd8e4603168d8d3c	
Q8VZP6	retrieved	497	b5f92dbae82bbd2feb25ccdebe081efd6293a6d46df6413aea3bf85adb9cfab7	
Q8VZR8	retrieved	496	1aeb02c274dafa1773157658bf2710f077321acb68ad1a0477a6e646632bdbbe	
Q8VZS8	retrieved	221	447fe881b02c8e6cce0606e991efa9a105b60898c97143504ff980caff360c46	
Q8VZT3	retrieved	462	03a68e1e5b126d7b3445ac977c72b4791741c0679f7ea77f0f6f6c9188fecfde	
Q8VZU2	retrieved	304	ff48c12eabc2849127c545bb3592ba2315ad69b34f548eebf8c60cbb5acc5e8d	
Q8VZW1	retrieved	296	bb87dd2661de8d7a8a18af86c9a295f7348d5462ccd7e63accbc37fdbd541d9d	
Q8W0Z6	retrieved	613	35aeb58291fe49b0a8b827119fabb5093a5d472c24aae98b6e794c40a97d327a	
Q8W115	retrieved	209	28cef2efea87b6b8ea6237857c7ec016606d58c4b3a110280abcb8b9b010cfe9	
Q8W117	retrieved	511	a7b739ee19c2d3b0af7026d3176b74a7392b3dac2158097e19b53f6c6817b442	
Q8W234	retrieved	877	27d52e48089782130e1afca5aedc8a59102373160e913e1889a32f86392b667b	
Q8W245	retrieved	364	2b1ff1e9d10fdfde68763c2ebfafb9b6d6e2e13032f5a1837f35a20206f4a77b	
Q8W2F2-2	missing	0		not returned by UniProt
Q8W2F3	retrieved	430	9db61455664bc3a7cac7428a5cf27ef8fa3be5f9856c5931e8ad92ce088c9295	
Q8W420	retrieved	611	d69c174860710bec9f91b8eec94c4685afe30226ac16c9de2bd62369a4ee5cce	
Q8W470	retrieved	111	495bdae482f7b7c18a6da996ce653b268dfbd4588407548b35b9bf6a228da057	
Q8W490	retrieved	470	f75ae7da83b531ce754fdb551e36253723b78a3349d4084d0796727dc79d2dc0	
Q8W497	retrieved	589	c9bd323f8d43cb2bf36aef182bef192745a6bddf1753a34f251e52763223cdd4	
Q8W4A3	retrieved	253	9f44549f6a01772d6b581c942ede0a144a06c95edb68998211f0d5900564da53	
Q8W4I4	retrieved	782	074d5080bfc6f981fc6eb1d446cb3636a3e60f0e220e943a3ac7a996f630b431	
Q8W4I7	retrieved	528	8af9b971fec03e6f9b4a285ba591cc1f9357c6df3ce9f353a9d387a15b7e519c	
Q8W4J8	retrieved	267	bb86b1323155ce0b2306559c5db181aee2c3eade695298090ef4c9ea17a89336	
Q8W4J9	retrieved	908	dc1b9cc4d76bf4be8eb56e9293acb1339d4415581978e89f8191510cd4ce05de	
Q8W4K5	retrieved	498	4069a2240e41a378571c77fa54b257afef88e4a05d98ae403fe70cd1d52c0078	
Q8W4N1	retrieved	563	33879c1edd71c4475e471714d7a1a55adc91d736f8db3bb47f323c1c58cd7a92	
Q8W4P1	retrieved	513	ff4600cd5921c99396953b12270b1ea5cc974a9a46ca2b39e8ec4c379f3b8892	
Q8W4S5	retrieved	614	a812956ee7bde7ec7a909e15b12a72f835e26c6be4b575f1a6e8f432047c245a	
Q8W575	retrieved	429	bd0101a22e741e3d1cdc114a77926c07a13962e27344260e534361c275449224	
Q8W5B1	retrieved	440	e2ae15a05a71a25fe98656fae23eec76f48e84a10d3d4344e647087ca2ab0c0b	
Q93V43	retrieved	365	69f878d782003fb6e73ce3b70f8d44f86e2aa92541ce652ce0aa15e40357197c	
Q93V47	retrieved	100	d2cdf05966bb6b111d0d84fb576b29a5ebe87b2bbd3c30f5893e44eb2906aea1	
Q93V56	retrieved	212	3ed534852c2c728044a53aab717f37ef4c40902249983ef50f124619d50cbb35	
Q93V62	retrieved	250	567855e5c7e72fbb73a527de1ed7f793e53a362c34a0308d32e1d3f9eec63a35	
Q93V99	retrieved	743	0a70eaa3c1c477c7169e1be0456adc9c48dbec89b0d986f5c4bd2b9611c47f9d	
Q93VA8	retrieved	350	a8695522a8085c1f6fedd92f96ad03358f3c3079db61ae2c28ec5763aa44d07b	
Q93VB4	retrieved	418	90a05b4c3dd4515e5f567c815381465c51762670880a88485e935c8b8a09380b	
Q93VH1	retrieved	280	65e98d75c4ba4ee36bbe43eca327d5df686287d154117e268df18f4c5ab2b58b	
Q93VH5	retrieved	287	c241c470bc6a53434e080fccfba93d1924b920341282804921d614c8ce1eaaec	
Q93VK7	retrieved	178	baf81302e915e7c3830059f2d026bb13effbc3a538b7c109f8163943c03aeff0	
Q93VP3	retrieved	159	fe80291c178d23aa048868cdf1aead00d5a0bec55b08223c306014aafef1397d	
Q93VP9	retrieved	411	34dc9ed0990b725514ee4d7d7a5d093b202a8b6bc9fb2bd9e3690b4c4ec2f819	
Q93VQ5	retrieved	216	5dd2aff976e569193ab4f210450b9d35eae33500966d61c33e10da1a0ba35e54	
Q93VQ7	retrieved	136	0fd59dea44a4b4f9f486e5c9eec9c386b9018883b03ba95dc37e2a97f8f417d6	
Q93VT9	retrieved	220	501e2a72a762e1d85736c9f45f85eec9c4276a4b8e753adfa927adf16bc28bd9	
Q93VV0	retrieved	286	ac592b323a03b0d6dbbab4ae70cab3a4d3c47d8e37ed4ab888416538d29cece8	
Q93W05	retrieved	139	9b3d254f8c395d6f9bcc57d1a00649b6a9414104e114fd52015f323b3b42eee3	
Q93W30	retrieved	109	2a3c118fd8957222ac58b0696fdb520e35d3d8c696a858c86f18f7508509a820	
Q93W87	retrieved	202	01b4a7b053f63b6c539a6fb51a37c5915a5526aa0ea38de1158187e0d56b8ca9	
Q93W92	retrieved	164	9c0d009570a665d64e6a8dc53d02d634f4a04e4380d410de530996c10ff91090	
Q93WB2	retrieved	220	97e604a1b1a64a03966c0110916389c878c9a9891103ded7c42212f5b26bb087	
Q93WB5	retrieved	153	7815632e2913fc9501c86ed4f7e0d5ae304fcf31c0ad29e66153688ed7c4b664	
Q93WB8	retrieved	321	eb7f69bbdecb93b336755f4941d86ed21a532c202e71adca251ea59eecf52d00	
Q93WC4	retrieved	251	1b30077664463d643b324050f395d1aea88c27926df06ef8ab25294083499681	
Q93WJ9	retrieved	403	db02b23e6353035dbacd6b6086a9ddee0e99ed642161469ccb5827251610fbbe	
Q93WU6	retrieved	330	4ec80173b71e6e82872b02a75e8e5dab6f0b555240e254ffdf6ac6f394844f23	
Q93WY4	retrieved	218	93ef15a6d83f2d374bda34064dd77c4931f75cbe8e9c0a1b1bcaef3840e0afc6	
Q93XM6	retrieved	481	938e16c7a64d5ff5e5e9d32c3e7311f11287a22ff31cf21cb1c24a5e39492963	
Q93XN8	retrieved	423	22fa71311c08a4219bb695418f73f33c2912789b447845b7910005ec43b113e6	
Q93XW9	retrieved	306	e8c402070f8f2cfb1cdd5180765f4c1ac8dbe5b5029810c0aad7bfb4d2af8d13	
Q93XX0	retrieved	347	3b28ca0069b2f4c6d564b450ceb9c31c44240aea64aeba43bf9c886924f42abb	
Q93XX5	retrieved	426	f6775443ff9d7c06c3503e06e4de684b87c168e14522b3549236142114a91c96	
Q93XY0	retrieved	60	14d582130ecbaa7b06e4be3c1940999f2eb6bf210abbb01b068b1427c3fb84ae	
Q93XY2	retrieved	264	2630977f900f199fa8aa1bd9e12039712f6288a0d0fdefd606b6b2767e9f51e5	
Q93XY4	retrieved	302	6f1c4c5306cad7a49b6a217077a5f97fc560e3b45562e800e60f76ba18090f7d	
Q93XY9	retrieved	123	6565bff45dbed6b9bd0e5b1955471084d643ad21476dac865e901a66030d1d3a	
Q93YN0	retrieved	187	4036287c16de8c3c719a91e4725861be39369d7a4cace1619232b62cb04911c1	
Q93YP9	retrieved	488	020da3b7b5c70827987d802e0537d839f7be43feca0fdc9531f9bba7ebd8f3c7	
Q93YQ1	retrieved	1344	cc4b5e621a15f86c02ea5fd5d6794a60fe92a8d987517dade2f402c0c41d7aa9	
Q93YS8	retrieved	394	f2dc10701d1699f847e2ef7ab8af285d60629ed866af21d274cc3fc608341230	
Q93YT1	retrieved	912	3b3cbe486905470189746c5c956172163a83d4c6acde6f19eb0c2bacb2bc8423	
Q93YU2	retrieved	497	7f88d1b17b6884eb4c4527c89a960a7944dca29e19dbd14828f0d96eb3e5f813	
Q93YW4	retrieved	532	f422218a4c398196cacc8f8db1a79e33f5bb0c8cbf4f7600db7cdf5a77582709	
Q93Z00	retrieved	489	2b2c0e9f1d8f78c481974d55d392eed7f62415d81d03c34a4b71b4df8cd890fb	
Q93Z08	retrieved	477	6910a2d2ab1a45fe3153a65e680b1c1e45f10bedf7df57a9964d46fce753b781	
Q93Z27	retrieved	204	fa4d2cf850216547c3d598e2dbad787e7f8240169e44d1f851e36e12dc27d733	
Q93Z30	retrieved	459	ab33fe667eb7abff9d434230c34aea5b2a6ebcf52abd6dc41b790f598909f24a	
Q93Z51	retrieved	196	1604766dd56742ce85e78a63d39bacd0ef7690d1de0ae40e1833f432f6b90a86	
Q93Z81	retrieved	459	16d7941570dd50619739f204eeb29e7b596cb43a517ea046e23e39ffae3ce6b3	
Q93Z92	retrieved	390	dd6c3a63feaf0cdee9123631279240241145dc0d6b13a7ec9d7e6ee203b11f0a	
Q93ZB1-2	missing	0		not returned by UniProt
Q93ZB7	retrieved	620	9dc285351b54cbe148245c3f704251a0b0717436e55ba0b2bba791afc68e869c	
Q93ZF6	retrieved	153	8597f54227dc532a63fdb356e581784187d0be872918cfcc5611d2c465856657	
Q93ZH7	retrieved	461	03ce90ab8cfad02c2ac9068caf8254a2825ec7cca9cef926c3c937b27db8ae43	
Q93ZJ3	retrieved	100	95397cebf7b09e9e60f555aa1c8ad581b1994348ec7257f72d2df25499521284	
Q93ZJ9	retrieved	605	a7a355948d2a21771e7162c0cd860efaebeca9d79978c87f258dd47ecc670653	
Q93ZM9	retrieved	197	997e582a7541f35e469b5d99a6e79721c51685875a9b1268e21e956d8bedcf11	
Q93ZQ3	retrieved	384	4ba86f6e59aafce70da914e7ae0d82a590a1efd2c7892dba66fd59e6df37aeaf	
Q93ZQ9	retrieved	312	6be4dfbf88ca6c69cfea782f994b574a21b86159e74eb0b0d95714adb89b83e3	
Q93ZT2	retrieved	154	6b9de976203811a112ecbad9065abf8f09c672bcb7d13239c1e0affe3178d399	
Q93ZT6	retrieved	780	bc0cbc8278c6c04647961470b57908c50bfb933ed21cc75207f46860a95dc259	
Q93ZV8	retrieved	605	3e21235472c0edbc6fcfc2d39c03fafe32bf245fbb0c6c9149d698928076487b	
Q93ZX1	retrieved	339	c3a8c021140fb4ecd867510aac58da525036c06a4a18647c21366e50ccbff971	
Q93ZY2	retrieved	548	cc250c3e8cc9f780321c22bd8a810315c1ce685bc1505de0e84d067b2bac8e21	
Q940C2	retrieved	360	be1d07c3a208bdc213e6cb1b0e13334b7bd0e41351ec8d682a333e07e1bba708	
Q940D0	retrieved	690	5bbff229a7fe421e8a6a582515e09a88d14cb6d83460d705fdbb114cc80bec24	
Q940G3	retrieved	127	b085737bd09b2a56ad826854501eee93520ba8a5a1f5f166bee26e47b72ee380	
Q940G6	retrieved	344	a9c4a403b3748ce47a20f5e48a3bb68fedcd61714e18c31da16690badbad006e	
Q940H6	retrieved	362	0dda7fdd123b25d97379afbb68cc62635ad4500e0f97ef7f47c8ff0033a284cc	
Q940H8	retrieved	532	38526b9a91caa54f6e16c74254ccc7147aec8a47d48c7f8d3cb62aa729ea1624	
Q940I0	retrieved	439	d595c28f3374078260939c8366a9f4af92a107e5a4f6414887f268270154a151	
Q940I8	retrieved	394	71669228a578b3f2d8a68ad43297e13f4c37cf920a4dca83c1e655873d262989	
Q940J1	retrieved	294	502de12777d19053963a1d1f857ddc99f6c52ab3d345a0587579bd86531ecc7a	
Q940J7	retrieved	140	425dc9f95b1fdd4d4647e97f0402e2f20f3764fb70b15e65fccd74b3e00e9b46	
Q940P5	retrieved	221	59b49450d08d5aca49431024110d8a808b04e5e398e41c10493546cfa2206beb	
Q940T0	retrieved	417	4a8e3f572d0f4b1ed97fd3abf009adf51281757facb201259cf781f0bbb7bca8	
Q940T9	retrieved	362	d12736d6d220794b9b14cbae415e44cf4a780c6dc512fcaaa4fe3b646f3798da	
Q940U5	retrieved	297	2c2f063dc1ef8643822777d3557c5309997593f33a6333390779d6cf0bab9f7b	
Q940U6	retrieved	316	7adac272a2071bbf74b8cb8bd31ce8e0a30561721e53d3a62d5ce409d7f61387	
Q940V1	retrieved	447	a906f394cb7ef83a446bb270fd26e27712c29c0a1d9bf265e7c6399e96b6902e	
Q940V4	retrieved	465	663e29bfff5166482ad186530f550c5757eeb8201d6ff9f64b9098e676e6c9e1	
Q940X7	retrieved	118	b17866e928c4a51c7f80f60ca5f802b23ad9be5c475cf68b7d439ecf35c02e69	
Q940Y1	retrieved	721	5cb4922bd97379e5eb51515030399756073ba0466e5769679433b35e71ed30a7	
Q940Y5	retrieved	619	15fe0092ced5ec06c4c55a6eccaa5976c50c22ea14c4ea59b97708ae1e09a585	
Q940Y6	retrieved	471	8889a4c4c6a96d7483f136e22b0ce601f60411d44ee320ffbde7c7d5d3dedb2b	
Q940Z1	retrieved	316	e3b65dfbe122154e227b73e84f4d3fda45fd7722b89fb19554afc2382c30f939	
Q941C0	retrieved	105	de6dc3e64ed50846c97b1f50a0fe1ad5473974bfed9ba4a4d050c0fce04f7f70	
Q941C9	retrieved	369	66ca559f63e3dbede6fbcf6f0fc683d82d8d438c32f5688f29c4e6193fbb6606	
Q941D1	retrieved	149	1fdae8ead82337db87f580150fcd69d55fbbe74bfb818f7b43bdcb5b42eda5a0	
Q941L0	retrieved	1065	fa5b7e97df848c9950d0fa61a89572bebd8075fab917e9a29ad87ffb1aac4187	
Q941L2	retrieved	192	a99ae78e04eefc46385b9e9f9da61d9ae9afa9fd93565109b3203fa0b0b6dcf4	
Q944A6	retrieved	487	3446a095543159bdc80c4d38bf8ed31a26a5f81ea16991e979f4dd53b041b289	
Q944G5	retrieved	636	b116da30c5bc65032a05a90e598e3893b54c6cac0a5b9da0c7b0fc03627c9ada	
Q944H1	retrieved	388	c8410fe5412f3a1c97182cf1898d83a78a5b76dd6b9031e93908d59dcab09cd0	
Q944J2	retrieved	401	f1a04b3aa60125ccf4c401f1a61eeb263d49340532949a141e7aa02e624f03ff	
Q944K2	retrieved	437	a38e4362c3a841cf6d871682f03c506a12396d3b62ab132fea901e5b23f5b2b3	
Q944N8	retrieved	418	b6ea96e51ef77cd35fef7c732ea9d473f73f8b84ba0c1970192314338689dcc6	
Q944Q0	retrieved	563	fe4c6ad99721957fa9233ee3c7093304bbb92a9558fb4536e0d1e06945274166	
Q945F0	retrieved	543	a9153bf15efb653b71326be17fafa7c9b9e4fe98066c7c5febaeb5057a57373b	
Q945K9	retrieved	247	09bc18331ec6fe7e2887d848db51a36c603989a90e16def38c9f97827e88d022	
Q945M1	retrieved	117	81ec944a8915b471d9c20c9cce40d23472fe27621567dd3eff4bb399c6a56f77	
Q945M9	retrieved	303	e35b2f2a3cb54474f0990db66b8848e7d43719e0eddf12a84542092a6d555592	
Q945P2	retrieved	195	5c873960e917ce7b37c0ee860265163799bd8179a3b1d257f7dcfcd5fdf5d4c4	
Q945P6	retrieved	245	f9dd38a336414e4538990f4cc0051c7f75d939fb68eb4ca7fd3b313a27256a8a	
Q945P7	retrieved	294	a7e5672768ce5a492d0e2222ee735423544c84603a56ff2e8ce8e4a5419b3b95	
Q945Q1	retrieved	101	a46c384d6a5a63ea2dc97a6d9a5dc8f055e7eaea0e6674b749eff9a89ff91377	
Q945S8	retrieved	363	8f15ae8178b7d4dd449327aaf7af41610f469cc5e26d3fd3c6dafb89ae1a9f1a	
Q946Y7	retrieved	245	d0a6afe7f212bcc3afe22bfd87080992b2bf995cf48cefe876b8b34796fe18e4	
Q949M4	retrieved	924	29d68abdbb106c817b30646b7fcb544dece054b705484dd0000f360ff3f13d08	
Q949M9	retrieved	353	d22db7ee985d84f6ff2dee78b239af88b3522d8073e340f11089ed2b6918f938	
Q949S3	retrieved	202	b89fb27b18d97752db1477e891b3c2864eb7ed3293b101e89d2cf0e635be642c	
Q949U4	retrieved	572	3c0dbe0dbffd9bec1c6e54668bfcd3245801257b25e641de711f9f7cfd48c10f	
Q949U7	retrieved	234	4d124a3a7b6db1c3ab69b0200c04da9017274c37783d0870c13912880e0dd24a	
Q949V0	retrieved	357	671d9d7a5214fefa0298e042a02684bc58300019adb38997e2a836296d1fdbaa	
Q949V7	retrieved	459	0732ecd69bf5682e335fe18a352fd783768ce35cf7d6aea8813bb496f0658161	
Q949Y0	retrieved	482	5b0de22779a16ae6c2052e4a793a4044bda0b1af603fd89c3abe2788f54551df	
Q94A20	retrieved	256	5618aa74cca3b1c5c4e7764fd17a3936e9957e5225d915a80b069d88f5c6a0f5	
Q94A21	retrieved	318	099396735131db7d58064b93674b2c0dcb62ae94d3710fc6bc38f10aaa7235fd	
Q94A76	retrieved	820	666f0da3a35098528f25c9febcd43660dd43efbd6067361ccce390294b8b435e	
Q94AA3	retrieved	333	93221c28c546b67268a4e366039329cad67e72b097ff8fe6b77b7a245d83c5dc	
Q94AA4	retrieved	489	01c3f5fdf9b814223d3bac158889b12143a1b20ae4a88a2363b7b6ebe81e42c5	
Q94AC3	retrieved	379	e28d2d24911acc1d25a8a5930e5cfa48d153b5e072ba94322128ce8c6af8b978	
Q94AG2	retrieved	625	7a3dc42830c3071051782fdbfc0efcbcf84636e0176ed7453eb351af2f057602	
Q94AH8	retrieved	860	9ffcdc4792b66e0d9d47b1f6cc4b572d878e0619b044326728876533210e52ed	
Q94AI4	retrieved	775	a3676f5c5c5c6e57b4bf41fceb7d6070f07475d449a73690ece74e3eb4b380cc	
Q94AI7	retrieved	1131	59758bf6fa16fda23b96838f1386d6b8e56123f55d87513e61a90125d10ab831	
Q94AJ5	retrieved	444	f0ee0b74a30b3ffe4598e1b764ffc809a4365c87800f733feaa9c27a4378ebf8	
Q94AK6	retrieved	110	a4f02b3b279cf2567bd37c5d388c5e6e2acb4c88f32e724f444a6862b27ce11e	
Q94AN4	retrieved	345	7b6844bf14dc7864fa00c012c1cb02f721760f11c1a37ac04a4f6a28b6988a9c	
Q94AQ0	retrieved	427	b46a8053b70448cd1b17eb89626f825de51fa117fcd6f452984b9594c12d31a4	
Q94AT3	retrieved	378	7fc2c64c1e684c11af671b83d73ab935af298e45efde7ed291ff792199adf0fa	
Q94AU3	retrieved	330	0c55cdce7904c51807168ad29d75e9680c7d444e6633d182a14f0fdd379f9761	
Q94AU9	retrieved	174	d25ae209284496a9581a2e4ab2d4f9cbebecad6a54c7e33a57f2990e24818316	
Q94AW9	retrieved	241	47a9996305b4ba6832fa23c4a850f0dfa2acb1579195e5e2081cb911b1fe0b4b	
Q94AX2	retrieved	277	5e5ab42e49c0515bdcfa038879c307cadb231f692519a527626d004174ddf2eb	
Q94AZ4	retrieved	148	19c211e4cf9d1312950104d1d62d2378e81433036648f077d5c06a690f63ce88	
Q94AZ5	retrieved	272	b32ae30505e7029aef0525e6ef2a4d57a9a6fa6546774f552fed1fb056c1105c	
Q94AZ8	retrieved	88	4e931531c3570eb38dbbd843044b9d8fdcc66d4caab3b17f7d820586d6afdc8f	
Q94B55	retrieved	456	810ce9d708e8ed40d5a2189d26b9b44f54ff7b60dbe17c7f2d807d3d7ee854ce	
Q94B65	retrieved	323	63e168aae2d690a0c5541c2748e2d4127d5e1ded72adbd1b157c0083c8630c9a	
Q94B75	retrieved	326	9880406738aaa23b0eb939070f9e772e84d631629340f293f881e42fa160a4dd	
Q94BM7	retrieved	794	ded2d40310fc0bc95cd357d7aa4e5d285c64da1ff61d580f5a6cd1c1c060ef39	
Q94BN0	retrieved	364	eb61941e6bc741841d4ee23f1ff6b31a772f3e16db9a23a018a8686dd0250ac1	
Q94BN2	retrieved	359	2b3aad487215b281f4af08c36b62c13c759fcacefd55a889d81bbfbd8b9ee8d6	
Q94BQ3	retrieved	757	c3ef9511cc9ea3d170dc36090cef6a7086d813f1e85ae0ee8c6075eb9e888a98	
Q94BR1	retrieved	702	4bdc96e1a95dea659cba5e3d74bf921b9fb5ce24fab277aa3ecf2c865ce3841c	
Q94BS7	retrieved	447	90a1140c56b51f67b720c2bfd38ec4a52e5d2b6999cef98f3e37c95c1f0c6342	
Q94BT6	retrieved	609	1be6b9682ec68eb79f6c0887bbd92ddee38c2bda19fae01126b982eae964a99e	
Q94BT9	retrieved	76	d8ef0b930b98dac760be87db2bdb25120c65e18e8521dc1f92d7f4bc873521ab	
Q94BU8	retrieved	185	6eb5b1ac597c41af9ac750eec3ab264e404f15125662c681d7620412ac135552	
Q94BV4	retrieved	528	42408445d2a836baec448e7ac8c2942c5bf64039b71fe6d43816c48f5cfe945a	
Q94BX4	retrieved	447	dfdf1295c04fafa5a23e0ea9221a7d09612eff42d02408481d7ba290273dece8	
Q94BY2	retrieved	146	a0a63ec1d5807147f7829328e97ee59be09e36ea178f594c7779fa90fb1a5be7	
Q94BY8	retrieved	325	21b9eccdf015f107527c1b786970c23a23196ca3e3e52d1d5a8d58fa517192d4	
Q94BZ6	retrieved	405	9b802dfb8d4d989124ba160b06368ce3629e4b556d40ab38b81c03e80cbf34a5	
Q94C25	retrieved	452	7da303f02ba8054fd5c96a11df1e19e726bbd0c1b18e581d5cf9844216af80c4	
Q94C27	retrieved	351	9d28045748386e13f899f52302a63780998b59674f3ee251134ce5a3744dcc24	
Q94C33	retrieved	521	81dd86c6a236c1d958430033858bfe66e5040775c949b965c7f4f42287a47512	
Q94C65	retrieved	221	e56b3a1d18b7bb485be16a7bba2856c8d8cdb684e22d864cdc5b9e630cff977d	
Q94C69	retrieved	301	b95d4a119cb6160c6ba96e63cbb96afe394f82f64b8da63e0f92bb8e3c227136	
Q94CC9	retrieved	138	b08a2990df503e93afbe083ff5ae2eee815b8d15d40f64fca8ab78bb22dc1244	
Q94CE4	retrieved	280	675bd4b687ac3ef9a769dfa24209ca484573519dec2a40a756fdb7d33b16139e	
Q94CH8	retrieved	375	abd0f84c370379fb61596e65da09230a614aba40fa8fd0426d2ae61c8f39b4ee	
Q94CI7	retrieved	474	8ff04ec87fe9fc7952623f760aad8d8ec99c8146e6f6573e9e588b7a9ad2336d	
Q94CK0	retrieved	480	6c23925e72c0005e8a0b48da97aa44c8d09efcd915b29433809442ea77defed1	
Q94CK1	retrieved	376	dabfb59534af76b1ae9a1ee74f1099dff591bbfabe21b50d758f31d9b2dfc873	
Q94CK3	retrieved	167	c74498fe6f4adb6c256b097d868f874fa35d037df78ccbb54f8a6b5d479269d3	
Q94CK9-3	missing	0		not returned by UniProt
Q94EI3	retrieved	245	74ab43e422350613e89be6f5fde367457228794e23552089e649aa979c8dd242	
Q94EI9	retrieved	340	0b5fc6f6e5faf9c0d4a933d96f2a420cd846b8713cc8e3ad48c861c0e7919169	
Q94F00	retrieved	371	b5cb6ba019df098d42257fa007ce8cfe8ea0db7ddb98e10d39122c22ca543d0a	
Q94F08	retrieved	696	c3d86407f0a68a28d5dd525101715478d652d0df8f5f5591a048103ab3946e62	
Q94F39	retrieved	231	dca94009f8be470dcb4fb23a243328bc4b7b8468d57d7f77bbcb88e6233e1ebf	
Q94F58	retrieved	340	63fa87bf83e9f477c8ec5a3f22c1850d014da2555c09a16227ac3ce5959c6fef	
Q94F62	retrieved	615	bbea0780b21840f4223f5c5766a5b2d3f7302c4cf522754c9ce2e9dd2a3a6bf2	
Q94FB9	retrieved	1337	77acd3f0e66790c0270ac4e0ab3c121c24541ae9363728b521ef9bad668433e8	
Q94HV7	retrieved	338	f1ec4a353c4fa2214555054345c70a1cde2223990f6259c23b69415d4319d777	
Q94JM3	retrieved	859	a64fccc45faeb69119b60395fe8168b63439f9c44a7f309d035545b27f3e34be	
Q94JQ6	retrieved	1084	9b790ee3eb9865a65c4c9f2d78b99fa1a7f439e43ecddfce91dc73f733d879c0	
Q94JQ7	retrieved	144	5d73c8d9ffadbe39806ddaf47770290e361fcfedf4be89255950355ce11a6faa	
Q94JR1	retrieved	542	f9e2fc614c120d3c8167fa5f512cc9e2487b6a7bc542c8d8f18190b37672d828	
Q94JU3	retrieved	260	d2ac295dabca4587577fc1a5bfaba45b919d169abac90c4094a16f2b8386a358	
Q94JV1	retrieved	562	a3992282e5ba1d4f897788c2548f1772f25480e76f26a4b93000582408389bf0	
Q94JX9	retrieved	217	1cf5e55e740894240eb6b5e15eea1e36f14d6023fe5d0d652d382cb73612b9fc	
Q94JY4	retrieved	85	a8bb80c61f125aba40161ea457e1284070be087306a11222390a7f6d51567847	
Q94K05	retrieved	549	e3dd76bac37e817e58d3adacbffbcf0e5cb264c5dea0107ae22d910f7f90b59a	
Q94K07	retrieved	374	1a3f9e44b2597c4c9319697ea60dbd5d00deb8eec58fc51b1663a6d1e06872c9	
Q94K18	retrieved	103	3380fa5f8872c7443175eb3801e63752cbf877fea428cfe6ba5c908f0415ace4	
Q94K72	retrieved	92	666af101facc9b4ee68b9df046ebb908f830c884a9f7e6338195585c2ddc8ead	
Q94KB4	retrieved	460	54bc529482cb0c12344e7c1deb4fcc9f18b445209ae58b394ffb77075d635779	
Q94KI8	retrieved	733	3f6c3ca95513cf218648e0933cbc9ac2c90f34debcd525197cefc38974d49056	
Q95747	retrieved	179	a431e3224661a3d77a118e7fdcf98c4c8d9ba19ce3ea408b4920e6238c6e48be	
Q95749	retrieved	556	087f39936cba52f4e47900c31d6d1e303d242d869d08a60c02a0de223bee297b	
Q96247	retrieved	485	93a5d75c1553369af39ceb506f610f7abf15e4702cb7b96221027b316641f846	
Q96250	retrieved	325	91c67a8fa1362a38ee32cce2d73c5aa21d5ac1641c2b272739f8dc62d1510ca3	
Q96251	retrieved	238	1134704b0d2168aa32aa4366d35c97c5fdf814d81ac11d4c2993033c9fd5d8fa	
Q96253	retrieved	70	5ccaeea61251dce16899dbb7f83e3f761c92d8b38e71b6338f688c47a29bb9df	
Q96254	retrieved	445	f9fdb6f2f2b4d000c803d547bc8a59b798671dc3e7826627a9f075323e3eabd4	
Q96266	retrieved	263	87d8b624ac2899be32ad7be85d765da5eecabfdb7ec69f3ccf0bf17d718f11ed	
Q96276	retrieved	219	04c1883989621c0afa8765efd973dfacb1fa83ab86087d6334a14174d15ca865	
Q96282	retrieved	779	920800bb9207b2eb490d63f640493753172f3d9808a4e5337335fec54f14de39	
Q96285	retrieved	661	5273600aa7fe590df13278f14aacd3060aa12a8ffc096ad4d11e881a3fb8cdbc	
Q96286	retrieved	366	448dd95ba3d5cfa6490cf00f783d2970325f1c1442f8cdca485586edaf2096bf	
Q96288	retrieved	248	871d3894e7f3d79ee1370330dd409088ebcf8f55ec80b964b7554345177f701f	
Q96293	retrieved	377	533371790fcd4553cde347260f90c1ce4c304a765eb2883f397c8d9cec86c172	
Q96321	retrieved	532	0a5554f45c6fe126ddf89176a86487ca9531832f4983943eece23ad4d5eb8c16	
Q96524	retrieved	612	bb52433b6a79561912850e524e632f5ba4c27c15492e702c21d235e7d0f0ae8f	
Q9AR19	retrieved	568	e8659ed0bcaadc1b6bdea690397516a3c20e402abcc4fc9594459042278acfa1	
Q9ASQ2	retrieved	309	8f5ede0f05aaba6710351ab6d8973ab407a76484a2c8a5d9839b451203550dae	
Q9ASQ6-3	missing	0		not returned by UniProt
Q9ASR1	retrieved	843	5552e73e96f169ec830539b3d06b8bc2c7bb85279a63ce9a0256eed8ead70ea4	
Q9ASS2	retrieved	601	81001ecb9c9dbd3063e658b1f6b52346896624f1ce5ff790c1764007a4552d0d	
Q9ASS6	retrieved	259	08af12cda7ae803947adadb0c546718d605144c307509603a0152cbc908be11d	
Q9ASX2	missing	0		not returned by UniProt
Q9ASX6	retrieved	137	cb285a7a4f7ff1e7fd6daf7a429a8bf9d739898ce1d575f767a81e3d98bb1585	
Q9ASX9	retrieved	251	951065fbd40f0e7cb7ffb7637a02b1cd761f71498fd4025416c81f6f00dec36b	
Q9ASY2	retrieved	210	ac64d8626f3ad1f6bf144012c9df3f46191450ebd6e308e1c88a15bdadfd9f82	
Q9ASY3	retrieved	255	8a6444fad7dfe635fdd5b0adf8e0938147bab23081ca79391854f98c510eeaf7	
Q9AT76-1	missing	0		not returned by UniProt
Q9ATB4	retrieved	487	9d201f27ac1085fa270f796277ef02e9c12873c49cc42e659675ff2c74641424	
Q9C4Z6	retrieved	326	d7cd6df82d957ca8384df9e157bf1a4db61dccb56424de9a82dcaa899d8f77d2	
Q9C4Z7	retrieved	229	d8f9c820140e6165aa9956e5a04335fc5431349c7d414bf568a3e9a79c28216c	
Q9C4Z8	retrieved	176	542bf19097d2baac060071d2ff52bc39486e6af21a834581d916256736c7bc9f	
Q9C504	retrieved	112	bb4778a3a5028ddd3f12dd4e74531f4264f5a6d515f7485945d34b08d951bb56	
Q9C508	retrieved	390	11aeb802550e4242e38d5149adac5ab2272fcb1d4de2e4047d04ffa305c02cc1	
Q9C519	retrieved	553	cf579d33498b4f1e623d7cade0c176206924d28564cb9902e6cfb98321fbc83a	
Q9C524	retrieved	384	ec7b97bd2bca0dd8be6cab79dec7f3f78c3030fc29ef73f64bd205c01b0f9a84	
Q9C525	retrieved	524	ddd26fce3d7334c68fa31607a32946489150f90e31b19c1dbc367e86f9203bf8	
Q9C533	retrieved	596	f8e4bfa72d09f0d2c51e53e50ffb26570976b6f23568854f43044cfcfbfe4603	
Q9C551	retrieved	537	c07b763a439e61d1ce9633b1de10eb65e4faaa0fc989ef912d189c091ccf4b6d	
Q9C553	retrieved	621	8d18ff721daba892efb260ab3f534f1f264545e918679a89bdeab7b111a86e7d	
Q9C557	retrieved	249	6f44c93f28b62252b8427d50c3d009da6f363cef802fb27dda5740ead23fd267	
Q9C562	retrieved	479	c529dad7472c0d82f2485f57fc013ebe3b1c682155ffd133910004bd8b13cb58	
Q9C595	retrieved	251	65d8a4f097e588d9bc492411f3944b5f34ef6d26816134b016a0f33a7678465c	
Q9C5A9	retrieved	559	8466742d75c3019137a3260795d80a9145b4872288b5a0cc146272f6a3cb8b97	
Q9C5C0	retrieved	615	c98eb5bc1275de2d969377c70ff0831cb4e53a22251be127b13b1f3868c5bae3	
Q9C5C7	retrieved	481	ac7e9a00592a9e45a2a275269635ce01c9802964f59996d708750f2b9bf3915c	
Q9C5C8	retrieved	202	5f20779f54488632f165f5fd6fee6500614cb5c83395a11fe6b352c75da45763	
Q9C5E5	retrieved	509	b7e6a28531cc104e4542b516415eb8f32a6d1caa3929cf12e20e77581cffed07	
Q9C5G2	retrieved	423	b872debe21081ee3236595a602b0f53b31ca287c8a05ef9f986193861e5aa84a	
Q9C5G5	retrieved	597	308c1ce4ddcefe9c6a07a81d3ce62468030bbe4eab69692d04cf6c5ca6d0675e	
Q9C5G8	retrieved	467	fbd0e122596581ccb8604ed9a014732fff391183e032a8aa2cd840ecd3aa499a	
Q9C5H4	retrieved	690	5366565a20ac62c6f76bcb6cc803fce6cb5fc53b32f7339c2789e94757bdb8d0	
Q9C5H9	retrieved	678	f86ccc18a2099ceb56be785185ece25f738bbb3cbc0dd2339cd5944ef7af9ddd	
Q9C5I3	retrieved	166	d09d80bfb415b780e9f122114d4b493b025a91400efd82611b4f080187ba89c9	
Q9C5J5	retrieved	319	e1e46bb2682ef2dbd56b0fd0e49a671bb73cbf5467f8c30009f2b7fc7e4beb93	
Q9C5J7	retrieved	485	5b6e114a283de07d1dfe6c634a114c44b266d9d9f8fcfd25a7aa50fac20024ed	
Q9C5K8	retrieved	187	d391d0e2920061c69a214309e788f08439b07fde4b353ec7b1f61daa723d0388	
Q9C5L8	retrieved	585	62f581e64b050e52aa89624db683510b80206c575a144b9fe3e6168df131beaf	
Q9C5Q2	retrieved	262	4466b992b214499a8a4a90a41c39da35d1d33dece1b03cc337c1230e28b3ae8d	
Q9C5S9	retrieved	674	864fd978e7615210c8e4ace1116f0ee7bb89c42b810d176528cd98c92abd5b3c	
Q9C5T4	retrieved	310	9d1c413fd35c61c0c0f8560644cd4e055743c821b63b60fbcf471477f2c487f4	
Q9C5T5	retrieved	166	b8abe119d8f10f85140218190f1c2f8d2ac46483856bd4567b1cf48b0779d31c	
Q9C5U0	retrieved	1080	7fbbe496c67dbd4c795ea6a603e6c3684cd7573ce7511b1c66ab3f78f9c546b5	
Q9C5U1	retrieved	1036	5e1362d47fc12e73c5d09e94a2bd0f4ccbbe8cfe777d639770243b2cd4c50ee7	
Q9C5U2	retrieved	1176	3bd7464d250000dffdd295c6ef715424dd6d7cf7bd87a8b15707343281a1b5e3	
Q9C5X8	retrieved	819	97f0c6ce7f9b85130b9fa0cf2b4f8304897b1d311591ede6c0153b5384be15c0	
Q9C5Z2	retrieved	337	24e4d86d1e1e13b79eaaa6cbcf747dc0e6ebb3d67644d1f47bd2b745003b8090	
Q9C5Z3	retrieved	441	1c903176edc162f2f6aecde02c6a4cc18dbc35f8c5fbd4fb2c6fb51a93a31601	
Q9C616	retrieved	388	dbf0bcdb3956d35bc2825aea7d183978bb90c7749b22cb68802ae832f4a5f738	
Q9C658	retrieved	611	fd11f2290788b4163e387a6e3522f08faee50e09a9df838f0104f259b11bfb9b	
Q9C6A1	retrieved	445	dda4daa05866057f4c10d7242763eb77dd7545fb7fd042781fbe80f226f4def6	
Q9C6B8	retrieved	622	e8b567434a1281bef4be270a1a164e26865f6b208559ca4670d530bcb8c82045	
Q9C6C8	retrieved	254	13376899e2e6a1bbff860d7e7c36a6bc0068d858f32ee3731f60d2db1cf0c2fd	
Q9C6M0	retrieved	483	46c4d9f5bc4e438a132476ff9facf2d0bfb3c142d0df909f1e1698333663e0da	
Q9C6M5	retrieved	361	2a1cfcaa5c894a9a84722b204ec8427b5693784dee47b3cd127091036a99b412	
Q9C6S5	retrieved	495	4b446541b0c75a08055b14d262111ac7ad2ea5fe7909a777a0736ccf89ed6164	
Q9C6T7	retrieved	119	abbf159e2b6fc6a7d7572a4a482d0a16923fb2554f98aacf1eddcd3c35890ae0	
Q9C6Y3	retrieved	460	3dc5d05926ba8a0933c0e19e5b00ba581f6249817cdd2b709dd4188e1dc1f7d2	
Q9C758	retrieved	324	efd566e5bcfaf68f6ffba377c48751ba56428f9d82b78f4742e238969e12b3b9	
Q9C788	retrieved	524	f0e6e6b1e6351e0b610fc7fef042c7f3dbbc0b709a1a11a38cdc2813af54014f	
Q9C794	retrieved	350	0938e9006ed5554334023ffed2ed36a0eaa3724c5bc76f488ca37cc65cee4324	
Q9C7A8	retrieved	210	ea6353760dbe2e42da6d64ce28154bc4d11de3680ee90021582b5b46abead2e0	
Q9C7I9	retrieved	590	52fad41476cdaab2f85ca27af7b6785e5546ab637e415d1b406b64d19b13dcd8	
Q9C7K0	retrieved	282	5c3b042438b357d6f60a5d07effaf7d145606240c65f78d513da4f1fdfbba33f	
Q9C7N3	retrieved	237	1a357627260279b42985134ee56d63a92cf429edc38c1fbeabb705b2d55809f2	
Q9C7R6	retrieved	729	09e5078faf8794c3175376eb8ea73249981e541eac05fe3d66571a61db276ba1	
Q9C7S5	retrieved	1095	7b65d706db0c303375f272c66818c2182a43b7bdeed9c459d736f08667d4210c	
Q9C7Y2	retrieved	229	f21a83b224a9e0f9fb0dd4d9bc08228e8533722c78f2c2bd089c72a60807264a	
Q9C803	retrieved	175	f5b2c2634603c57a7539dcdbe0ddb93502b124c599f358e858bdc9134af9a33e	
Q9C809	retrieved	395	4c4bf10831397ffd869ab8bea109e2d8b5bc1e6685dfd4b10cff85e2863696cf	
Q9C827	retrieved	926	db54fe891778c439ee44af8df89e3c1cccfdfce5cb675098ba4bfab5b261ca73	
Q9C836	retrieved	178	20363b167eb87b34936dcbba8a2d247620272e9d2c1cd26dc54a9f0946466054	
Q9C865	retrieved	439	7040ad548c4a8a57c0c9065e4cc8baaedc825c6f59022f4b9e096d713854c42c	
Q9C888	retrieved	762	88e38f746ecf37f504ff16128ea30eca042c7a3bf1328597083e51459cd34088	
Q9C895	retrieved	900	be465dc8174e4318a8c826f500ef093d813b4de98894bb2fdd0689bbef857c42	
Q9C899	retrieved	361	c6c34e6a9e6726016fdf926f3e2c8735c17bb6d9f88e0cb463016fc89dc89d1e	
Q9C8C4	retrieved	404	6c689a4a8b861902d49edee8bc5ef424e364ebac2cb7abdaf424184e5bd9492f	
Q9C8D1	retrieved	431	5ea99742ec4be4afaf2ac780aed14e786cff2189c2c5994770a58e7efb8e9d6f	
Q9C8F7	retrieved	112	0a868693c06ca31d0929efa1e600e070a9032cf32a3bd4cb5857b4d313fe35d4	
Q9C8G5	retrieved	724	3085427f76d70435b34be0f30759a6dfc3d334e01cc53e6a3472b924f89a1bca	
Q9C8J8	retrieved	678	9b878f7e7c7bad1e0ec3aeb3ecaeeb84185b3de898278091374091ed38310a03	
Q9C8M0	retrieved	314	4cb5392c6380d725add73a88ba7cc14f11991bfe1f3c70912443a395ead0c05b	
Q9C8M5	retrieved	476	e8e036dfd620d0f73873f896b5146a3255dfcfe2e1a6e8c3ba881f58e7925e96	
Q9C8T1	retrieved	229	53816066871b91730edfb7a89d7b4347516ef990bc365a05089085c1100c6869	
Q9C8W5	retrieved	225	5eef28bafdf4d494345c26bd3b0d7e025ff908165caea56135e3b36142f5aece	
Q9C8W7	retrieved	136	7597d1acbe7cdf1a5c2dbb5aef4a294bc47f458be49d1b4b07216ab4906438d0	
Q9C8Y3	retrieved	511	5e55e4aec711f02a41f42bb3742124ba049646565388f8a817f7ec66de633dd3	
Q9C8Y7	retrieved	456	650355160d7dd7189e4bb168f75f431e9cb143708b393c1a5361939aff6f1185	
Q9C8Z9	retrieved	221	c6e0adcc28903abeb93764f123b702a24ff699f1b0566f96f026dc6ce65ee568	
Q9C932	retrieved	317	64d930ca33b9e37f5f590cc72124bc28e60115f67682c985f249fc8dcd6b28f4	
Q9C933	retrieved	366	2f3f519226313f03415733ebd35689c476643d94858c7fd5142e7f048dadc447	
Q9C941	retrieved	454	6efea4cb691807b05eaa76468c224e65c937bc6a7a408020c8cbcecc32d3e5ad	
Q9C944	retrieved	134	16072a0a902490f49e035eecea0a54275095bc38adc92745393c441497de0506	
Q9C952	retrieved	693	a9e08fccef6623eae89427463fbfd46c32db59431f07b7f5860149cdf839584b	
Q9C960	retrieved	191	118dfff19a1d17e43983fb9e36a786586c10f45f1eb89cbdcd01e47285edd583	
Q9C966	retrieved	179	930248b3ac8dd2c87a09c0d4accbdaad91302600bce76d5eca4bdbf51f171da6	
Q9C977	retrieved	596	4ccf4eff57c4783c2994739d5b6292ac6928ab5bd83bee1537e589adf0dce533	
Q9C994	retrieved	485	62e804ee6453af7c4c8a1a29587ec5f84d094ac9bdf1f1087dfd9816fa30522d	
Q9C995	retrieved	161	3af00d80353b8d4ec9600e01799bafed304c5838e7452ea26f40215c16576ff2	
Q9C9A5	retrieved	195	f892a52a4af76e6fb44900e0b27eaf3eb6ee0392936200b14ea3e1e4c2761a98	
Q9C9A6	retrieved	628	c9f741a251f9d8274555fd00bab0fb9311ad0a0ef35659b107f25a0e0ea1b899	
Q9C9A9	retrieved	392	4c64ed2d11213a6714b22fb4eed4e79d275863f6e6430e5c78af9707481abd85	
Q9C9B5	retrieved	151	4e4af16fc1490110f6f3ed8c645a949637c040bf43745ad8c31544ab55095ac5	
Q9C9D4	retrieved	224	f7d52c1ed8c36d434d83570d28e5b110779dd240d76026b073c8a0f1854b8e53	
Q9C9E3	retrieved	269	e16f975bdeacd4d6295bb46b99f870b0537c9a6931f9baf2a955a9a166efab56	
Q9C9F0	retrieved	374	46346ede3d37908928b9e4352a373dc21596066d383293f53d63488e874b7c78	
Q9C9G5	retrieved	160	c82543c3262f268d3ea73fc75a6e3ea97cde85e8447a93c4ab66eb986d18ecdf	
Q9C9H1	retrieved	244	9ff07e0b6da63e327a68d681a1d3e0785ea0329bb7ef544b188e86a995fba1f9	
Q9C9H5	retrieved	484	561acad767adc74f3fe8558a0f1c89ca17a10b4e4c7f2e06b0f81178e375f2fb	
Q9C9H8	retrieved	909	2779b8ecbbebe1010c4ef46bc969f01308f733137648c6527978dff9b792b506	
Q9C9I0	retrieved	164	a7f6f8a9a63bfe2c784a7e58e1924109cffae09e32a884b3d75b86766a52c1a4	
Q9C9N5	retrieved	685	b18229dc5786e01ee90dda0d797a487855fdc4844f73bd5122bf9869f2a6ef65	
Q9C9N6	retrieved	607	305f16e26ead7a73d09016358068739e417a181cad400791f62fc7e0f24ea2d0	
Q9C9N8	retrieved	433	1f0846f26bb1f158bc48e83f71232b326412937ec523c7f8a95bc2e2c0e51e42	
Q9C9Q4	retrieved	651	ff723454c8cc9b24493c019190df3154e6a8693372492e029176943674355cf0	
Q9C9U2	retrieved	398	1780067fd1584223c5b9ba42f604c5f6d0468decfabe00d4ff37a082decf2d94	
Q9C9U4	retrieved	576	f3c43537dc02071b820a197e068996a5a0d3a5be9b3075999606f9a83617dcb3	
Q9C9V2	retrieved	78	507f7125e23e85903d6b88942b57b4e7a0164dc36f02e4f67c8d3ba34f97bbe1	
Q9C9W0	retrieved	263	3fde95ab9061753f734706b82f74121d469787fb828e798b4c9665b317f70b80	
Q9C9W9	retrieved	619	cbe72f0c9aa2e78e63f37a0cec937b9298ba916675884771f518a6cc00439bb9	
Q9C9X0	retrieved	622	f2f8a6d25d91b5ca98ce849c7c9c78cec3b69a9d17dbe4761ddedefac841e7cd	
Q9C9Y8	retrieved	640	2456a9e0d70f659e3484293470797fec65853d2eaf438bace879000cd2c60a97	
Q9CA19	retrieved	154	98a41a8f8e15e5939a52ca6d85cdb550e6d8f124b17ea04ebcb423ed77bf18d3	
Q9CA67	retrieved	467	c5601f406691e1622b418a9e81ce2658d2aae637c10d77a2c35ede8a8449166d	
Q9CA89	retrieved	515	9a87bf6eaa84e6abae7da9f0a83fa237c21990ef9f6554a34347eca85f46bd1f	
Q9CA98	retrieved	240	8d66bbca7598e474827a935f38109904c8e8bd0374b62eabe72d1602cb8ac0df	
Q9CAC1	retrieved	492	6d940aa07aee40e856e12c147769076bfacfcc64628bc91bf98e0998110bd37b	
Q9CAC5	retrieved	191	186fd30b59f8ef2971f32b1248fc22f4fc2db1143a341afbf632c2943f333ff8	
Q9CAD1	retrieved	534	142b6abb7ec4822fe10222966f8618603b33de505e050acec4edd59de64038f7	
Q9CAD5	retrieved	883	b27e61a97e41d97b07a60d184964f24264b97d2f0409be52e4bf78a7de98dff8	
Q9CAF6	retrieved	950	3dc7c8ba808889459c331409c64d0c1565e25c8ce450998841bec337592c25c1	
Q9CAG5	retrieved	782	9e516fb8c3c2e98267146fe92d307e8cd2ce83fdef0a4a6534f5ae5f8cb9faa2	
Q9CAI2	retrieved	414	e26bef25de2f30f1ec18e33ed16792059495c792118bfa083ea5aa10386ab2b5	
Q9CAJ0	retrieved	511	752b2ef0befa9de0868a7ac992368c1832bf8bd6dbb7e2c3a1b41d911903082a	
Q9CAJ8	retrieved	166	f72908815f32360f6859699fa756342394be883b79db2e1630899470bcdee42d	
Q9CAK8	retrieved	231	1b710c4d54846afbdaf3852ceccc55dbdc6591ce2b31394c0d4c791b838fa25b	
Q9CAP8	retrieved	691	7183e28b41edc07b69e8ea66a6622b631a38a5f7e8c8086144aee6a4dabd9ebd	
Q9CAR7	retrieved	286	335659f62e3899a9aba7f072ba368db354ff52ce0d028be1defd19eecf8f957c	
Q9CAT5	retrieved	314	f70de9fc0dbbab6b9d748fbd8428c106c86c4aefa480870d6e29da85410f9851	
Q9CAX3	retrieved	204	4c6dd95a9cf099b8451fa300df182a98dabded4e8b7c1f2fa91f06fdc2a59574	
Q9CB01	retrieved	202	0282e16cc5ed0f362b2c9144f797b39569c873557aaea657f80ad5a2ac1a6013	
Q9FDX1	retrieved	300	8ed8f4bc77021c2c7725c03184fc6a5b570f51cece33b1a4d2eae59fdd939779	
Q9FDX9	retrieved	98	5d1481b340bbcb0b7486e8d62f04656b3ee4b051cee4c8b17117127d3da73248	
Q9FE06	retrieved	305	c39347ec1a131973b5210dacb84494a220d17c2ad23c5532ae0864b56604af40	
Q9FE22	retrieved	292	079b3c4af854741d7f4b7aa581d46a590bb5dc294efe70c30de7d58cc02b58fc	
Q9FE25	retrieved	248	19ebbaacfc330cfcb250259d5d726ae117744571e89f754811b3fead4ad6a858	
Q9FE67	retrieved	200	f412fbb6fcab9a520079064ac0ec5e88b8fff03c74c3660e943ae0a18a2706fb	
Q9FE78	retrieved	344	729d98f54b95e7e4fdce461e6c192f1cfcc56c9cbf8aea454117dd8b6ab3c6f6	
Q9FE83	retrieved	527	9521dbd561614d7cae150ea63b2e6b6cc830c92c334c585fe3470c46c5424f98	
Q9FEF7	retrieved	216	dfb7e047ee0d438a338e06a2e24f6f5bfb98e193409aad94f03bd4a5068922ae	
Q9FEG2	retrieved	291	e2d2c86e6bb4c1e8ca8e9f7d5a2aae2ad285cc092f6ab048026a2c833c764e56	
Q9FF49	retrieved	704	8291c52cad736449c1bc8c65d8dccb941e6a5f27869ec82210b8efe6a0b4dc29	
Q9FF53	retrieved	291	472109ed0aae4d70d7638fee31490055799b1ad6e2f1dafae7ebe1382d1d0d47	
Q9FF87	retrieved	457	d2cf56438280173eced12c6392ab3029c29f65970d68ab4ecd115baa931a284e	
Q9FF91	retrieved	946	a0c06fb1e455a2aadc1c89778bc9825d501e6e6161f8b035fa6ea0f9acb33068	
Q9FF99	retrieved	467	81828410857511ddb8f731557eeb70ecdbd601ae2a022c1301c60817caaccc59	
Q9FFA7	retrieved	368	500d0efdec8e79c4628f8d0347a7bb60e8c55a3bbaede1b597e7110c7db72c94	
Q9FFC0	retrieved	145	a407b756bff4edc6a746719793a0ed023403b4cb60239155fbd0566149038b00	
Q9FFD3	retrieved	597	1d46920101c6dca7d6a88ccc83af0665e1a3676fb8f171dc479e91000fcfa804	
Q9FFD5	retrieved	153	a9e332cde7f2b1701259bbbc0233a1c3bf0d5e1f0294c5d25cbc538825ff78b8	
Q9FFD7	retrieved	204	d4ecea03af726462130c17cf15390da1a9a14337ea472646aecfd18c74386612	
Q9FFH0	retrieved	386	1c752cb60d835600cc56878244bfc23648e0a68d05abcdd6e004621ce0ba8bd1	
Q9FFJ0	retrieved	130	9a388168efdc9f38b57ccfa089192b2d29b7baa06137dd6e4eb6477d79ff5bf2	
Q9FFJ2	retrieved	271	d4b8dfe21cb16f3dcd07303ee65dad58ab00784b75253d6e3348a61757160516	
Q9FFK1	retrieved	336	cd04e50d6e15ff95fa84a30966091bf162ec66b1d80501c0d1405d7e9d7a1392	
Q9FFN7	retrieved	712	77639877b9b68cc17184599cbb022550b0abba93f580836b7567b16d2f009392	
Q9FFR5	retrieved	117	269f3934b8b72eda112e26993a1454b45b0ee93a0d2d38af504ea3063b36fdbd	
Q9FFR9	retrieved	810	aa4e5992011624e3e9806b3a4079ac2d3c7e9d54ce1cff329d7518dccc09f2ac	
Q9FFS8	retrieved	180	0595f7e6123a79b14044c093ee4f60d7028fea7d9509557d0bdc274e830bd37c	
Q9FFT6	retrieved	112	c0d52e23cf30a19ce9756deb1625d13dfee48d89ea0037af24bb03c47d0b5b3c	
Q9FFW6	retrieved	594	f046f698020b88a98f995c1026bf316d06150208a3194db847d0f032ca5a43d7	
Q9FFW8	retrieved	506	5db30c1dff94edd52723058e1764f22d516d5bdefb870ae18a649f1ecb7d0b48	
Q9FFX4	retrieved	161	a735d6535edcb3677452843bfaf79814389403c69589cf66e3e5a5d0bc48280f	
Q9FG00	retrieved	491	c2b3f86507cb08b6ca8d245debf011e7a41d03e609094b99090cfccb6bc17dc1	
Q9FG01	retrieved	504	322b716b374630a2a4f0a95cd5aeccd8e6cec946683eab0fb99379f9b0cd5336	
Q9FG05	retrieved	191	68f93e8aabb6e81389cce6b9e6a26533e8658a023fff97771516166702b260b0	
Q9FG14	retrieved	518	8620bff891d7014afea9a3717bb42f266c105745d4dcf7241cffea19d3963341	
Q9FG20	retrieved	242	9b5cabfcd44ca3741951dcc7c2dd58229d46bbec79af53c96f8afeae8a85c2f5	
Q9FG38	retrieved	402	8b6f22200539d29b294e23db06b010ee82f741f55ec0ff7963e51a4b482338c7	
Q9FG61	retrieved	448	faa8608fdb9617d833f0bd1b0d105169ce457ca432aea8c8e0c1624fe2d2b42b	
Q9FG65	retrieved	502	12e26df506514367be33eb6c43482f865777e46fd1c0c645b9199705ecd376bb	
Q9FG68	retrieved	329	ee579fd2909bf6172e92e4c8bfede1084788e09d5ffef5203fe8726a1301209a	
Q9FG74	retrieved	498	68b7b2f3dcd711164a17dc30b81bdd5c9df94c90665c6f182350609f761ed287	
Q9FG81	retrieved	251	10892d657f6444ecf7f7c3e6b950e6823e5eb6975b71796b39a501f765425b52	
Q9FG87	retrieved	529	09902beb40a3054cb769b0d95301a734acea6b508311663c06786b1e187f28c7	
Q9FG94	retrieved	331	69a519146c97d35563198978eb0ff89ccaa90ffd516988d22e7532ac7786f00e	
Q9FGF5	retrieved	175	bcfff47a706b31cdf76b26aa865b4607f9f7b2e79db2265228b9eaef21711de7	
Q9FGJ6	retrieved	166	0bc0625a4d1c02e3b029280c90fa06c42dd46c7f8e9735c11af6852d13132d97	
Q9FGJ8	retrieved	264	32a7564b1e1068945057228c69460a346365c6cf9bbebb55a104e59ca14f34f5	
Q9FGK0	retrieved	125	b363b31f2efe21384df14b072a17a65debc5442a65c0f3b834d372365760f419	
Q9FGK5	retrieved	221	ca42931feeacf5efb25714eb68e873e1692ee15ab61a267095065b86bf6391de	
Q9FGL2	retrieved	250	148e4979455712fed98d3d9847939382c44a5c6337ea49eb7d0f515d2612115e	
Q9FGM1	retrieved	188	493393abc46b5a8413d0c52de0c925b553bd7655bd42a7b5ce0b874f1651eb73	
Q9FGN0	retrieved	836	f6a8b155dc0fc46b8a78c8eeadf4dc10333145adc188740f06d1daf64543e26f	
Q9FGP3	retrieved	383	86355c2197ccdbf2097a94ba4e5c2b85d73356fc7b0d932248933737bc3b687a	
Q9FGP7	retrieved	202	8319acefaa588fa7294e4e3adbd53775b10094e904e720443e79269be12b47ed	
Q9FGQ7	retrieved	367	3063973c24bc807d8d5e3b4897a56dd881223735bf8fc5e53aeb3ebe5767828f	
Q9FGR0	retrieved	1442	e51e469bc78ac2b59830e15a133c03934a66e7f45f8650ea7c109d6724da6a58	
Q9FGS5	retrieved	210	ca5c202628df311bfff8aa69625c6a4e4a1d8f6330de903495c3cd54c7539e91	
Q9FGS7	retrieved	346	5ce73b11a164ce1022f616559ecc760d14ccfeffa56e03bf5063e666e7cd5538	
Q9FGU1	retrieved	195	82dbaecdfe17589a2242acc477deabb0c755078a0205e93b2bd088c92d76a76c	
Q9FGW5	retrieved	612	14aeca5ffa4e7808a852e03c1538ed8d73b881cf1283b706849f7218889d3e7b	
Q9FGW7	retrieved	302	9f325d45a7a82fdac3094a4794dc20f28e1c5fce76e2098a63f97197ea2d3e1d	
Q9FGX2	retrieved	145	fa2681e243bfa23ca6873468536a9a94b3a9cf451d16561d52e96a97884dbfca	
Q9FGY3	retrieved	307	e960d85b0f49f0405784f1dc25ee17b9e55f0b79024ce47777f14c5b9362cd7e	
Q9FGZ5	retrieved	285	d0c9b727678334f2e145655391f83d904068d2ade09e570fcbae2df72bd07784	
Q9FH05	retrieved	473	011aff29f516ed11c434c5a6a6974b793ad3c4732d6bf09791b7212e0907df94	
Q9FH13	retrieved	166	c792016fd6818cd59a474fe2c21267fc4235e58cf947fb794df93d4005670335	
Q9FH18	retrieved	509	26ddeba8b42ee5367ed88f28c63aae48501c25ce1af13d4fe6a30c5a19e1f2df	
Q9FH18-1	missing	0		not returned by UniProt
Q9FH22	retrieved	150	e81425dfaaba143d1cd0ac1598615516e1c84262c0ef77518284292f520a32d3	
Q9FH28	retrieved	354	1e1903b00867c702e669960039450f212b93d71d039ec57a891b42e7933751bf	
Q9FH63	retrieved	306	16cc5e53bc7eee3c398e4d8cd74e851ced323485999de310a19737d959453699	
Q9FH75	retrieved	860	d21e11a5a79f9268f415851d7b550b6957f915cb1b4f32e6b3347c3a17e6fc0d	
Q9FH95	retrieved	352	16096a8c8c0d689c65a146344a59054234af34127b2d8f70dd2022320fa7c4b6	
Q9FH99	retrieved	228	7ccbe0a141704948ae95aa5e829aaefc7d0047b66e98a1d67dfa25f41229a20e	
Q9FHB0	retrieved	328	f67bf3e84a8050d4103fd35a0218dc256f416b1182072ae5dacf79af824344e5	
Q9FHN8	retrieved	1260	c214b1a590f0e2de1d9dd161fe948d235c3d879937ff08388311f5fa583caf1d	
Q9FHN8-1	missing	0		not returned by UniProt
Q9FHP0	retrieved	432	8605aa0d0254962876c8524c354b931749138db833020e331b88d3527d5342ee	
Q9FHQ3	retrieved	137	d4649fe21b144ae32a809703d087e9621b6b887339ad1a4596fec13e6453ad93	
Q9FHQ9	retrieved	163	ac67b1af2c63da1b999a785a0fc6fafa121a406ce5428be96f7b96dc908cad5a	
Q9FHR7	retrieved	274	ee88ad56943b24a3ecdc2ac5598d7a3f8d6455885f8056bd08713cb24002033d	
Q9FHS0	retrieved	130	b8bb411b303276ec607b4580736c5b2b8248f64356e00f7e3f38182b215b419b	
Q9FHS6	retrieved	403	1656d073c3a8163b9c114feec4ddc7a06f069193bdd1fe4ae1d7f88d46cba734	
Q9FHW2	retrieved	171	d454807a712fce5dce3461e7df4dbc0c73a23ed0861abb1b169c4ce73a9be8c5	
Q9FHW7	retrieved	171	2ac825e80b7a3d88605fb0465e9db2565cc322d94638e36bf96604d5bd8555ae	
Q9FHZ1	retrieved	405	25f51ab2aec80f42631bdbf6182aac662a1fa5291002f5623b5188a9ef887801	
Q9FI00	retrieved	573	261774d6e9f7475467dfccec545c6e6e371f6860f3ded0c1467f1daece195980	
Q9FI10	retrieved	197	07f176e825ae99e5c38eef9440869e2c4aeca00b303838feb5715d12ff87c994	
Q9FI47	retrieved	154	cd25da170dcffdd1f0395fbc360a69b163a97f41b3f4da23557d2847601cc677	
Q9FI70	retrieved	372	e4c45332933b150daaa15f708f479f55795d174f20b956940f9c0d4d7e7ab284	
Q9FI87	retrieved	259	737ec6e7d7f664d51e4ae20511ac156f69bbfc413e08c0ec06cacaefea880113	
Q9FIC3	retrieved	93	191deedaa69c8140942efccec19b490c568729947ca891462f82049a49f05e21	
Q9FIF5	retrieved	413	65d3c6d1c03de026ecbcd6878f9b7ba5ec2fa2d4d8c58e9e30706f0bb7243c9f	
Q9FIG0	retrieved	96	a36c2506db9fbcf1b8c16b17fef7a3bbd2989002244951423f409e4385d4a19b	
Q9FIG9	retrieved	801	c487bf20c710e1cc0527d5ecc0756d74fd54f286aabdf120dbb5ade21326c24c	
Q9FII5	retrieved	1041	644d5bb005d7c2a3ddffb037048fa08f6facf6a6aa4991b3d2cea4af8bdd3295	
Q9FII6	retrieved	304	db2743343664c6195a6443d12ae8969ff0063f85c45f5dcf81e67bcee7901c50	
Q9FII8	retrieved	447	663ee6d58237915ef6963c40ca98e2d6c82e00a16eff292e7b358e5f7537dea6	
Q9FIJ0	retrieved	921	3b314ec1c4ab0bedd004d82c3904d1daacacd696218eb87bc22dc67429b76bf2	
Q9FIJ5	retrieved	431	e3b614fb4e43cc79a451dd665bd78f7f001a3fc63911994aeed4bae37d232eba	
Q9FIK0	retrieved	444	0078317e8273e9f0bfa6716f7ff611ca69c69d077f5b3c40f5338f1882c9fca0	
Q9FIP0	retrieved	245	0845dfecfb4e9e9a672da32d6fe001de6d5da5fd535a8213475cbc5a8588ed04	
Q9FIP9	retrieved	592	a5f868175962959f63d1fe571abc71aee9707c6db209572bab15421a9812f8ab	
Q9FIQ4	retrieved	226	28db6f0b35e3d06f9a340289f1b4cbba20e617b23803fd77bdb59017d90e5a92	
Q9FIR9	retrieved	94	3f15733246ad97bda2f1e23a4bb8b27590683ab5ef4a8d971df0eccf28d47f0d	
Q9FIU1	retrieved	472	72d12ca0a8a2b733eb5e8f6dd00a184ec8d921fc2aa6a7d2ce759e42b65d2799	
Q9FIW6	retrieved	329	8088bc9280bcf12ed1e098eea7c9d76708f77f4bcba2375c61e57dcb0be34b21	
Q9FIW9	retrieved	334	e499c1496dac7818deb5f2a8f8a2f237d176d8758dc21efdeee0a0c22244bcc5	
Q9FIX0	retrieved	355	d95ef3c419110f3f60463cac6d7a65efe73355fd7d321b84e59cc76356627218	
Q9FIY6	retrieved	137	e7d696a7e4783b1599a6045b1e254b8957d26efef28389bbb3083673c5487881	
Q9FJ00	retrieved	307	904d5f9f394e8e9f2241be8e7933e4442d8cfff8be02195857f37ba0e2efbb20	
Q9FJ49	retrieved	159	909181b0feace514a02128356818655d43bdc1cf31d98f8228b979a5b10c2853	
Q9FJ50	retrieved	161	aaed3ddc7cf555224a9a429024e7bdfb0c22003dd542598832a5059d50f1261c	
Q9FJ77	retrieved	346	554c1a5a645cb9c182968eafbd93fb4e9d4edfef909adcca008b18ca41b5e326	
Q9FJ80	retrieved	291	fb46528633f9100b9440d9cbc5c3fd634f167a0e4d38967cec2b5ed4fd7d8161	
Q9FJ90	retrieved	232	3ddb82f4425b7444ae689d5328d622ac18f71c3c24a7722cbed15198c8b570c3	
Q9FJB4	retrieved	381	889bfe0c24c6a1ef3d95443b7b14fad4c9b45038dfee11dba44338671e04a5e2	
Q9FJE2	retrieved	651	7ea7ae04da55838020e1a89cc125c0a7e1c1a2922d5723b5bbb1626dd72d6e36	
Q9FJF5	retrieved	423	5239d1d8473811b78c98095dee3a30acb4b6b59cceacb1d18f76cbdab295edf4	
Q9FJH0	retrieved	217	a59fc428a0d5322bbe3beac3bec7cae0ae30658d604c7d8807b92288570480a1	
Q9FJK3	retrieved	321	0697adcca3775a8f680fdbd5e82a4e60bb28502f69fd4f59573c7849f9cfa02e	
Q9FJL3	retrieved	578	e3dd540ba5c257979dc82d21f64a9beb78a17568227f5eddb02274f81a7a417a	
Q9FJV0	retrieved	356	4194386a89c1e3cecae5de5375ca1affc0d227ebcffbd923f99de9bc37a706dd	
Q9FJW0	retrieved	469	bddaa2e435345cc3cd5780fa839cb6b325040c6415bb540526e28dec63b5fe0c	
Q9FJZ3	retrieved	431	5eba86b10f55670437d93c3f1a9f3f53879f3d3e86c9b7f5a0a9649245bb6858	
Q9FK10	retrieved	601	e96a4c8b766b3a6a73cb8286d10ab8fee4a6175238124d128f5c980c26e42b91	
Q9FK25	retrieved	363	2645f261f5f24ca121c9592d85e851a5c876aebacba0e04876da32ae5e49d83c	
Q9FK28	retrieved	219	523dac1712a57cce0118394368cc235395a422b2676d0dda412b83102ddc6c41	
Q9FK42	retrieved	147	47a4da0f2caeaca8656b530458739852cb5d5da7f4d6b55ada84043b154a7176	
Q9FK45	retrieved	320	540f24e778b87e6b4d26ff8119bc6634f08f1a6b91135beb8d8632f17fcccb15	
Q9FK46	retrieved	133	4939ea0644503cfc3c5e6137326f6185736b29ba4ad92e80f5e1d0ba2b04aafa	
Q9FK55	retrieved	76	4055a5412d02a08a3f2408ecbed89b25725508199320b7fc03fddcc1f506efef	
Q9FK72	retrieved	345	221fafe6cc4aecf7b3ed3aabe829db8dae6c7ed4f55c537f6462fde854795087	
Q9FK91	retrieved	814	aac12e04f3a3d1aa427ca57a09bd8c0cfc3a8c1d006c77abfb51872ba52ed89d	
Q9FKA0	retrieved	285	1d493cec873b86b993bb11aba8e560e494bec1c6ba315c57b315c6c50ae29858	
Q9FKD7	retrieved	286	602efccc014689cd57a5b904f8367b7e8f216dd8984650d0105dcad601757016	
Q9FKF6	retrieved	219	d8707a0ec5a335f53f3e1b936773c5915a45a78156f28a901e39c2fd6af8fdb0	
Q9FKF9	retrieved	317	3ffbfe01dcd0e89dc71a851e73e99c13757f4735fae6f98f2b2f8cf19f7a60d9	
Q9FKG1	retrieved	241	2d1607584c4b998117cf9a39724e300b07a7e8de9a9838b6d2a67423a7a64314	
Q9FKH1	retrieved	446	2ab9a3f57642ce8e91baafe9dbe86f65b0642eafccd0a856c41497d6b5fb0bae	
Q9FKI0	retrieved	687	2f789542704324f50cb58d8edc4f5f3222080259b18efb065fc26310934aa814	
Q9FKJ4	retrieved	439	ca429fe978ccb17eccaa241b71d30b5a3f60e07b68b6d00e9b48e67d8d444b48	
Q9FKK2	retrieved	299	28af5541198a14ffa9908d79276a457c7a49feb528d08f313a9a40526fc0493e	
Q9FKM7	retrieved	171	40a88e8b2b1f897b4ed436241e4d7203d2076bff9f4594803076ac1f440b1a91	
Q9FKP8	retrieved	279	85dc0c9523aad65ad12eb4d690163f1a504c3a780988e373a2a2e6690f8db878	
Q9FKQ7	retrieved	150	3b35044c47c3093487bc234b4a29208e73bbba4cec6c4370856f2b95326c5429	
Q9FKR2	retrieved	426	b7dc146a12fa8d91569e31bf461ce9712ad349fd74e6dddaa368b0ab39911a68	
Q9FKR9	retrieved	472	63c8b02d261e0487dd4744bb42fe195a7f3704d14d6a8887be723592c7aa5baa	
Q9FKT7	retrieved	150	554f6a3e362f47d70164caa1cabfb912ce9cb802624a0724d287321928f0756f	
Q9FKY2	retrieved	215	91b76d3cda755a5ac4b186d94a69872f35e0d238832c672f463ea20f78b660d3	
Q9FL03	retrieved	584	e7ce832d05e1d4dbca73a379ec73bb6b11ec735b9bad2659d18ee31f63b7e0ea	
Q9FL13	retrieved	183	8fdf5b477c839e31ca1d531176aa141985f868b011597ea27e66e32781d370cd	
Q9FL19	retrieved	385	3fb603da3fa8388d84883b4670fabb0b858421eaf09de2e6817e57f3e7723e1d	
Q9FL28	retrieved	1173	7a27b5a288a354a123c7ac3c3a4de2e5dc27beea0cb9247cbe837a91d704a9de	
Q9FL33	retrieved	776	ada745838d56024cb0e7a09ca93fbf5187d74e2feda93c63afaea3bf756c9685	
Q9FL82	retrieved	252	9bfed31024f2205509c7634ae65ea0b4ec668b42523bab3df43e0e0110076f2d	
Q9FL96	retrieved	73	78249450c26cef2b5e7291cd4c227030c7f6f3641faf538e9a53410a725ece49	
Q9FLA1	retrieved	436	86a6b367a91bfe1bc9e9541282ebcdf41561b87e4ce00bd2f2bbc5370e904686	
Q9FLB1	retrieved	203	6f0e9646157b60c1a08b7cc6b6ba4041179cff4aeacf6a0c9d32217fc267e95a	
Q9FLD4	retrieved	256	8e8aa5f0586935084f0454bc669bb4edf6b99f98371a3ff916ace7d3199ff233	
Q9FLE2	retrieved	424	e01c43be709eab58b819729f2662b8d90194d9bfc03a0b60c3b6e1549fa4224a	
Q9FLF7	retrieved	445	ac9206a8faeffaec1bfb40eec44ccc933acd4556eb88a912b8052cd50071e59d	
Q9FLH5	retrieved	211	cc23613133cdc806c27396501f46094f2f18f570e8e275e04c270071e2071cab	
Q9FLI3	retrieved	416	a0cef80f5933f47d325224dc5fc58b77b48da1d25d1510e2756fcb7e8160f6f9	
Q9FLJ2	retrieved	336	8fce4f7704eb9d421df118b2c5fd5908635708442421e33f7727e8f08d075e24	
Q9FLL0	retrieved	330	56bc4284d33683783246b0dff993d19c8637effb6914550152150125b1ac3113	
Q9FLM0	retrieved	212	86a4362d4cebe814b99eed8c1a61ab14759e699489f3832e4a3bd61b6f954a67	
Q9FLM8	retrieved	51	ca3dc8c2cba2b28c5ec0f32b30cf5c2dec64f42c378d7050ae9aa11f0357cfcc	
Q9FLN5	retrieved	70	fbb6cecad6ca5db483c1f731943b2f7901d6e85972dc8b56bed9f831ea0923f6	
Q9FLP5	retrieved	111	ea0ac14c61665ca42d4067ddc258b252d618167f8807992abd23a4375f19a6e2	
Q9FLQ2	retrieved	448	05bde9c2cabf2afae2319f3ba92e70d36825ad9c46debaa3e94b67d0fd6b5166	
Q9FLT8	retrieved	917	bea84fc6c9c8f951a86c88d9d3cf7841a319b5a58d8646d1693f47cd770f3a14	
Q9FLV4	retrieved	872	6e8bc47b1c7151ccfa12f4f20c3179bf795b18c7af6a473d05e603e17e2fc374	
Q9FLX5	retrieved	589	f3ffcd0ffdf68314ecf8f361b759f23a68dd03312f1c667c4950978a940e1bae	
Q9FLZ5	retrieved	412	98d9e69ad3c9cce417e1591a94fb59c399a5ed21e809e290b1a087c2ffa61f8c	
Q9FM10	retrieved	240	f1a6f08b90f45902dbead2e37d16f9d539d60110dbf68eed42a39e589d63d592	
Q9FM11	retrieved	297	9384a0b1ea70c9055a3a4e23ef0dae64113d040bb2955596755541ee855713c0	
Q9FM16	retrieved	268	acdbbe0df876345f5e238eed316d7196b164fc9a4bc1cce9597b070d91ee0f43	
Q9FM19	retrieved	286	37f162ee5ddab7cc5db0e11799153e036737179b75b9eb94ca38f7d314a20d17	
Q9FM43	retrieved	353	0cbb91d8058c261e9c559817a192cf8faad6479d4e9bcf6ad9a6158af72ff5f6	
Q9FM69	retrieved	277	31223f97498146716aa17602f96620cf473673da76e50ab1c246d52573e80f2f	
Q9FM97	retrieved	498	73fea4bc644519a5da8d72c98c487dc4b772fd9f8bebd3d2d5b96d8abe82d3ea	
Q9FMA3	retrieved	728	fbdd6975ff6130507986a5f86a655457fe22af511c6afa379531d30c36b46b5a	
Q9FMA5	retrieved	465	8adc74190c3596e42e9be2183c7cc2b70db0280606ea49563bd48fe270d9c7a8	
Q9FMB6	retrieved	298	f316c8cad1d75fa75b6014474da02ee1d011fbe9484f5bf97d4f548c1a9c59f3	
Q9FMC2	retrieved	165	23c6c7e3fbb7dc00be85274a5ff23770c3e3ace5b477567f8f014bedbf543c7a	
Q9FMC7	retrieved	178	7adf982b315f27a051366678131bbe780c0090f307f78f58cac1bebbc39f2c63	
Q9FME2	retrieved	460	23853b84e8e18cbb58b43d16d1a0e832abd929614221e6299f569b354cbf7ffc	
Q9FME4	retrieved	521	7870fa6153439d45b607a05a2b9c5186069180a3fa10d379b464ac1135b95a03	
Q9FME9	retrieved	144	aeae7f1479c03d50176ab6418e28768c7ab2f046408c6b42f0522aaa5e4e9a55	
Q9FMF5	retrieved	746	0d5ad6ac1dee63b0d3c162281938db9dabc707d6f2f4a9d07c9bead5ce9a6f8f	
Q9FMF7	retrieved	563	259a1a66044b5f37980d5720d2ab77f78da0f90ac0d426fbd31b596fc50a9159	
Q9FMH5	retrieved	355	d27c3e9003fa489be9ddeb024d7402ca787bb2e256c62a82b291dc4c9fe253c1	
Q9FMH6	retrieved	155	7e387a9bdce41a8fae0275024912d527bccc90d4e536d2fd4820c913efae7524	
Q9FMH8	retrieved	463	3395f28b46f085579b5ea059b47513cd826e8667976637a269467c17942b3793	
Q9FMJ0	retrieved	1121	866383ce2b17bfecebeed6db9ffe3edaa96936c46c6f53998fb3570fd808daf5	
Q9FMK7	retrieved	365	104aa7a9062d1a9c49e5aad6e3bda4b235f85db6c6a9348b0e16a608d30149b1	
Q9FML2	retrieved	471	615ee0bdb5ceb9277ba54c49a8d6d3729a76744234501f7fa97a16d7ebf08cb7	
Q9FMM7	retrieved	370	2066a2d43f8048092f5ed974244e278098abd047ff96abf4db700f30106a374a	
Q9FMN2	retrieved	930	d2332bd3e3b743dc164fe5b3dbd1983285007a791d8ed1ff3df4666004342402	
Q9FMP4	retrieved	124	92b0b5769cba8d02a78ac950905e9566720448511be6692aa83a55836a101fe5	
Q9FMR9	retrieved	458	9594532dfe592157d6295a218d8a575e240e25f304331a8e1f544e142934708a	
Q9FMS4	retrieved	93	e25ff32811516da40482b7ebe1362574c65a4f23ce62db6f27a47baf3f6d40a3	
Q9FMT9	retrieved	70	7f9cb02b8dfa71ac9d416cb2c9b51cec44954cb5cd57d5d5871d6aba1a18ba73	
Q9FMV7	retrieved	510	38f04e4f3b93b5389c85ca21da97fe52d8b8143491da2e4c8278bcc859595a3c	
Q9FMX0	retrieved	263	d9d5826a786b47cf5e04ca00e15706c993978378778e56b2a56b55eea2666c6d	
Q9FMY3	retrieved	341	1f38bcabb4d6cf6ff2edf6c4e020f4d024e9c68446888e50042ac9fd5fdb1a67	
Q9FMZ0	retrieved	337	989b477ab44f91692959b648cd0bad8d39f5a8f7f4d4b5e9e9c94785602f7b52	
Q9FN02	retrieved	413	83a61eb29f5a2ab3fc12d7aad5ae2b38d884c65378fc2e9d204db334c76cd3dd	
Q9FN03	retrieved	440	525ee752f48a80e5bd11e463e1b00bf132910b649b42db36cb0f05f4b596ae41	
Q9FN37	retrieved	1036	f9f8f6e35ee8ca5a8187a960f0ea4dba95fa7b4f4cdefb8b3c6600b7091045bc	
Q9FND1	retrieved	566	280ca108f6a45f3119475b0b7fdca3bc1123f766e6c7d23a9e350366ba55d411	
Q9FNE4	retrieved	1008	3c7f2277c14fb7aa0b9f152e58673efc61a238af51df6a1e519b278313db49ed	
Q9FNM5	retrieved	681	83b6e82b1d779f7b44323da50b4237e3ffff7b64327a877042e02f0f496a5023	
Q9FNP4	retrieved	174	adf38f26afdc5047ee46e54fe9fa5ebdaff88b23a262441cbebf282c5bfd4894	
Q9FNQ0	retrieved	625	407be733344f78d3238d8133fc87d6e9349e0fbc78f87a8c9b2e2b017c09a311	
Q9FNR3	retrieved	639	854e032d7d3dadaa3cab36e1e7022ef411d7cbd92223c59e5050f43c02b1522c	
Q9FNV8	retrieved	139	c23f85e2351d19092fcac28c7d52fbc869c22cd2603263340c6f462d8e5a28c3	
Q9FNY0	retrieved	485	60f4a3276dea459b20876a64bfe773c4187ed548482d07ddd68ed78c70d53721	
Q9FNY2	retrieved	385	a61077b159129a2d83548bebc5a7725f418d4cf24fd03e41fd05c5875b97f565	
Q9FNY3	retrieved	292	a8f672d5c375c4a2d22e91d04e1070bbd36caba81f7d938b436fda8941347590	
Q9FNZ1-2	missing	0		not returned by UniProt
Q9FNZ2	retrieved	430	c4d8e193619dd0cc279142496d633110b6bfe70079e07e58ae85fb2f9c726db7	
Q9FPE8	retrieved	344	207548ebe5e536bbe15ae17cc6ff552067d43ad03d4953c7ff99fb80b9e9afdf	
Q9FPJ4	retrieved	202	1a4ee3a83c9687920fa245f116f36501e6c94d32630d551a08ba622444530467	
Q9FPQ8	retrieved	291	615044545de5fadd12404d824e68ea17514931801ca1d9d5315f7085d5f2064b	
Q9FPR2	retrieved	209	983b9ea577c2647854205b661430bdf032227882771d3bd563fbc35765221b99	
Q9FPS7	retrieved	695	de210de387ae706cfc44c0f9ad39cda0156afd1008103fac5b2bf922f89d6169	
Q9FQ08	retrieved	621	bb10fbaaf2dc33906a99146ee816f2f8a1ff47f242ef661d396686d311575a58	
Q9FQ09	retrieved	680	cebe785ae5334f2f7327e4b883d68e234f9cf18ccfb27e19d997efa5f515d94f	
Q9FRH7	retrieved	445	e0a7d90e90724ab8e11c522fb99abce5c4c86109c01cfc1e4dcaa45a920967dd	
Q9FRK5	retrieved	617	203447a56f16d6a3ce737f88ae9ec6dce1f94ef8d5b615e1b08026c8cded9c7b	
Q9FRK9	retrieved	315	c5946f18382a3e2fd8f0e10032d9f973ad61bf94ac0524d03dfca78a1deae156	
Q9FRL8	retrieved	213	9ffb3f3551c20edcb82dd3e939ccb800bc7c0b77980db3cb7a97a27a6f32c294	
Q9FRS9	retrieved	125	42df89ad49ca4654e58fbf190bce2708490ea77b4defa12336e73c3a06bfa157	
Q9FT76	retrieved	164	71be4bbd093d9b09f4708ffcb219575a90d163e2815875dd6b00001848957b97	
Q9FUA4	retrieved	373	47dc305ba4fe2156dfc89741d06b4cb0b7ef54e74daf78807f2c0cc81296563d	
Q9FUD3	retrieved	277	93cd387f854bdc830fa13838764416b3bd8bd8e93b89bc78aa138a4e7bfed1bd	
Q9FUP0	retrieved	391	d2feaf7412c510b2233812c636a0bfd74e9e487ab71190975c3878a2590f1d1d	
Q9FUQ7	retrieved	214	d61daf185ce5cdddc920cc758a764f181b74af19efe9d0690f642604c2be87ee	
Q9FUS9	retrieved	227	60f4fef8de00e9e95602b6e60da4da0e16392d0e2e2d319b722942474aefa70e	
Q9FUT3	retrieved	678	134e89733edb98b4718da453111143e345142cf41e83514fd6b29cac38c7cfc0	
Q9FUY2	retrieved	931	8c9361a19d615a66c1229510bba1e57968235a276bb71a0b5eadf1ed21de41a6	
Q9FUZ2	retrieved	273	fb394496f5fabbbd6781ab3b63b6f7fa8a1ea63f41c782dddee1825e65adb492	
Q9FV52	retrieved	369	ddf62eee55a7239d70186a4f2cf2a9a2afd3d2ed8fa29c8c3f77d41cf1fc9d1b	
Q9FV71	retrieved	469	97f02346bb36b9773e32f6b6da103736e9861d25aa3908e5644071d6d6ba3636	
Q9FVC1	retrieved	240	8d2fc90f6dabc4b6f68b43b1a7f9f868b13a6a53a8467461207e548a281428f3	
Q9FVC1-2	missing	0		not returned by UniProt
Q9FVC8	retrieved	365	4953d4fea7d307b63baf7e68f3e36ec2edf5d1f92f7b34b39c9fe93a4893336a	
Q9FVI6	retrieved	686	6d727a3543c5e1bea8c1a027077e51a2b4b80240666061d5e0c0e5bad7618b38	
Q9FVR6	retrieved	296	07a378ccb66244c1b8a2ed51d062a07ed4341efa105e4546f517b8525371a5d2	
Q9FVT5	retrieved	362	6a63f717f72f62aabdb1ab72de55d230859900fe50a81ff24f9e6fb77ce7a742	
Q9FWR4	retrieved	213	85d6f6ddcaa456a67ec8426dc73f75f6d172a6dc4e7877a01994942a351f4fb9	
Q9FWS9	retrieved	524	88f89071c535ec838a557223abcda41650799556876f6b2bf2558aee268c158b	
Q9FWT2	retrieved	161	1d52d3895667c4c27096f6ea18e7c11dc290f90c95bbd45a6a8c7583dacc2d02	
Q9FWW2	retrieved	483	5f3fb0ca11869c9991aa8fa620400b94f8caf19905676f3780a759a66838c43c	
Q9FX31	retrieved	722	0b4271916c4e1008b08f2a4dae0bb08567a9bd491cc55168b2747b000774e92a	
Q9FX53	retrieved	406	c195a5bcfea6ff1a667e78bffcdd8c0b1e8a3158c675281167d4f2de4dc662b4	
Q9FX67	retrieved	344	0c9546907fb1882ded0c4e416549b40a8e95c22aa80ad1c879fb5e6cb772fb94	
Q9FX99	retrieved	663	9245b8fb420a01916c134aea71f14949cdc276460f8a3c555772b5b69fcdeab5	
Q9FXD6	retrieved	521	1b8135275bfeb07a396a94a62ff2f5b45d281dd587bc0aa3cc9175d625944133	
Q9FXF2-2	missing	0		not returned by UniProt
Q9FXG6	retrieved	444	6093f531640ab4a5654f5fb7e2af876acb300555f6661ec02b3da0a8426aeeed	
Q9FXG8	retrieved	538	7a3f58d64f000462e7c7fc54858e89687fce555570def8f2304144ca0f017c4f	
Q9FXG8-1	missing	0		not returned by UniProt
Q9FXG8-2	missing	0		not returned by UniProt
Q9FXT6	retrieved	507	2b5863dfb3c9719dcd52036544fe0322720fc8b9e40ebfd11219c0ab86436cff	
Q9FY69	retrieved	326	67facf0f1761be1080cced8b1fbee4d0021d30afef05f334ac86091c832bfb2a	
Q9FY82	retrieved	489	90fc8667efd345fcda6ef3a00567084888298a9d2366ef8aaf4a906227325e3e	
Q9FY93	retrieved	252	15c10353d12810ffdd11c79e32065eddcd6e7b3bd481cca96f7cdc9f06636f6e	
Q9FYA2	retrieved	145	3e939c40a007c05304a8c0643d154fe3607372a407f26b94157cc89bac5dcd18	
Q9FYC2	retrieved	537	ce5c4f927e2e10ff1bfd891f9b43e6903f03325a51d86d7773b294ff8e14c31f	
Q9FYD1	retrieved	551	e5eabe19036becd092b90c5c40d70e8c99829bb867b9e9d15c84151103bbaf78	
Q9FYE6	retrieved	240	add06bd9f93bcfcfd90f7050ff188e9173a55fa8f857853fa3a2704e4e785e8c	
Q9FYF9	retrieved	379	9f36db5f7cb333830fadf86e6c71fe7c5cd6576649783cb7d2f2f1db0affd1bf	
Q9FYK6	retrieved	131	8ff6b3005b803e9f4d05af8738a03215d6c047f41234a9970c9d1487e8b1ede9	
Q9FYR1	retrieved	112	2a88ee49edb92db8edd801fd6b19d5942fd304e80b35d1dd303cc9fa2b63ca0b	
Q9FZ33	retrieved	473	c1484098502003040ffd90ec7ea171d3569a2e9d42e83bfe1832719db83606b1	
Q9FZ47	retrieved	290	7db7f77e030744f0263ee1ab36ec689744effe5e02a2f5af3404af372538db0b	
Q9FZ48	retrieved	153	bf3313dec3a105b5fc53aa020a124c472c5a905bc6407b7956901ca6fdc1e8c7	
Q9FZ54	retrieved	93	3c27c9f440c7ae1c1d82dfca6dc0f6cb789064c55fd9e928c617657379b835f2	
Q9FZ76	retrieved	233	14110ee01ea308bdaa61c47e28261f38dad0d74270567983a8f084e13890827c	
Q9FZ98	retrieved	102	2b8883a358c2363777592d77601a706fba56dc8e38c1c9bf0d8d779b0f160c66	
Q9FZF2	retrieved	184	3bd534b67009dfd8c35b7194a7ad618187b949eb7b3400aef357c5b3bf60bdbc	
Q9FZK0	retrieved	393	b069372891c45ace3cd152c4cb053a045cb8132dde85afbe62c9f72b83e2ef45	
Q9FZK1	retrieved	467	e0a860bcc2767d42b800ca21a09f19bb603c40671906a24d959e5d57d4e1cea3	
Q9FZK5	retrieved	200	c6a2d976a67ffbb31675b837a964d27d62fa1cf20f3fb61a6e9321af22716864	
Q9LD37	retrieved	764	41bf4d28a8331657a5562aae5e7064df17996bda92c95f30fe783cdd6ed11e14	
Q9LD40	retrieved	696	af557295e38503c1e388187868c853a23a246c4e71ea9e5ddd63ca76a673a79d	
Q9LD45	retrieved	247	c551e14f2a1de124428c0f5a12f486d29ce88f311d19e850a7aa554267a688b4	
Q9LD55	retrieved	987	2bddf3063434ac46f6fecac60aa2b2a7f948c474529a7387c45e4d9ad28a68c1	
Q9LD60	missing	0		not returned by UniProt
Q9LD83	retrieved	556	a5d47f6b5915e40670dadae340f0d11a1dd12d5cddbf02bd59b1a88f9adc5f1a	
Q9LD90	retrieved	565	26ba162e33593da3703464e6ae910d66a32f45882caded5bae04d1e9478f617e	
Q9LDC0	retrieved	365	20318cd407fbb40abc6594df6263c63a221e47b2d86aad8a1310d2334e2973dc	
Q9LDE3	retrieved	394	80c0f39258888c9a757f8a336fa6dcf362e66ee9e292738f349a56041b18f657	
Q9LDI3	retrieved	446	88406983634029cd572fd2151d597ba79a21efc076dcd72e235ba45fe0d811ab	
Q9LDL7	retrieved	490	6c224668a8719aa313c3d4e5289c5f41ee07c6d2f6b4bbaf25dea7b42bfbf8d9	
Q9LDM5	retrieved	666	755f79db3001c19c4d867b136c68acf2f0f8c3aa45c6adec58656a4861a4c05b	
Q9LDU5	retrieved	274	8d025c650093b6f8f744a54e0235dde79a5e83454b69fe6bc0ee9c7ef6a4acc8	
Q9LDU6	retrieved	432	b5adbf12db8e6e912c64a8e41b532f05753577f8a1561606231323d331221cf0	
Q9LDZ0	retrieved	682	3b8608e5f17687746420fe789781cd96eb8112d144f2f08966e023381c321322	
Q9LE80	retrieved	253	ce1311f36a5e613da16ecaa7f48bf966ffb45b43ee5f6ad59886ab0464094626	
Q9LE82	retrieved	535	3910bbb6259e18eb91e156f921510101a23ff909766e818d06641fa57479d23e	
Q9LEA3	retrieved	523	4e6fabc8fab342844b08cba64d554ee8a3142cc80fba8fe6f0d7adce10ea00aa	
Q9LEQ3	retrieved	706	42c2d480593b82b891ff406a902db02b949bad9627c8d55dc18e67948eec764c	
Q9LES0	retrieved	245	ad4a50fea5753367f6ce1c3a9cf1d2c2caae638d551f19d9e9ea57cf2a3fb733	
Q9LET0	retrieved	230	7241553a37f3d22b9fe3505b34e27777fb2ef5184e10ba1cc0bcda4818d4dabb	
Q9LEV3	retrieved	206	a487314dea4dc5904ae4ee81822aa81821ed724063b9a2b16e9c97f79b3a671c	
Q9LEX0	retrieved	290	3865ae0945a1d0a37c8a4974a6c97835b4d8af39b5dacaecc64f792e105c9df2	
Q9LEZ2	missing	0		not returned by UniProt
Q9LEZ3	retrieved	529	8f899ab85b7dc912d04dbc4e0c78badc2f1c593a1338885780e0520249883750	
Q9LF22	retrieved	127	11907cec365885df9d2fe376faf76119c7a8c642b31a2947430429d7e7155fb0	
Q9LF53	retrieved	523	35fef038fc12e2e3dadb26b6e628aeaf0d189b89713531f297497de836df2f3f	
Q9LF57	retrieved	149	1d63d611302a9ab6caf00722d329fb113b0ee0bd232f1c95865e34aea744ed47	
Q9LF98	retrieved	358	cd2ac90eebf83c59b953eedf0eaa95fe1b38363d3206a49cba52a05a5af4066e	
Q9LFB5	retrieved	475	f0f78283544ff1b77ad0d32db7441e6322a6fd8ae09c35aad4b36ec8a858880d	
Q9LFB6	retrieved	267	7b78808cedb6d4171e4b6baff1ef7f4f1baf47fc454682c14fb0ad4935edd7e1	
Q9LFE0	retrieved	820	5f9fcec525eb30ddba5cc6a9c9bac29c68022a668a7c9d74ed52c6dd2ece31b1	
Q9LFH4	retrieved	512	d068a28d38dfce89b6c5ecbc75b111a3b639f0c6fc28193cd037ea32d5b594b7	
Q9LFH6	retrieved	299	bdcb9713c9f0c9480784fe27dd086ff374e5fe616a3d6762662408d4c32b72a3	
Q9LFK6	retrieved	99	44af8649add2eb5e289baf9997b70b01939d85aaf50570b876936b42fac4ba3d	
Q9LFP1	retrieved	221	b5f847d6f2b5faba762737fd664942dabdf9e2bf9072b18509180bd325c92cf1	
Q9LFP7	retrieved	493	b533018317cace9a88517f9008a6b0dbc61be3e4606b0653b4b28ad2a5bd755c	
Q9LFQ1	retrieved	87	007f5dc7bee3d8c92b91b4e83bafdbae0fe602f4cb136c377882564d172c6451	
Q9LFR3	retrieved	275	b61a5fff0dae7d15df0b811d2b8117485a780e11b0205b732cd99eaa0255d429	
Q9LFS4	retrieved	638	d9330797cc8818eb9950308036b2e26bb53e796b2c11f830c2a204297ebffcef	
Q9LFT2	retrieved	348	58bb34dcedab8edf98ebe5f828237f3bb872f6895400631cee0dc134a193fe2e	
Q9LFT6	retrieved	258	aec93446dbd43482e77db5cc41ff899703eac0fa21cda40df91fc924d908caad	
Q9LFT8	retrieved	505	dd647db9f32ede01221470cba4e7fe5361c524f8e579c135080d8588c006529a	
Q9LFU3	retrieved	186	a3a0388901d452daecd5dbf6f1b81c59e6b961c77e52e366390c78682977dd4b	
Q9LHA6	retrieved	370	ed7fd3ce23497f078b4683d33da542084170ce4403f4a44a3131e66342adb9a2	
Q9LHA8	retrieved	650	63ceedbf6e7fb0844248fccafa2c41c93a264dd7b5a854a5c55983ea9d64035e	
Q9LHE5	retrieved	309	edb42c83b86c90db4791d17a4f14b005cdbe4c27298a461df9309a76edc4f15f	
Q9LHF5	retrieved	602	1fb721da4954ee8d63775acdca99ee7a12b94cf6baf1ee03f86c06d525695a72	
Q9LHG0	retrieved	293	d9c6c265f4c871b04d30ef6672ab94c89ad761979f3f200ff008e0c16f92d5e3	
Q9LHG8	retrieved	398	6faead6036f24401b4d6fada11e809d0a3e90c6cd53ce9d2876d328379482ee1	
Q9LHG9	retrieved	203	f1f116344508ea9f9b31261e2f1cd9a67664bd58c337b289b1f1c13b0f9289bd	
Q9LHI0	retrieved	133	3b5c50ca5e006fbee673dc0196852455f93ba1eb327d8d10a11d83caec7a5281	
Q9LHI7	retrieved	571	05d82622d45fd568ac748227735238b267f0a9fa307d3b1cb973795a5be9eefe	
Q9LHJ9	retrieved	385	0d5518e59758ba76c46e63158b31e8bc3915ecd40b84c462ac65d5673fc3b9a2	
Q9LHL6	retrieved	556	2d60c843d26833ca72e50c9933d68b0f4f03646f60e9cdb94a5fbbf7264bd500	
Q9LHL8	retrieved	196	3ff5e031c7205537556dd551a7e56ebc1fb07c7759ec868021493bc7b77c50eb	
Q9LHN2	retrieved	274	25f3085050f3eaa5b5633782c016131dd39d1d9ddfad647f25a121fb3d80e264	
Q9LHP1	retrieved	244	c03f25b6755f04152bc4867fdb4422d23abda30e214b48776a06939e3ddcea6d	
Q9LHP2	retrieved	262	ecd3c65132173e3f1de465f48b31a3a2a56a8b79fa2ae7a4da7e0825a2325814	
Q9LHQ4	retrieved	338	43dd0936de0dae5dbf80589d9722d1aceef514ae6dd09277c2d6d68ca451461b	
Q9LHS9	retrieved	226	3233068c4221145a5d11993fec3d7f27f417747786e5b3490cd04166f5b80670	
Q9LIA4	retrieved	578	b1a71ec208609ebe4ded6d78dacd5a2401dba175d847faa54d844e5ae5456390	
Q9LIA8	retrieved	480	333da1123a9b1364b1ca89aa4726b0b5e406f453d2c00d18610bd622b4ebc6bc	
Q9LIB5	retrieved	190	1befb56c07391595125f63dbe9a81e2ba4bdbda44e29e613f7e29aae8ee2105f	
Q9LIC7	retrieved	188	73cbc76e94b67c17c57409c019a178d05a178204cc7abe50fb3daf7a9782f7cc	
Q9LID1	retrieved	395	c434b6f53bd68106a577402029d7ebf8c5c6d6b7d6a380663a10e98b126874b6	
Q9LID6	retrieved	603	db0ddea9b03a032894a6a47b674dddaea6493a75065af146c2e783ba0df9f34e	
Q9LIF6	retrieved	188	bf204967415b8b9d46a97b0d2a60d943d71ad7762782026d3c99a0be2db932de	
Q9LIH5	retrieved	676	a3eb39b97a7b0a1a5f95fb1c1c1587e8ac6aa29292ab1fe605d344449268c285	
Q9LIJ8	retrieved	370	7f513e38013fa45764ae56d0dbe29e2e0aabc94534a7ee01fd36bff71d3762d8	
Q9LIP9	retrieved	677	1141f9d2fee907b97d9483e0a047a95b14a18ddbab6f84eaa323252fb56bfe4b	
Q9LIQ6	retrieved	234	ecf9ee4c3590232707694a8e31cb950d6379fe0a779bdd04595bf6809a35d90a	
Q9LIR4-1	missing	0		not returned by UniProt
Q9LIR8	retrieved	364	3df8e87a620ca9ca35d9c41ead61a4d0dfb3ae0a02a1ca1365b97ec80ff80159	
Q9LIS3	retrieved	460	ed4342eac9805a5821ab8a6383a1ccec91ea861a1925fdbbc606903de99363e7	
Q9LJ44	retrieved	364	0060e0746c7e6eb283a9711f5ee664d2bdee825cff53cf94c4bb3885eb746a5c	
Q9LJ45	retrieved	210	6fa64c6b4032c59805a5e0736da368fbed408fb5c3fa13fb3695ba679b2cf58a	
Q9LJ50	retrieved	440	53315f7067cd164aceb0684dd912965ffa2ea093c056bc449fb7af0647fd04ed	
Q9LJ68	retrieved	415	c39894eab8a82e1019fb4fc7687b39772bc8ee26bd9db549f213786437aebbf7	
Q9LJD8	retrieved	1368	4a7a133ec4338337ad1037a76d70f4514cc600a21912a8773f4f25b223fefba0	
Q9LJE2	retrieved	602	8827409cdc23948b0368e160a5ec698e5a9a2e7087fff8169e034bd13f030de7	
Q9LJE5	retrieved	667	2ebbde23c1dfa236e7b2e50624d11e68a20cd74de04b500211629e1fc583aea7	
Q9LJF3	retrieved	1164	59bf4835fcfe149042b08368a02ac1b6f17aa9d4afd232ba9c9bb382928e0394	
Q9LJF5	retrieved	359	b46325f7315cc27f980566a51b883ac254e8ba90034515641b455eaca719ebed	
Q9LJG8	retrieved	443	cd4c81ac4f9e33ce63b0e52452c40c56242d5897d48be33e5fd36c7fd7454d76	
Q9LJL9	retrieved	599	32df10229a0ed18946a2c3594c09a68e04d4a1c55c4eddb169ec921df7f7c212	
Q9LJM4	retrieved	991	28901a47dde750bda765a15192b15ea9f7535356092333b6172f8694b4b70f52	
Q9LJP2	retrieved	363	d6cb1588d11167d9e4b032ab3050ecc9c1e02cdb0fb5c7c89ec7a40035fe7a70	
Q9LJQ3	retrieved	96	b423e7fec25979cbdfabdbce0365df5f65acea930ba6de7861337e132a1cc21f	
Q9LJU6	retrieved	119	53866be519bce5bc0887444c180eb6ab6e9203d9a50bbd5474877801035a3818	
Q9LJY7	retrieved	510	ae898e346f6206ea967627563bfc448db6cb478ae5c55c59058d99452e38b18b	
Q9LJZ2	retrieved	523	1530f08522669f2f75c74099e20f49632b9daa11f23aae9f89e4f3f6bd4ee253	
Q9LK09	retrieved	347	713399a45a37987f473defefcac19e832e447f2714270ca350c0c31197e99ff5	
Q9LK25	retrieved	279	8581fd0c1552fd3a195556cc3900738b3043a7971942c54e50068dcabc76b386	
Q9LK29	retrieved	307	6ecd1c3313617d90f451d944971a19bc0e86a3aa9783dd90f20935ad1020872d	
Q9LK40	retrieved	1172	b48bcc0ede0c004cca5297636c2350f929e4227f62b515dfd4dde8315ec9e62e	
Q9LK50	retrieved	685	53c979c13d1370ca82aca653e289a331cf5fba66e2871aa39b77c1a498be0618	
Q9LK52	retrieved	230	d658cd7ecf701d62b2467aef0ac8a1485969be66d1be319f5f5e83336797063c	
Q9LK72	retrieved	276	df6bd953a70aadbf495088159e8915d9bdcd4dc3d83ceef899d3da2bb2b60196	
Q9LK74	retrieved	360	ebcd154cb09be6d468f59d992290a71ab8819ff4ca73c7c4b0fe2e6a230aec6b	
Q9LK95	retrieved	226	0bbf1f4a1d4161c0af97b4d50e1dcd95d4f7d35a9330cbc921cc8583cf99aa81	
Q9LKA4	retrieved	404	c7ab382c583879261d8bb1b52059568c05571edab5740d4c6b36eb500513b659	
Q9LKA5	retrieved	395	47e59df9fd9eb058d41545a998799bd478b174fd4d9b6e3c037d72036b95d98a	
Q9LKB9	retrieved	1505	b115243e88ae407b2d086b3b04b86f423c91cb05575a1f5fab8a3f5e1768a01d	
Q9LKC2	retrieved	453	1b20632588ce55586434adb6b00e43b1da5f3aa101f4e72ddeba5645f514ea22	
Q9LKF9	retrieved	739	904efad0e4d7b8b97c9891d06ccec0f9de9917c72b369ad0e98fb7930cc879de	
Q9LKU3	retrieved	917	ef7eb2c15a69f75267e0e634a60100f7f8b45f4c366ababc75d3fbcec083bfa3	
Q9LKW9	retrieved	1146	e6f0bf8d5196edeae79326992fe57006a5879e7f5e3253daf7365889384e8284	
Q9LKZ3	retrieved	1013	5bddb09ce6741c6dfdc6cd013a6453e8662ff148f4ba4e52e43ed42e51218234	
Q9LM15	retrieved	261	8585dbb45b9f11f86d49920956c975bc6ccf0f59e350ed00b52a51e3a102693d	
Q9LM46	retrieved	335	de5f8bd6162df980739451f55c91dcef72822ca6e50d78aa5a3c4e279cd2422b	
Q9LM59	retrieved	599	94baf768760a91889005c0d3f334cb62b4b79261b3ecc8426d4c8d782787eac7	
Q9LM77	retrieved	215	2bf6901acecf1c5cd541d93bcbfbbce7fd2c161d73bda32d248d79050ef68250	
Q9LM91	retrieved	265	b228cf671861410cd840881e6dd9c2232b2501c3dbd8bd5ee8d3f6abc0aff686	
Q9LM92	retrieved	131	97ca76f3a3f168cb65919c4a4dfc79769e0f4ca81174abea0c2c1e88eb71dbe3	
Q9LMA8	retrieved	253	dfcbc585942ead1d33a6c49a7558be33481e63c192d81fc15b38a6287c62924a	
Q9LMC7	retrieved	285	85bf1c4412232ce0a49929c9108d81b98a69160ed1295d1e8e84f6c21d924b84	
Q9LML3	retrieved	261	f21a50b9ed95f537d9465b81f5f2f4c4580414c7700ad0fab0b4c055c17f8f6a	
Q9LMM5	retrieved	369	4f1398922871f9865ce839dfd29ef040d76be698795e68b1fd6c7d82c35b809f	
Q9LMN7	retrieved	733	cb962f371d653c43721b931ba7605191f2241db8826354105de3b259377371cc	
Q9LMN8	retrieved	741	6a34c5fd27dfd30465e914d4c12a78153e0751934bb9d629c04d674192d25ed0	
Q9LMR2	retrieved	390	7b517ea70e723418f376645fc42a050ce7d08330e5f7b6b582dd1f292bae7fde	
Q9LMR3	retrieved	358	8b75065ed042b51e5b0a4831ea747e1bbe3d190afd40de39fcf02d5b821c8a27	
Q9LMU0	retrieved	328	daf1210137531efeaab79891f2f8245332f5e87f9501506f5d4c222c9b6d7af9	
Q9LMX5	retrieved	348	a6683d35b22faa802d068fa63451239f8d73dc700ce82f57270b31fd62fdcd7c	
Q9LN03	retrieved	641	dbb6bff99037af8e560f0a4d653bca139ba0ca2373aaa05e3e0d705ab3728a50	
Q9LN63	retrieved	335	b4f6e1124888d0c5e6bd73653df83f423a5db759ef25616ea9ceef3f8d781a32	
Q9LNC5	retrieved	987	a2288fa35da6e9e5d7270b513e0aa5db42ae6dd9364318612c1e1b25e48cfd8c	
Q9LND7	retrieved	436	2c0cd2cefeb994f35a6db201f486ccade41f1fc02b60438ec779fb9ca985d116	
Q9LNG8	retrieved	323	519d88083cd6c29eda0eebed439bd7ffa56a26a6ed6418dac05b103acdac5300	
Q9LNK0	retrieved	106	6126f71c876dc5b31b9f65069b14b2bbb429883a9ca1a10da338de0aca7f7baf	
Q9LNM6	retrieved	110	d5b62ee180af08980969f2a04c45213a269633009a442a001279206e15846a05	
Q9LNP9	retrieved	511	f207d2c32c01e8764e32851059dff8cd52cf78e2a82f45fd954a7380cafec455	
Q9LNR3	retrieved	919	9349ca2061b289b5bf288b9942ee4399fba56eb80b9a567150a0759ce1364a71	
Q9LNT6	retrieved	285	d7cb2f98c61fe2c9e68eeb2d0c4f1bbb5ad165a2a8a27f840d4da74bb1d5b05a	
Q9LNT9	retrieved	163	0f023d636f5a38cef0e419989592c7b168db86197d4e8a7e468255b983603093	
Q9LNV3	retrieved	498	6cfbbf3e5dc4c00251f4d65b26334c546ca866669324258cb4ed4f163b3e9359	
Q9LNW3	retrieved	442	d783a7b7694d761facbe1c85db5374762b05ef2d4816e2c5d7bf2b5d4bb4ef17	
Q9LNX6	missing	0		not returned by UniProt
Q9LP46	retrieved	1020	89f884b5f32da2d1605776f87dd63f4567791e8f425561bcb91bd7c29e0fa44e	
Q9LP48	retrieved	193	8431e815d4e8bf6f5f2e7b5a671e30c92e3a6e507b1312b5e22dbe69569843d7	
Q9LP51	retrieved	520	abe8e810234bdf004ce2e1251e4732767e7b4aabdccfc4955b6f09fefc0ecd44	
Q9LPD5	retrieved	261	08e39ebc7bc1a5ad8e5efdb94725e11262c1c2dd6cb5d9217030d01b5d8de616	
Q9LPF1	retrieved	370	9dda40c1a26d7a33e4a7e7fa1b3af9d9c2a5f896ac6608e6fcbea406ba628f12	
Q9LPK5	retrieved	155	ec13c7287196c091717842a37e699049c98b1c4758aaab235a313c359da6827f	
Q9LPL4	retrieved	360	9155e3de4e438637204a4cbe2209ee3c1c5d82802af4c0ae42265b7560479db8	
Q9LPR6	retrieved	271	d9c24cab1ce5e0c080b426de40b5eb6f9d3d7bfd66e623d96dac9184e647d6e0	
Q9LPR8	retrieved	482	4e5df063054ec6c3cee2a3c5ea5ca8174f834e65f7a993c32723a6a4b0ce51c4	
Q9LPT1	retrieved	686	1aff612ccc306702f2e4a8dcaf8a3df7691ce19cb79066f374b6d31abad5db5e	
Q9LPT6	retrieved	208	5f62df6f1179c2a8ac8bafae11edc6f299ec62a90ac72ea59bfcad3755c0810e	
Q9LPU8	retrieved	373	335ebfd177ff1ad2f30cc225b54e372ebd53206ee95d900c1f8e3abf405baaae	
Q9LPW3	retrieved	450	9cc5cbe0a346549c5275b7c72bedda820952f92bf32e94efb69d6b1dbbc5475f	
Q9LPZ0	retrieved	363	f92992db845cc5d229fbc74aa985b6d888240b0b2054b64d2cbc6fb98b8f3be2	
Q9LPZ9	retrieved	830	33124d46bbddf13b0da86bca8867dd74c5e94656beb23de1a6b059471a9cc35f	
Q9LQ02	retrieved	1453	22d1aba76229c6be3c3b5bb2183bbd15527fdad4fc5d2460fc87a9cc16bd3ddb	
Q9LQ10	retrieved	557	ceeda79235dd995f6c30891c6df8d367328291f8ab52dea1f1cacdde9621e9b7	
Q9LQ12	retrieved	542	79b103a27b214200ea6c4112dac540899a45297184e13f9f236863f246e1c96a	
Q9LQ28	retrieved	184	5c649ca3f7174a47402546044e35e3403188458842a3570a469399df132f8f35	
Q9LQ65	retrieved	148	ff028685640f7c7bf2e2bca0bbc937ead67acc6566d885851ce52f7cda6af20a	
Q9LQ96	retrieved	255	45e758a2ce8be4bad1f8df1adf03a15563c4d3398723aeb99e6c8b988c2990eb	
Q9LQ98	retrieved	345	eaf524dd14ec31feda977bd6a83ac0e8fc4db1f388e12143f14fd2ead994dc40	
Q9LQI9	retrieved	419	4c0f4cd5a4927182dd9f6ccdeb7546ea65c976739a6c0d1279ce486f820f6533	
Q9LQM7	retrieved	485	7208a91675bfddad1d2501202d50e8e9068145490ec12faae6823bbe84e4ffe8	
Q9LQM8	retrieved	305	4ba339aeb1f9e746b5bd8700858841cf7cc78d1533fcc08423078220f1bf8ff7	
Q9LQQ9	retrieved	363	5cd4c59afe29b544764b41b431f172a327584eadc2028f66797e239fdf76591e	
Q9LQR8	retrieved	487	5c938d93d2cb0c07395efb431b554669c5b069b8d5865c1a7e2d7be5ed739295	
Q9LQT3	retrieved	125	6ec5d7d81a39e29f045540e05130bf16269ea783dafee26559d9e9f10c839ae7	
Q9LQT8	retrieved	533	f9a28c94b19b5e9e09cd585658c9cc4814e83ac2fef1500d36d8c30e64c24f44	
Q9LQW3	retrieved	168	1308fa77ac3be2142c0f0d04e15971f43621ef0ac56af1f587708d127bae5e81	
Q9LQZ2	retrieved	206	138bb0597a0120ff92d34912b7f699ea4bd2994094f5bccbc3ac98cda2a78576	
Q9LQZ7	retrieved	331	28115524f16deb7439026df5a72909b787816043f5b12c2bfb2f62ab082d2414	
Q9LR30	retrieved	481	0919c31a26897078ba57b25d45038caacd444c4b7e4f71324fa1d7e05b07e5ba	
Q9LR44	retrieved	469	ab103ae7bb2154d8b38082f6c868422a43082ae4ae77b9b4717aca29027ba366	
Q9LRA7	retrieved	867	73557eee307dbbead66906da4bb9b6e4a8fbf0ad59400e56cbad4832d8d315c8	
Q9LRJ9	retrieved	252	ae9f43f8fa132834106602a61de44b79386c8c67be1c0e48b5b190286ccea692	
Q9LRM4	retrieved	121	55a002da8a41563fc88c0bf4e1842327dadd998935f44e91ada133a9335e8bef	
Q9LRR4	retrieved	1054	38e482d7ae4faceac52b886a896e259b7832a6629f31d81be8b2550abe3d5d51	
Q9LRX8	retrieved	206	928101fadce8e7bc2791965292f9084974537fb7be0fad3d7ab8f720f375a853	
Q9LRX9	retrieved	186	e275036d4d858a29801580b0333a22df82ddd28a22fd4a461d3fa906c6694d8d	
Q9LRY5	retrieved	354	4af56a4f3d11fd5214b6d0717d104872f1a76c9f207564982b9b64fe57b7054b	
Q9LRZ3	retrieved	641	38e9d08b07ba317901abc9b91887f3f04fde21d6d07d89975043714169b28db6	
Q9LRZ4	retrieved	351	908e27ee7e18b968170dacd542ffadf47113bfa21a4fcf7215df8798889765b3	
Q9LRZ6	retrieved	598	48f709e8f22325a9ac24179c651c545c3fc4e00077198218ba7d7f8169b5cbc8	
Q9LS08	retrieved	344	cdcc635d49f9553cf63270014f9e3d1eba3279a4e1a3fe46e07fd04f1f90ddb1	
Q9LS19	retrieved	498	ad1b41ceac55efd370726a5b0af6b6873ea96c0fefff063f24ab3994b93005eb	
Q9LS24	retrieved	292	796253afb85fdc49d702a22dba1feaa0759819fef8eb9be55ec35a920ceccb21	
Q9LS42	retrieved	689	37eb531018d88b211469dfb3ac8010bb59ac176d83b487bba38d3442da305c3e	
Q9LS61	retrieved	216	43c908d0c6a30d2c438d294e4a1410bec8bff2eafcb7c917ce6e077bd47fe6f2	
Q9LSB2	retrieved	386	b32d6a9603ded5204feed646ba8135baba6fdfa0ba8d9cf6fe64603b5ce13fd7	
Q9LSC7	retrieved	296	d78549d00554a5e590b59b969c217682a730c091cb7ad3fc10e97d42934fa65e	
Q9LSE2	retrieved	494	0d7566cdfc74dd1f161f53bc3099ad525d192cfac9bd461d4ad9bd594566bd98	
Q9LSF1	retrieved	421	427f849bb971199311ea5800f9ece1e9c60316ec0a03a2670057109e41ad601b	
Q9LSH4	retrieved	1149	0b81204dbad9262cb0baca79b57bca51ebdb6e5510fb705cd504940a7a591257	
Q9LSI9	retrieved	605	d89e71da3de101e02cd6a56cbebadebe8782087256f9470f10832e8e78c641e7	
Q9LSK7	retrieved	480	65878aac084b5b9a827e2ee8a1a2fe951d601ad701ddbc1e7a7bdba62cb938f8	
Q9LST0	retrieved	477	95d31dfc5efb7a59411c4ab077a7073ea0787d910aadc0183e57109f04291bf2	
Q9LSX7	retrieved	283	bfac1f37a8218e0e474d0a146a62111cce8a869a814ed59c80591fec561a8d37	
Q9LSX9	retrieved	153	a6ee07da806251ceb61ed7d388ba2564fc9c52d02e978deca897227d6bb07739	
Q9LSY0	retrieved	125	ae8896ba3fa1c406e6c625c5b24e30da59b8ee770757686992622ab6a8d4b31e	
Q9LSY1	retrieved	152	2cc399b1baf9d23bea79ad418f75b949d975b110fe1b394063ed4e4587f41e25	
Q9LT47	retrieved	369	d491914d40e49cc9993e4788cc9cc2cd35cb81c1ea20cda20a6c175434d1c7cd	
Q9LT56	retrieved	356	d0f02fd7a36b39b58100b9c8021936c103f8dbc67d376fbbd58be1dcdc7a4cfd	
Q9LT75	retrieved	611	be31b3ef4b9632eae815b97933f0a78907d107e9bba73e80c8e84a6c9740d5c0	
Q9LT81	retrieved	386	154ced9cb2bb3ac601ac52a294f5e6ad51e91b21a5faaae3976e891d27c3f023	
Q9LT87	retrieved	663	6ff3d6b2c92300d4333a28ca1b7aa013c9a83a230deb24a93478df2560548587	
Q9LTC7	retrieved	320	f100745ec95702fa714662179d38a9299bed64c41f32d353f319ee0e2c3a6ea8	
Q9LTD6	retrieved	172	2ae8709255ea474e75c5fb6629e703ff34652854db2cc1bee047140c847921b0	
Q9LTF2	retrieved	179	24cbe4a0223280867d8a856488fc5248399aa060ab5ca019a7e162ecb0bc2441	
Q9LTI0	retrieved	396	f4f12ed7f395ee4c0c6dd088094d7ea4f097cb10a161657eab72550c0f0da767	
Q9LTJ6	retrieved	385	62e00a27d2395c3733ef1f2f8ccdd38d44f1df7754512547fbb86b60a5ab5416	
Q9LTM0	retrieved	501	9aae72fd999080d6b3cb3048f3211dfdbc700acb6b180898e91509400dff873f	
Q9LTM3	retrieved	502	a1f62b510911dddd5afb292add20cf202b27000ef96797e46c18497a2666450f	
Q9LTM4	retrieved	502	8b14d10ce0dca3eac126cd790aa61947cfe992619e69bab5b0d2ab22ef215743	
Q9LTT8	retrieved	1344	d19707e85312dc4ad9b9ae518cb0e75c690ac36152d6dffd3cc5d34ee4f321af	
Q9LTW2	retrieved	307	289bee652396fbbbabd5a8e5bb0fda9400fcf4692946068f3ac1d2eca9a881dc	
Q9LTW5	retrieved	577	c02f524e86e2d441ec9f7001170003169b483a17e287a2435eb62a88c958b890	
Q9LTX2	retrieved	619	11acd5b7c5854adfa604fa1d4b19e176558f4315a476254b6f1d6b9a5dfdac1e	
Q9LTX5	retrieved	537	923defc93cc8345469f9d0b552f736909d45fe2569d79fe1172ccff66b2eee03	
Q9LTX9	retrieved	718	be06b5c9ca2e491fe3814bb7fbec7b5acde4ce77c95cceaffa29c4d978cce953	
Q9LTZ4	retrieved	274	2f420d9b74d958315ba8cd5d9eeed0930b6437a5c7e8c35fb6719ed196c5f4ce	
Q9LU01	retrieved	280	3d4564fa134dae7bd9b47d0f76e8c49ada6820c5fc3c58d06b79c1137047a4aa	
Q9LU08	retrieved	98	50866dffa725780fc10f7c9a02625121b0cbcb4b5fca3e2c076290f6722396d4	
Q9LU15	retrieved	127	646c20b8ef9afdbe24f469bf4d355ac53c34cc2c8409b0e7ebe791bfb0fa306c	
Q9LU44	retrieved	804	87fd5f9307e6b9686456bb09f5d60ae1764c709fab4a1d5a2589f0e93a45cbf5	
Q9LU46	retrieved	591	65f0e3e604be927f08e4fa63cb6082b741b6809f760a5866ce0e409be3f1f012	
Q9LU64	retrieved	305	8ea9f4e562e20156f22d395849a37c5737eca63e6a86cfbf5c0ee91a6d3854ee	
Q9LU77	retrieved	647	5e26f4d0dadcb1af98155fe1aaff0f8dbb712d97bc0b126354f9dd5c16b8e668	
Q9LUA2	retrieved	332	a1a0004b00e73220793d3ef31db36ea7fa69a78cd94776a4e67e7f0af8ec5688	
Q9LUA3	retrieved	122	3e269bbd9bef6b6605382e0d0645880086a048bd698eb5629b780b7727c7d823	
Q9LUA9	retrieved	373	d39510e66c1c951c490e9b85181cbb9dc9acd29916890e950785bf329ff4726b	
Q9LUC4	retrieved	442	5c4f41078ba29e3e3d3789690540978d04a95970daee034230d6168e4bc4f2a7	
Q9LUG9	retrieved	1309	f67f4e788aee23e60c2e3ddaa17e4cd93acb506d86aee78617f434d651aff7ea	
Q9LUH2	retrieved	477	796146c9827e26a4259f7fa8fab7d619e4f07dcb0b3eebee21414e781918bf01	
Q9LUI6	retrieved	378	674f634556eac10a5297f247122dc8ee6cf6715940761e25c094d0071618add0	
Q9LUJ3	retrieved	163	3e91683c771500d433bb299d2c6a1c46b64852c405150c124232675fd2b4bbc5	
Q9LUJ5	retrieved	293	7094a486cfc32e397b7df57c5e398b40f1382253f1f77097c646ea4c67eadbce	
Q9LUL2	retrieved	480	5e3b6fa15f3840c8620acca299a9c33d44ee6a36b0d802df267968ea44b4e20f	
Q9LUN2	retrieved	714	ef43b9c60577445e251c185bfe4140fa7f225136566d9c71fbdc75f4a263aed4	
Q9LUN4	retrieved	800	14add0e8ace6ef586663c76c476dfa2d0d5b6d652aed54c131310295e498728d	
Q9LUN5	retrieved	398	26f81cb5c123fd20f94ede7985c6c05281d110f2b0c93e59c4aab6fb5b5f306a	
Q9LUS8	retrieved	493	8fc1a4d9c19e3fa345f5851568cc4490f4d90c1614a1dc58448df0ed8fe0f202	
Q9LUV4	retrieved	532	8638d71334630ea50d970c0e8d9d72615767850f98e1835f6b6f490e05c5eb16	
Q9LUV9	retrieved	400	8d9ec58de3c0931a5b39ba0c9e04442af21094f2ee3c8ce6650d8d8512d16479	
Q9LUZ4	retrieved	607	022bd3cf0b21ba98880b70aa8bffb61d2d78f60a016fd7db5d71e22a4d3fea88	
Q9LV04	retrieved	670	0fbb9c3523cd28e2c227522ab9f5e1d465f0a8b77955f35b40fa6fb6e65a02fb	
Q9LV09	retrieved	304	78a8baba98cf2a7315c16f85566a1fea6b63cdb7119ccc3185dc299c7f3b39ca	
Q9LV28	retrieved	326	b317ee1cbb5dcf42712bf67690dbfe1f3ce8d4c401ee8832bc1b3395ce9a5614	
Q9LV35	retrieved	609	5b362945ddb6aa448e5dba760c5aa6b8834e6132db63c62f6039b127eeee5802	
Q9LV58	retrieved	148	bb8a94acc8ad394da8471fec28c4c25488d87963335c45181acf9360ac65dc92	
Q9LV75	retrieved	113	e759989fe503f375d2041d8889b0858889ae1b27abd1d66cae543ae0292274ec	
Q9LV87	retrieved	92	031c64b6f0e5d73dcb6f4b73991a924d4cf3032f0ded94857b50bf5eb1b5828f	
Q9LV90	retrieved	479	589268337effcb88417cc36698d167207eba0be70be033639a58287292999ab8	
Q9LVA7	retrieved	229	1e30afd5d83c8843a03117e4a9caa041a26e8161342fba4dd839ab132ed5b732	
Q9LVA9	retrieved	420	43c50fcaa549a6dcde2e6c7713af81fda2f32c80b0fd70733229c2903a55234b	
Q9LVC0	retrieved	60	2ef830c6e929b45f59943cc0930a5bdc1ebdca908d05a5d84525e3b1530a4539	
Q9LVC8	retrieved	288	0568e5b3fb2ca1aaa0515bf8e8692b217446a7ff3bc7667a8df1eea3c62e1dc9	
Q9LVG2	retrieved	485	0abcb4bdc2d3b578ad1015334a7a620bc09716f53f3c2c451d3c95e3414cd68e	
Q9LVI4	retrieved	352	e7fdd90b30f5602e57883a3c0f0bac581579c1075c4b32ed7762aebfb393ef16	
Q9LVI6	retrieved	647	979850b17fb3988c2bed99d21f9acdffd379f17730eebd42dc5cb1b3d0d2b931	
Q9LVM1	retrieved	728	f34d1b9e2823e9b23d991684c2b70864a54d48aeaa23e5b2feb1618a082496b3	
Q9LVM5	retrieved	324	288b8fc22139300f3e14ac8771c6260cd2173a8dd96446df7e179b46695a1364	
Q9LVN7	retrieved	1095	893978e591063c794ed4dda82372d9d60c798ff883f179d68cbb87144b08c6f1	
Q9LVQ7	retrieved	500	dd91850b8a5f1538d7512b9819588ed149298ea6afeccdacd615875c12d5337a	
Q9LVQ8	retrieved	414	5bbe9f5b9537018f431825fa3cf6d9b9d920cd3c9cdb2b885ba51569640bf0bb	
Q9LVR4	retrieved	398	56b1f87a8e35bdafd801534cf6df95fcae979fefa0f5ec300749d2ccf4a09f0d	
Q9LVS0	retrieved	365	5a4b1c1c1b5cbb390ab9cb63296f5ef1675a86f84be5c07dffdb58e6c09f188c	
Q9LVU5	retrieved	221	7855ccd920b701991fb6e694add639c038dfa1a662befe9c1265e01fec8431ee	
Q9LVV6	retrieved	170	13d9c50e66a5ec7a94d8986f739fc31344c5ea0cc500fedbefe54f295176772a	
Q9LVW0	retrieved	401	85319b76532cd87dbf9c63c588ed51afffbcdd5216ef46e1c5bfb04b7abfbfec	
Q9LW29	retrieved	575	fa6ef05b113f0ceaf3346894b850869b06833f0325e0079be8b8fdb369c59fa4	
Q9LW45	retrieved	173	a83bc53bbc387282e441a8f3d25965bce11e1ac96d0c0ee0badd82d342cbbf07	
Q9LW57	retrieved	284	c41e0ff72007c67dd133f29b8a8e2a28f2d84eb1d732de7f91d54cf47034dc12	
Q9LW64	retrieved	87	f837a722e34465fe425844944750b773f2b9634710db19af3be8b6cb0d2a534e	
Q9LW66	retrieved	568	59216c382bec751c7fe4f485bcf2be3f2337f3fbe0645d4d81786db8c3b15d93	
Q9LW74	retrieved	93	ee4d5b4575380f66189e705459e00791b75ffe743af4b7963c6ac4fa4b9d7922	
Q9LX13	retrieved	219	d0b3cbe95e99e26875f6c6437cf5287c4f7ced8055dc21248f3e29a697eccfb5	
Q9LX33	retrieved	326	2035f06cd58e8c5c061c83017f9a2b390ae4c10e9cbda790818385a768edc9bf	
Q9LX49	retrieved	287	093f485d2c845725fc6b95e94c2f0695e0e6afd35c4efe179e90f3f1efad8171	
Q9LX51	retrieved	520	b4bc60b7bc5b834038f6fcf13e98ef7b8fff019c535f53ac70e13249d15cc287	
Q9LX56	retrieved	475	212c794c17d4be84e05e983e081ca8ebb0f9d19227b5d6b4448da0ce3c3da153	
Q9LX86	retrieved	170	123b4c7144939a8c696c5faa8c3ac9078c534492fda8a0c2a5d11dc710049f54	
Q9LX93	retrieved	301	7e4de3188f0068b3a431ed234577aa4dcdffcb5192afaed21db4e350a07870bb	
Q9LX99	retrieved	1273	6048b3b3e11bf2501ff8ace234a0010f85dd4f75d6147d0ebf2a4016b0e0e4a3	
Q9LXB3	retrieved	500	4ad8a06c191a14639abea2585cf83dba52c10bec47a691c1074e5aa346e2d305	
Q9LXB9	retrieved	280	cd37af8d5e149976a2b1ed04e29e9786874072f4385433a6fbc6cdd8eb62deda	
Q9LXC9	retrieved	300	49705fa67254b96b05098fa89d6a4f8c6eccf24242beb9ca62b6b22ff8aebdeb	
Q9LXE3	retrieved	409	3688e0200392679b7b0f6858db8a4b1a22a6180166b7c0bcfbd5d74135ca2ac8	
Q9LXF3	retrieved	187	3cb211c081d6cdadd53353966a6186ec10f64df8bc12772c33d93d80291cc685	
Q9LXG5	retrieved	94	5404b2727a8ef1662e81c779794d0133f09ce3b56ea83c5f4a3420d4bca23020	
Q9LXG8	retrieved	548	73cfb1ac5e84ebbac2b231545c094c62d50c7178cbb7091415218770409eaec2	
Q9LXJ0	retrieved	473	0fc81ed9c6b45f2659634cad412201271b163177f8f218f7a93b6517a9b8fa18	
Q9LXJ2	retrieved	72	433bb4ee55890b263eddf7235ba34137ceba9aab0e6ea2e8300622a5e9f4d3cb	
Q9LXK1	retrieved	107	d73af981448e19ab503e8a8ff39368cb72394fdae50f7aab121e45af75b010df	
Q9LXM2	retrieved	280	4874714e4ddd11c9d5088315086d9bdeb8bacd02ff30360ed493aeba21bde60b	
Q9LXM5	retrieved	204	d6e210a04d964f082d5a7dd96c9b2c01f9b8723418bce52d02b7620c48995e4f	
Q9LXU1	retrieved	311	d07c2119846ac6712617a717c9dc2e2ef04183783f13b527d77f566d29f948f7	
Q9LXV0	retrieved	488	7905187acd0079a91f86545e2dc504a10ceb0d5b97cecc7a69e223b39f098cf9	
Q9LXV1	retrieved	73	82cd1e14d8a86eacd8b2e694538398c552b368b72f4d70a1aa336aadc08925e9	
Q9LXV2	retrieved	280	512a8a3616ef584a6148c4e9ca9d08a6c057e03db97b55929e1bb354c08ca055	
Q9LXW7	retrieved	1580	043e6861a0377093e79a1214f1257a33b7dbadce5faaf998913496ad882e61c3	
Q9LY00	retrieved	294	b5cd531f80c065d41817d7725e567ef2a448944f35c7072c5162e6566ebf9f08	
Q9LY28	retrieved	479	cf02534aa5a951398c52df4a313a31d5dd44e99329097a2f2c557815034e0ed7	
Q9LY43	retrieved	351	5dccf438f21f165f0150b18ffec1b993cd7eda7b7c1dbe0f2d942765d177563c	
Q9LY50	retrieved	814	201505bea9de04ed0f2ab62420d4f5044e7cdbc2b4793ff9b52b0538482cc876	
Q9LYA5	retrieved	256	d13b9132027ce2aa22324c5d302af09a5315cf5a1dd464e3473f489fea463a4c	
Q9LYC7	retrieved	332	7b3732cd7578c6e183a6bd3a9567b94fd0b5e39d706f451cdecce56f44867b40	
Q9LYC8	retrieved	102	0c4ec0371970ff4b7e8b96784689f26470411d5c58add33dc3b8df7fc4e2e587	
Q9LYD3	retrieved	236	16c8ac25653ebbbdeb36e432c257b82d5f12b2066a6456702f1308cb203450c6	
Q9LYD7	retrieved	314	1dadbecba2e9f8463b5476648eee39b6fabeb23f5afee2417708742f5c6c049a	
Q9LYE4	retrieved	344	d6d3c3007c52bf082552e2d93b26f873b79c2e4801dfb80c1f7b8eb36a0ee720	
Q9LYF8	retrieved	902	221862afa9672e9e65649d602def020e1d6374f48696bb36c00d5a090d67ea2a	
Q9LYG3	retrieved	588	939fbc9711450157926a9a067d01b75700fe34b0b5fca81c3fdfef43fb74fb8d	
Q9LYG8	retrieved	273	9a9a3cd319c1f22561c568ea467979a969407f28b73ad1e402ebb3431f9c2d70	
Q9LYK2	retrieved	493	9613b2f52e672f5ad266f52d64945dbe862b8483644e70ce3b52ad7789ddeb5d	
Q9LYK7	retrieved	590	19fdf8c48affaf06418121a7933f27cd39d842eb13246d940187bdf7827c746a	
Q9LYL6	retrieved	446	f7a9e033ae04639c2479c85502e79f178e2e5a9ee3030a042488dd5f0950e799	
Q9LYN0	retrieved	209	a0e51b2663cb40094ebf592e4185d1ef05f833ecec8d2298ea81ec032c50d846	
Q9LYN8	retrieved	1192	6c651496a60bfeb18110482f7a7c21f78717467d19c824060ea568ab9ef3219c	
Q9LYP4	retrieved	303	792c7daf7347051216675c0a0e33cfd57e2e41dc2b94d002136b767b3ab355c6	
Q9LYR4	retrieved	438	84b9f50bbd764d7fad2c9b173a9af77eb868de425c908edb8a362e7f2cb29441	
Q9LYU5	retrieved	370	5193cc15183677d7b5bed976b66a5930059bc9a9976eb86437816baeb09338b6	
Q9LZ41	retrieved	123	21205e967c3232fab02665723c790b94b48061ac11338f7b88829343fe57f811	
Q9LZ61	retrieved	322	365a8c7c3519d51b3885ac16bd87b523a94aedcc4cc73ceed84ac1a6cc927997	
Q9LZ65	retrieved	222	3e88683c8b2c1c4fe26ebde452caec14a3a09a43ded98d3577ccdd1858e46ae3	
Q9LZ78	retrieved	127	76482eab2aee38b6cad016b19866e25c6e8bec5c106e8b1d3b7ffbdbce2bc4d0	
Q9LZB8	retrieved	634	0416b9d6a81d05428e78e487cbbf875e0127fdc76092f28814681379ac8afa3d	
Q9LZD2	retrieved	70	2dbf8cd0b415a45376988b646186f26508e9e752a277accfe27497ccc1ec6e8f	
Q9LZH9	retrieved	256	6ff8ccb6c51526514b2d27f2f8a2aedbc816a494e1c842ccddc16733cc6b74da	
Q9LZM1	retrieved	453	8a4c8ebff667b89cafd7e035489b9d0c6a7cb4e39695ed15f6e49526a830c082	
Q9LZM6	retrieved	267	9d0c184e803b623917807f7ed3fcf75e901a340791d319ae20d1dfd3bdd5b4c4	
Q9LZM8	retrieved	575	148256561a14ea95c8449130bbe745f73d8ea6fb91279eacfceb03b79ce9c925	
Q9LZN0	retrieved	546	cd6eaf3f146b3449fcc42aafb5411fef9c4eb611ecbf760d0f6d6a39861b0cc2	
Q9LZP8	retrieved	146	343cefa8888368c1eccf503bdd4a77b05dfafd1d0b78b43b993610cd1bd739af	
Q9LZP9	retrieved	131	8e7a344ca4ef0e9774d2f9e2a99a381faca8bbbb1525136aab9bed6069158114	
Q9LZQ9	retrieved	726	3c66fd4da9e14a624c66adbe6ad6a4b296f64d8f82002156f931e807c3b11ca6	
Q9LZR5	retrieved	294	36234fcf9b21b2b0f46315edb2c37c639b3c16314b66f991d8a461919f3e6b04	
Q9LZS7	retrieved	359	0a862addca5e7250fe9c8c20784f04d12589e87eb6e3d94270fdc818ea1dd15a	
Q9LZV6	retrieved	263	3c127fd0f9e1f1c5794e3d6abc3a6e84ac3d7f06dd6e379cce842781739d95ca	
Q9LZV7	retrieved	967	ea27e2dbb36347203c9512c6af3b269675171e1a7dfa9801d933c9f7504a22a2	
Q9LZW4	retrieved	442	add6d3a6f9e8deedaee86178abd933d919ee50c7c8855099fe00cb8839071a1a	
Q9LZW6	retrieved	217	a06ea29e4ae7e0b9a4cf43bc47d2f66ef901a5eb40db1c14e9aec4d0998e11c8	
Q9M000	retrieved	623	890c2b560e7b4ab720d1e467fc49f5865d1cb6870d6f942d23aef48a6f069506	
Q9M007	retrieved	767	5e36ba63fb57b8b39faa96af17bd4566c9635685b066bea430da0e336fd62818	
Q9M012	retrieved	223	388a0780e0563c61420ca5cdbc85712b94698e61c7cce80384aaebd7217c2f62	
Q9M020	retrieved	688	da204d2e6cb9d403b35358ebf7ee98b7a14542a079321ba563735b34cdb9b309	
Q9M021	retrieved	682	72afa860ad02cd0fba648834f9bb1e063a1e9f0612ebb6498aabdbffa6de27cf	
Q9M035	retrieved	427	4a1c82208ba8ab0df5901cc5c788ead38b495a03afea7913604830b61a2e21c5	
Q9M053	retrieved	293	536b04ba7f783ba08c69f1bbccc917ca600395bcefe79ab5fae6eccba37afa3e	
Q9M085	retrieved	412	092069ad793db30ac1b6679c55ff77b4e7c013553547c0febb01b316b5caa96e	
Q9M089	missing	0		not returned by UniProt
Q9M0A4	retrieved	733	9aee40901a013b14f7cd8558d823f94d2447d1486c7470727f629743bf8abd2c	
Q9M0B0	missing	0		not returned by UniProt
Q9M0E0	retrieved	129	47ccafc5a0f2ed1ef93432b62b362b28fb37a1e5991f6aabdb93977cda013dc9	
Q9M0F7	retrieved	415	15bb2b63eb89a1919e2ec08aab77fdafe598b50ca32a4ddaa8da7d9ffa4495e7	
Q9M0F9	retrieved	473	5b0be2eec7d26f6a76235ad35ef301e3024d27960a37c071a65048f104602556	
Q9M0G2	retrieved	356	1ae26da598606d91241589d6320cd24d548be633e0129da90c0e566b95e4ee08	
Q9M0G7	retrieved	1013	a6ee430e6f939258cb26e4e35b0afff32408732ec2f01db3bbd79f02ad0909bc	
Q9M0I6	retrieved	348	116643475ab8ba0683dd5c81dc3764f602ddb168a348a66af1a0f0456aed7983	
Q9M0I7	retrieved	648	29e051bbadc57236edafae144f58042a35ada439bfadf6c99a074968cc7f0eac	
Q9M0I9	retrieved	256	28edfbed66a8af189fb7ae244ce1407c9da3085488fc425b221faa0d09f35445	
Q9M0K4	retrieved	283	57e8e9786f437e8e1f70badc466507ff49e4034cd0a238c95f9dc9c6e050b866	
Q9M0M4	retrieved	343	212c908a6cbe241f5ed1cf117200ac976d90af577f94663f557d476d33cb5f65	
Q9M0V0	retrieved	197	641f93a0861df47c2a33d32bc73a5aa97c9b34fb1369ca7ec35b56d6ad4b681e	
Q9M0V3	retrieved	1088	166c93591ae54b40ec629f836ff4d8c36f9b277c632b9aba09878a7fb3cb7e95	
Q9M0V3-1	missing	0		not returned by UniProt
Q9M0V5	retrieved	250	37fb236f990efb042f15bd0c8fe285a676bffb40f9822b5f633c459ff689243f	
Q9M0X8	retrieved	298	4b4110e4f83cd07d7e4baeae8217d101fa84dd1e0071305c37680a6b8dc90ca4	
Q9M101	retrieved	520	1d219670cea37d8ba96b0101fd896c744368a7ee8ce5bf2040ffac588330c409	
Q9M111	retrieved	809	069d6478a39b26442d47cf17e9eefcf50d624d75551d0b5267b72914dc202885	
Q9M155	retrieved	714	99e3481957d4ef79c8c7964462b662304ec4f1829690e14cc1beb7d859cfa0ea	
Q9M1B4	retrieved	403	0a62f5f590d9562feaf0ebe41c2ad22b2833598eb94e470da693d1752568f761	
Q9M1E5	retrieved	481	fb93087f5dc4fe07449d64e6708d8df08601497ce72cecca604f8a3d4cdecd30	
Q9M1E6	retrieved	245	67701f5425812e59923c196bd67526642d48571a5c3a03cf9220ceb340caded2	
Q9M1K0	retrieved	258	2116e367f8f37b4a0fbfe327d1d166b3643a12019a38405542d0a93d51d2690c	
Q9M1K1	retrieved	253	bd1a2d5742f5bd28610343e48f474cd0bdc176c51bd8725e95be4927d3ec8df1	
Q9M1K9	retrieved	272	0ce998d816dddc7bf0d7481139f4092f05bc698c75563005828fa7f8c933b980	
Q9M1L9	retrieved	372	0a1d399c15921f370340551c5c6ff22c4853548d5bebd7edc0fc4ca4ec940d92	
Q9M1P5	retrieved	181	b1051595d68bcc53ed23ea7528b7261a62cea8daba81df6acccbef86d746786d	
Q9M1S9	retrieved	486	c50beec294e4886f5102345faed43127d0fe6bfc0c70c853a7862f9a90965285	
Q9M1U2	retrieved	204	452ba1e339c7a558aa3634bb0651be0c4b00a1e13180e4caf1a317881c69af10	
Q9M1U3	retrieved	91	bce200f4f441517d95425b04dfff91b6dd4ba33f6fac16f8a35e1794bd894154	
Q9M1V9	retrieved	239	23fd39277c9f308a274d61f42f0cb5b2ee100767475226345aa512668178d6c1	
Q9M1X3	retrieved	69	8bb9559c70ab4654025381ce5935b232cfa63f7b4877221cda862e50ef400f53	
Q9M1X4	retrieved	153	8184f0f283ead12a19db925fda55ecd1c476598410a480022056e86de6ae3959	
Q9M1Y3	retrieved	611	f00d339f0fe9ed61de848755b568032fa0d276c4ee323ea251b6551830ae6ae6	
Q9M205	retrieved	230	a24adedfa2ef14f6d9192382b0a6f7bcc6c8e1bd3489374c264d35fa5f8b759e	
Q9M219	retrieved	558	7478799944ddd2a8427627340786ab9d9cbc17fe25491b122b5a0f8b87de5561	
Q9M223	retrieved	228	e30b6d19ad53955a776cfc5f79825cb5995f06dd8bca077fc524614b8f6fbe25	
Q9M246	retrieved	238	05ef2728e7bd4004241cc035da44b1bcc201a1bfbe61cf00b4e090db7b96b5e1	
Q9M274	retrieved	334	fdbefdbf5a4c2fc032267d0558a8c1d6e31a7e5785d34e921788ea99d41342d7	
Q9M2B3	retrieved	341	d745a064b03e927628bb7d065ee6f3bec79c36febc0af18cb32b40d3b0c9c530	
Q9M2D2	retrieved	410	4799b8914ac9de548c02cf8fc5b0026129d4db9f3de26b24929f212a6dc92770	
Q9M2H8	retrieved	307	0e132df2637a168f3a4ff437b408d09ac3bbcd6a2997b21b5a8920fc0c620e85	
Q9M2K4	retrieved	329	3229055eede888ac94f4339d38bafc1428fd8b267658fdfea3727b04060923ce	
Q9M2K8	retrieved	256	8dc1ffa65f6a13eb118634e21f71a8d4c84b51e7069c6e258159d755d714c670	
Q9M2L4	retrieved	1025	580d9b8e80b536bf04ad6cea5b54cf1b06781310e9a109da72fbd9f3ef1d8207	
Q9M2M5	retrieved	426	0987b3fe992d5496e6745133c21f88feb5024c9169ef4827b3e599c2a59f8849	
Q9M2R4	retrieved	662	6ff0ff1e05ee62ba2ce22cb9e41c5a5ff812126862cf6b88adb8e98a1b1ed2fd	
Q9M2S6	retrieved	273	a65d07ba78f743d2cb9be977c1fd8872e0dde74525b20dbb49568075627b8056	
Q9M2S7	retrieved	190	0fc016edbeaa79b7ef224d729d80fe5ab3ed5800c52778dd7369b1ffb1af5b72	
Q9M2U8	retrieved	296	35170fc469b049b3e155086609d2d8553b4939f7b2ab6c4be5c77a83cf4a2446	
Q9M2Y9	retrieved	310	c909a443bbbd49904cc59d036ae3ebb33b109734d91b115abf0d72ba47b3edd0	
Q9M2Z4	retrieved	233	107eafe72db03f975aa466f33cc7273ee2eba82190b1b9110a033891b5762902	
Q9M310	retrieved	411	79f4d90f2ddba3869e3114d656dae40a7b3cc1a92b537ff66593f65d9f3d2725	
Q9M329	retrieved	114	6c38f4274e2b26c84c8fb882f524c7d174ba48db726d1fa3b88dedb8115bcf76	
Q9M337	retrieved	82	f1ec9fd26a971cd0a3576a049eb518013fe2ad45ea3c427c1a994120e492b44b	
Q9M339	retrieved	249	23e7c0c21d2bc14bbff3ae1f3c9f630ba1b4105d5b74aef94db725b4bd48ecb6	
Q9M345	retrieved	677	02559672486fbcb054b6a329226e37bf6fdf4f184f9aa711909df161d46242c1	
Q9M350	retrieved	745	dfb0211dd43c4a2ffff4baaa5e00e5207d4f8de2c8ca05b2cca4a31cd3831a7b	
Q9M367	retrieved	517	5fdfea017b4a5ccf5cd618ae7155d1f77339c40c2a55c111a49ff1f19be35fd2	
Q9M376	retrieved	240	f4ae61f70e2e48b16fd7023125d19dd300b9fd6d174ac02a0bb08fa61805a589	
Q9M384	retrieved	653	728a4dd9ade66a3f31f9452ab51f3ab1a9fb5afd93864236646558c8aef1e579	
Q9M390	retrieved	570	bd1776b5cafd1f84bca7fd7c6834a6e41c0211e9927d8aa828961e3be4aff70c	
Q9M392	retrieved	203	bf4ffb422d9338c409b33b570faa8684c3c9e438d03bda91b0814f6e81ff6d22	
Q9M3B3	retrieved	522	fe3bf90fa952d26f211faa6283666f7445de5a5aa329ac6f5044dcf5427426a5	
Q9M3C3	retrieved	154	c570e836855afa635dd7e10c1b9a9061742c70e9c9c76eefce6a08b83bb5f8cf	
Q9M439	retrieved	388	77dba33e1206460e1647eeae0f9e1e32371a8fe33baf3bef60d55850c5e4f0c9	
Q9M4A1	retrieved	383	7cc939080757e3df22885ee6b9c820350c20ea6343bb90068b6d01f8c28dd15a	
Q9M565	retrieved	210	82c78a9c6c8249c1f68b7cde18cfd6f0196bdae7e3c92866bb632810e2bf6239	
Q9M591	retrieved	409	9b880a405922ab35a1d7dce62a869a92ce3e8014da454c617d6374acae96241d	
Q9M5A9	retrieved	388	0df83330b4328067a092dec78d4392c460881a776ec4efc366caa5b7cd1f916c	
Q9M5K2	retrieved	507	d5ec7c6de1213539357762ef79a6798385ec6d5b7eb963185cfd2762cf5fde34	
Q9M5K3	retrieved	507	32442596bf9c3fb493b00a737de9069d52821af163081751556a7200dd84d5ad	
Q9M5P7	missing	0		not returned by UniProt
Q9M622	retrieved	310	cd746dd0b8e11405d0a1c824624b4c2e4ace2421d99e4e6cfc254c604c6b1d70	
Q9M651	retrieved	545	581e7839679f1cff0535b463b567cb6e2588d87b8ea602d69c00223d94e5aa3f	
Q9M658	retrieved	2001	4837f680d618ba5be35485f71cb407fc0b55848aa9cbea5781ad4da05c6f4971	
Q9M7Q2	retrieved	431	e736596bd98a9e41ae352bfb9b47bd6fd7809e98729d7fddb7479c6ab44db75d	
Q9M7Q4	retrieved	416	38be131a4efb8d31b9be26ef26f655fc5f5ae8b9e89ca9337399bbbbabb9fa44	
Q9M811	retrieved	543	f902df438f780398496f59a0f261ca223d827ba97a2c9bbb2f65ec9dc75cb075	
Q9M812	retrieved	156	ac3c1b121e66a5a32148aad08044a58dc2cf1ff06499cbb67cb9da33a3a15713	
Q9M817	retrieved	607	70be2c8a836ee7e9f781ff74a367a8386fdc00c91ede16620920f7241b3f8a1e	
Q9M844	retrieved	198	f0549475b9740fb1c91c0c4d9c1ae5aa553c79134cbdcc103a6458a3a15534e7	
Q9M886	retrieved	263	1a7849d0d891dcd6db66dfd756177eabb6e0f74079292e749e3d26d214c84c6c	
Q9M898	retrieved	348	c42be7b0bba2494fc74634fa5df7f961f1c74c15853e15c38e8376e04f77aeec	
Q9M8J9	retrieved	406	1f231e8e36e11d079261391dc2ae3ddf827c46cc6832b99bc85d227489badad7	
Q9M8K6	retrieved	202	6271c4ab8575fb100a645846fa3448ffba8ade917d0f0c4f542eeda788f2eff7	
Q9M8M7	retrieved	457	0be1e4caf7af1d15385935afeab93772860c4c295c4625571085594607afc633	
Q9M8T0	retrieved	627	2147c6aa1ea5d2bb336da356a52e4fc16feba632759aafc9d145b8fa74875092	
Q9M8U1	retrieved	165	d8a031d94d1e4ad5e467519711f763d0b6ecfb90411b8596bbc60a4dcb9a1f1e	
Q9M8W6	retrieved	207	f8ee3fda08006ff2768fd382658e705c3fd5c59cc92f2a886ea71298d1e629b1	
Q9M8Y0	retrieved	977	fd1898131aa4202e7fefa524a1fc8e18ec729ecacff5d266272ed2262a0568c3	
Q9M8Y2	missing	0		not returned by UniProt
Q9M9B3	retrieved	319	a49da9e24064d05c60341c009e3b41ea4d1c565a70cb1dfdd182051d4ad99eb6	
Q9M9C3	retrieved	392	511d76f8454a4bd9bd1663d6c7b25b65714d69b80b1173eb5102b92ac3adbb61	
Q9M9C5	retrieved	670	6f7f494f5c775fa053b62bfccdab6fb9372f947d1642e796c6b88fc4458a5880	
Q9M9E8	retrieved	943	ecf1d0aff09de981ffb7e26cda1f20d433676126492a0c09697e00abb8d0f678	
Q9M9E9	retrieved	343	3048d0749eab9d63641466fb63cacf2be38089e1699b3782020c43bdecb0e7fe	
Q9M9F0	retrieved	311	6064c4b6076f8d0421c7d082b6bad360d51dcb1f9c5a44769958410ce386c87f	
Q9M9G6	retrieved	461	de3424e5734c85095f3593bd97bcd5b56c98ba9b329ed910bc30140dc1880b05	
Q9M9N9	retrieved	368	df40491957bcd98b193f210657d3f49b45370e2ad8d5754c98884075e726aac3	
Q9M9S0	retrieved	312	cce6e428a0bf35211434aa9c581002539f851446b29de98e89d285f1526226da	
Q9M9S4	retrieved	728	9e3c5eb3618b0634bd8ea00b6af05932467ba89b50f5b60c0d4dfea4c3faf544	
Q9M9T4	retrieved	442	d22418cc5d528d8ea38fe68ee7100f90536350d8c7a3d7e01fbcb1617e31a349	
Q9M9V8	retrieved	545	5858be91bfc07ce2cd584a21107ddb512c654bc2a21b2cd91d20c8debdf76a6c	
Q9MAA7	retrieved	345	7464f69bfb4f68c5e28585ef7ee52edf38020b06b79d8d2033ce0082ca4f33fa	
Q9MAB3	retrieved	533	63d7172c76f9603bc0452243de39edffe7aea12c11891dfa0f3cf610e905cd4c	
Q9MAB4	retrieved	593	854d01cef3464ac4a7727e07be8020622a65139b607680fa940e443e083b4bf6	
Q9MAB9	retrieved	117	bd0ca8cad2a159a4ef0be59a46ee095e6d07e34d7210767bd2e4dfaaecd94671	
Q9MAH3	retrieved	438	cb9a0cb249e0bfc54579aa258a437f3620de8b123007d3547e97a72005da5a9c	
Q9MAH4	retrieved	590	d3afe788b2848da538b06640e0dd89afa7dd717d2843c0cc7b6c0ccf814f9d37	
Q9MAH8	retrieved	391	6714cc9ab578ef5840434af23dd74abcb307a88462af8f0fee1d107821f14af5	
Q9MAL9	retrieved	195	9f8eb4511c1cfa5cb9e891d2edc346fc1cdad3d39a01383bf8fb5a149fee7d38	
Q9MAM1	retrieved	447	1156f1902f316dde310f8f9ddd1a02849898f3b5a9666bfec8cc661ba08e0dec	
Q9MAM1-4	missing	0		not returned by UniProt
Q9MAN1	retrieved	358	4be9e729003d213efb6d9dbc0f777f8fa8239f5c198575b06b5bab49c7482510	
Q9MAP3	retrieved	222	df280c867b4c89b7b752aea4b9bf5b57d6beeac55b513fc3a1d1075de445dac9	
Q9MAQ0	retrieved	610	38216d6143a248cd1991be679940202ee09bfdcff97cccfe658b08523be28099	
Q9MAS5	retrieved	220	b3953726280604f5cc470e112349f03c79d5196b1a2b93d710a7d2b41b8d632f	
Q9MAT6	retrieved	448	e27da0a01803adacc142d14e386af0186956990a7aad171afea2900c41430dc6	
Q9MAU3	retrieved	549	fca91d230c3d46a7394787b817286ee0b589bdfada7ff12c908a25d8e2266be7	
Q9MAU6	retrieved	447	9064309c8bb14c4f287a85b82b7a2b410bda86d054bfc182192ffa85d6c7ec96	
Q9MAX3	retrieved	653	e400922b745b80e9eea68a376dff645b557022dea54d7a2a47a7bc3677d09ee3	
Q9MBA2	retrieved	326	a5d0debd464ea83e44be0f778043351d76e4b637e267bd1d081335663ebf39fe	
Q9S6Z7	retrieved	324	3671e3e56df0a3a2882008988b7ee55c32d69b23a9c5b7b35b87d4b0ee2913d4	
Q9S6Z8	retrieved	408	f6e4196aac452e647fc3793d97aab5cce86f2d7c5adf87c69489edcdbcdc70ce	
Q9S701	retrieved	336	859f6eeaddb9b71b59ab09fe0df7977ac493d0b19fc341d85522bd6e1ea5e25d	
Q9S735	retrieved	532	74a727125eae3b323dc84f48359c2793e6dd1cb2111416b147348d27b398a98d	
Q9S744	retrieved	151	d0c9a6ae94d1f9de905da044931ff10896f78e987d8981222ec01a8818a5c087	
Q9S745	retrieved	541	9efa2ddb3ae6c69a894639cec5d8a1915bda052a858acc4a5a9e25f8c870803b	
Q9S750	retrieved	238	cf0c25003dbe2353ed2e194c2f7a25986f0e94c9e0b261a3ee92756720b7eb6c	
Q9S752	retrieved	388	1bb0d4c1e332b5b8bb2252e917d197a87c89be612655d413aea6a7d1c2779b6b	
Q9S763	retrieved	147	efd398be3829eeefb29a2166bfbc9b95c4657e844093691e157a09e12aac3385	
Q9S7A9	retrieved	174	db0cf6b0203ee0972fe1803ad396cd5ed0abc22c2e9f3707fc2446126f3b0dea	
Q9S7D1	retrieved	808	2ed9c8f4ca73b36b7bdddb65a402023b38b34daa7043c1da5cbc70017ce578ab	
Q9S7G6	retrieved	991	58a7bdd9340de1c6bb660fde6ccdcbf7fa939c71ee3460655ee68cb55def1555	
Q9S7H1	retrieved	208	4b7891f3761b06ebacb3bf2b5e55aaca5de2d61fe08d8f7bbdd790c037448723	
Q9S7H5	retrieved	413	7323ac1f88755e99b93c951108860471171d05b582db73f1045d4e59f5933d52	
Q9S7J8	retrieved	1001	d3d5ca691d088bfaed3ae56049b546dbfa5d15aafad25d591c496014690fcd36	
Q9S7L5	retrieved	195	22f09cf37819c92b5073f8cea25738755ebd53365c066c883a7392e689a576a5	
Q9S7L6	retrieved	706	b538c39ffd9d3b51ca9422f08198c965c41a0f64a9d10dbc9b9abebd35cdce64	
Q9S7M2	retrieved	249	5d88c6358249a7caf69ae3db9ab048affea4a582e87e36d8564794884306e3cc	
Q9S7P9	retrieved	300	d419f75d626499ccacec4037ab467173bd3fb2cb180f941a42eab99602ad0903	
Q9S7Q2	retrieved	862	bf4f61e2a830ca241d318e309aa0f147e99bae0b9be2434b365404fb1d7bc2c0	
Q9S7Q7	retrieved	196	76221041358da89c18a60e9b8197b528e23423b701b512a79c9a4fc4170d3f13	
Q9S7W5	retrieved	355	80d0763d90bdae6d2a347a3b350b8370bb18a265ff7e56373ed1e9caad7b843a	
Q9S814	retrieved	1294	78c5f39a5ccd8d7bcbd2647d43e10b355fb15bfcea91567d80f511dea316a1e5	
Q9S816	retrieved	521	9e457174ce6257bb3ba735d741298a964410453e4ccced21ea7b918ffab18f0a	
Q9S818	retrieved	358	3f95e75210043668af135d557e2a760ef4cb81b8fd774f0df01e793dc8017182	
Q9S834	retrieved	298	809c307c1f4daade45d3d0bd839c62ea67bf38bd2aba8b23c960b0f9042af136	
Q9S836	retrieved	483	c7161311f108c002e33acb5baefa320edd1db66dd3c45f061a0efe874ed94ac1	
Q9S841	retrieved	331	4c8a29502f7a14e00317c1e064fce83756d6f314c6f8d640cb94b407eb53bb5c	
Q9S9K7	retrieved	142	854d0f5645df6b968dc91bf8e7639a335d7e0f96b87563425d8572ecd509ced6	
Q9S9P2	retrieved	286	ef449a0816b3204d15aa52d5584f15e5501391082f07cc263b0ac7f85a213b0c	
Q9S9U3	retrieved	957	31d32799adab341b61397fc3334c208e9851be3987870937510b045c65c65d6c	
Q9S9U6	retrieved	460	77c3fe5de32e8ce57de4c3513d5023ed0e4aa555f5d67a7f49c980a1b9ea6fb1	
Q9S9Z2	retrieved	365	e096859bb076dbfa5236b4dee3925ce7480ba1a16ecdcf0aca632b178bab55c9	
Q9SA00	retrieved	310	da8dce566bd965e833e70c2a3f09fe57afe924f8a3b8a07b6443bdfb918067f9	
Q9SA19	retrieved	277	00f1016fe3244a46493c8af8c37bf74c8a4ce4020062352a9fcf566e7aacdafe	
Q9SA23	retrieved	232	752cd1bfc5c22ae6bc3a71d1507ae4513de53ca38e9522375a4f8b642a0d1957	
Q9SA56	retrieved	204	2b60d73df337792fb83721c20235afab477f400fc663ad6f938ebcff9d310412	
Q9SAA2	retrieved	271	24cbd1c6cc626a13add5d5211fc741e21c91d4533436f0fb473aa8b5b6a51543	
Q9SAA9	retrieved	488	45fa650b077312b5beeaeab89e4ed55d770b263a9d848fa55736caf2a9202e9e	
Q9SAD4	retrieved	328	5196a6f62d8932c8210d0ffd1c9bb7d215325ea6d803fde678c30eb250e97f3f	
Q9SAF1	retrieved	427	e75ade570433c0b28ab5d0b7e7b50205be14adf8dd071ed44e7ea77a67728b4a	
Q9SAG6	retrieved	213	199d967f3d788edfa5d9cabe46a58620be7dd1bdb04a6cacdae72bf9d6e11e49	
Q9SAG7	retrieved	900	9f996d5a59a2dbf0dc8bb928f1f868307bd2b78b6a87fced499139fa79af1f1e	
Q9SAH1	retrieved	80	56f2b88ca5182fc913babdf4bf455818810ef4dcb2e2e4830de715cda9d858e6	
Q9SAH7	retrieved	302	39f8f255f88f7209a4e916fa0beb3f0f8835dde7efaf2b7ca347f5c9bfb8b585	
Q9SAH8	retrieved	532	d2495e7beeb1d0948f78aae04de55f9b57fc1adb092c1a328b73db953e51076b	
Q9SAI2	retrieved	274	a6efd989d3510aa914c0b2408963d16cc09da66b91e6ba3ca30e70ff40db5690	
Q9SAJ6	retrieved	422	5181ade48849fe38aa540d01edc5b094fd8358b2c169fa53bf82775ec49cf098	
Q9SAK9	retrieved	126	9fd0a514e05f6f84fda1f28e05c6bef0a16d9a7bf3654a8b9e5fbaecce21bbbe	
Q9SAU2	retrieved	281	b7540898f29b80652eeb3768d53becd748d8b79a794bfee8aaa48a3fba308d5b	
Q9SAZ5	retrieved	155	de84a91810c94a4520354a659635f59d6ccb9601399b2d5bc6afb7fb88494faa	
Q9SB04	retrieved	184	031af704693024a6f3b4c0724b37ba5af8cdd7d1d97c95797dc1465d3dd0ecbc	
Q9SB48	retrieved	692	1c3feb7e281aacd7efde425958968e679fd7c8049ffb3136985a621d3d29df73	
Q9SB61	retrieved	220	031c4abbf52e3bce11eddc8f167e418f2fbcfc7f98dfddc1d4a17e706303fcad	
Q9SB92	retrieved	292	7f048ba1e27aa5efd4a9a12642faaa628f65749aa799c6a1a1739d0e55d6c455	
Q9SBA7	retrieved	507	d01f2a35ab4476598a2975696953252b2d0d67af1ad519d0c27d85eaf21ac176	
Q9SBJ6	retrieved	197	51f94957c6cf06a487344b4a47a372a2c1b85980a5d3dc8d296233dcc8c02311	
Q9SCK0	retrieved	603	54face37185cd79668ba864f9b9dd72b841971acb86d254d1ec471be2af234e9	
Q9SCL7	retrieved	347	f50adb24004f25117fc4da7c306672ec591730321c139744e15a8791da93a651	
Q9SCM4	retrieved	249	7861f1aab4e02d7466c424ae39ca9787966741486ae119e2208cb70180cd8d1d	
Q9SCP2	retrieved	483	b076ca560d1b3e6394d2b1a2e235b1a7b7be48aea24af2271dea6e553503175b	
Q9SCQ6	retrieved	452	dfc498458a2b91b8f2caf1c410fa59be82ddb32c632801c6778201c07a2a4556	
Q9SCR0	retrieved	542	0e50132643c36e61d7e172384dcfa7f88399aab816411fedae2568c8603424c2	
Q9SCU5	retrieved	549	cdaf7b5db40d2590f884f9add82157ed67490b9c0756d0ca30ccaafa61edcfcd	
Q9SCU7	retrieved	323	d7e5345eddd708f7fbccb1f31e458419ed0824a0cbbf3febc106d5a69223c7ef	
Q9SCW1	retrieved	847	8fde2e2f3c7922d0c5a4a5428081b07f6a918145265fbacf1b429eda21f7ed08	
Q9SCY2	retrieved	208	72adbbb7ba97f98bd49f5a794928d0566b04370972ed319254d9bf822e578301	
Q9SCY5	retrieved	289	eec2546c571e78030522c951a32f34028cc7602f60dcb34e98c0166fe7ae087f	
Q9SCZ4	retrieved	895	dd11c7b34a50d1ea69043e35d9369778d1c20abcf8a4a115c04ebb9fad5a9c12	
Q9SD02	retrieved	361	f721a02b8c1a9e5563cdf088cf66e5adf04c9f8d86dcd444838d81b1cc81050c	
Q9SD33	retrieved	410	515b73870983f0b5200cf0923ee583ba68d17594846e2eeaa562b2058800410d	
Q9SD45	retrieved	323	dd0b3444922c3f300a899e943dc3e8a9dec9305bd24a6097e52a07f0514ba58e	
Q9SD73	retrieved	608	708ac61c8de2b8a55b61c39229ca1aa2d642fd27f850dae42a2b826a14f05d78	
Q9SD88	retrieved	107	74b5087feb24c3512a0e914e9916cded7abe84f44c2a6ffb691ac57784adcddd	
Q9SD94	retrieved	405	3f77637fbb0bb99a26634fd4ab83484b0090fbdd648d12080dda4835f5efc1d2	
Q9SD96	retrieved	251	a11670f94540ca6bea7020b1528161df87253ed1d7b52febb47f77faf7aab068	
Q9SDQ4	retrieved	921	fc0b1ad41202f2ba5b223e7e6997fee6c99fcff7cd418e9c0a63833146f84dd1	
Q9SDS7	retrieved	375	0ed06542bb34cd42cb55644fec838b77a2fd761709f5feb94aedc133c224d18b	
Q9SDY5	retrieved	184	e9004cf8c1fac94bae4d4b6a9c8804d184c65702197304707237571cd5616fa8	
Q9SE37	retrieved	174	230f07dbfbf21c143346c2be7d461dd1b55f869420b901c35f0494eae1d58794	
Q9SE83	retrieved	914	d53a43a72bce4930f5004804dfccd89aa398cf8136ae117a543c98af5cca2689	
Q9SEE9	retrieved	414	148f248aed17f404098847ee485680831d098ff1a629112488e8917932b881b1	
Q9SEI3	retrieved	399	0323f0869c7bbbf0fae97c62125316f4ba059fdd16fadcf6c34cca3b4024c83d	
Q9SEI4	retrieved	408	80ec3e3ed344164b61c0bd4e33c19c3213b195aa1dc55a421f8b86d8a4d7aabd	
Q9SEU4	retrieved	287	3d7b2011bdcefb571cf52f8d05a5ee2c3cfe04d2f4ed88e800cb912fb97f31f0	
Q9SEU8	retrieved	186	33d13a2829bb4196d729468b8a03b537dc794060e2bd1ad263ddd20265bb128c	
Q9SEX2	retrieved	523	185c8ce674cef06db78c421e7db850fa69a854037ed8b2062541aaad0c2e23ec	
Q9SEZ1	retrieved	242	53bcc00fc8282dde2d6ad594d932d76511ee93b730da74c673f4c19b8987afbc	
Q9SF16	retrieved	557	ccfee540fb4200131c623224933ba1149f2c42379a5e4d521c4385b387ae11c2	
Q9SF34	retrieved	527	52d00e90193d4cb2265ecd9c922d950771a8eebdbc31f7c268c0076463768889	
Q9SF47	retrieved	904	5764356ad6b1fa907f93d241a8f8a013fa7b2d49c696a8368e575783ea3722b4	
Q9SF85	retrieved	344	ebcd0066ec3ec127da166ee689c3411f992e933ca04ab9867c56b6503d41b603	
Q9SF92	retrieved	205	c2575535874bbf2d2ecc7500ba85ee19f992bbf425020e837f0786a961295188	
Q9SFB0	retrieved	526	8995d190274b1bb812e9e6ffbdd5ead55d92c03bff75fe93ad822a9c03152e6b	
Q9SFD8	retrieved	238	ad9187137f18fc12b0083873e2fdef34e7cb04655d6f685c23ccc01f7c7990a2	
Q9SFE9	retrieved	341	31da08b9a397aac8d17f57867e5ef350ac3daa02130a9c3af85e6cac7e93a4bf	
Q9SFF4	retrieved	629	b6ce887b6b7c6c0c479bf25768c4f2e1d0fc5f672afc1614d6b689872d5426db	
Q9SFU2	retrieved	360	7360c01d3bc4bb7f3614689f4db2cfac3ba810a3d1a3a32b218d8fc7806f53cc	
Q9SFV2	retrieved	320	b8f195e0c924ba9ea01be927cf0ae64a74006dcf83db8b513ff9167e394155db	
Q9SG80	retrieved	678	a2dfaad81955486e6ad7c5e28a2d65307b11b754e98293817788209a2b437b3a	
Q9SG82	retrieved	335	189ed31d7827afa7fdda20d592de1fde702037a6983591b5c7abec35f8309e29	
Q9SG86	retrieved	675	ac73a4913f3718a4cdda2814a448d9b898a91a7855f34b12778701b7bd382a90	
Q9SGA6	retrieved	143	e9643e8344f00a1912c1f738819000d14d3260850719001c1ffbea4a84e7bd49	
Q9SGE2	retrieved	111	24c31c8bd79e61b0792a8e944369688672a5544f2d4021dfa9ea5c9381031498	
Q9SGH4	retrieved	220	b3e77fffcb146dc368c3da17e709142337fb4e7506e3e56516cd153e6c37abc5	
Q9SGN7	retrieved	470	3df4ccf729281b2b5318434bfe501fabfea9d32eed7c09d744a4d1d8c8ce5867	
Q9SGP6	retrieved	137	a897a60c924b4443b92ec07119437c3eb25a5ec3759f5ab0d5ef2cd1254e17f3	
Q9SGS2	retrieved	338	747c5c510f7043685d22bb84801a4f99166684895140404b40d1ee1911fdd48a	
Q9SGV6	retrieved	334	a2c26cdd23a527decf2fcb478f1e938b6a6568ceeae763a6b4d711ef6e3d6aa0	
Q9SH71	retrieved	587	8c11ad59f308a3d7422f94a37a2dda631f25f0a55173177c00bb860f32a24cfc	
Q9SHC2	retrieved	164	a530ee38b731d124410a8708b9bd1185322ef9f787a5abda5da41a648e70e36c	
Q9SHC8	retrieved	239	059c9b2b1df9edac07d63745ad98e059bf633e9a00769941d6da171fb3282854	
Q9SHD3	retrieved	222	17b04dfc5795ec3b44cd047455d5ed357b02d7f2201795f97eee99647e7866f3	
Q9SHG7	retrieved	154	c88e9ac72f6e77b6503fe92da266b6e14634e1077b410d2ea578722d07e3f9c6	
Q9SHH8	retrieved	220	fb278a668235dc6f69d0ec769f95eaeeffafb2cb4d6a41221a47c09ae7fc65e9	
Q9SHI2	retrieved	1101	fa514df02aabb6c8a77ab031909960dbc7dc9c6392de8059aea7d9db77839a62	
Q9SHI3	retrieved	729	cdd2d722d324ccd5573a5bca2bafc0f99ebe472cb375f6eb7e30dcae151e6310	
Q9SHP0	retrieved	422	cc238be44e0463929a7b0a6333cc4d761f5cdab3ae361b4172d80d4813a577ca	
Q9SHQ6	retrieved	476	b7112614dd1f00e1bd3a6a1d3d432194c635aa7e37e83e3d83defbd53a0dcf62	
Q9SHY1	retrieved	371	9b25b51b6bf9f4ce92020d1044c5839ae77699c7c9b6d02625575d7e9f72fb98	
Q9SHZ6	retrieved	343	24b7f079cb72611eb6e132064b3d9494b2960353aa4d06b09087dbe1faf5a6d9	
Q9SI03	retrieved	300	4bfafc89c1c7f7cc02217973e3764a77d5e992fa15dd0eebdeaa66ab066fbefd	
Q9SI09	retrieved	162	e7db91edb0131bd8e0676d37737ea991271ec8d24c86752427458ef54f9bf080	
Q9SI20	retrieved	231	4502e2eb72c961be6bb70836b4d1a04d60ca36434ea503c39788cdca8c4d0d60	
Q9SI54	retrieved	99	7409dd3c9806b11305fac8da3b181c15c8551637549d4ae1ac5e0bb814f697b6	
Q9SI61	retrieved	566	d32aea89954e00c0c3fa2b61953491ce5036480da872cc075e7fef72ee78dadb	
Q9SI62	retrieved	343	6078a8892da28b493d6369ad4d3965646ea62ec6ec64c27bb97c2d437ab950d5	
Q9SIA5	retrieved	476	ae1482000b895e58e5ce29ae9e32f1d4747586b4de9449b9ac5ee78b130b23e7	
Q9SIC8	retrieved	199	e60dae7e8f5d7ddb5b546bfe89981e13847de38627c8ae03542658ea85e9a029	
Q9SIF2	retrieved	780	0019a368dd69c9ac98d534a672f5bab3c6d0fcbb2ad07afb5bcb1f73938d1fad	
Q9SIH1	retrieved	164	f2fd18e9e65a99b45dcbe46937af903cd4c5181ca5be026d4db12b264c89f2d2	
Q9SII8	retrieved	551	61ad4b9a11c32fce70954e3fa6f12d70078a3469b88f60f569dc1b315c910737	
Q9SIK1	retrieved	523	45e1de1b980eca701a6d8522b38f9cf3edaebcfff5f9e5ef3dabacd3c6137765	
Q9SIL6	retrieved	286	98a5f0d9cc19f01e7916b81e895bf2d24399a507678bbf77603cb831aca49022	
Q9SIN1	retrieved	691	0dd68f4eb92bc106dbce12ee7f04e3c632bab36f03ee3cdcbe7974d71bf7994d	
Q9SIP7	retrieved	250	ed577b3acaf7f049a1caa0c7cf2b784329a2dda3b8a40f9ce9c9ba6237851930	
Q9SIR8	retrieved	155	8503543a47668ed77bf3fc0fc15c01ddebb172a468760b1a1af8fd6f3cdbaff4	
Q9SIU2	retrieved	848	8a65c258b2f8a0bf388abd6b52a1065a082c73281d283da0c86aed0e86271a5c	
Q9SIV0	retrieved	462	ea08d2db4383ecf8ba121660985ac0c5615ba62ae39d5ed84c61288961ea817d	
Q9SIW1	retrieved	482	e72b32dbde68d013743dbc77a1b7a2716b8123f6d294b2e854b55ee1f4c0f727	
Q9SIX1	retrieved	512	87689ec7fbb71728017a1dbbf4a7b05eb79c7d0e5cd2eb951ec9b8b19f03080e	
Q9SIY7	retrieved	213	184a3924e3b4f50be9967cc63a12549bd367ac88695610a0a3bb979bab4ce7e9	
Q9SIZ2	retrieved	344	f4410c7dd24b60b17371fb4564bc6d77eb4d7eef24d1ba457421fe2ae8de94ff	
Q9SIZ5	retrieved	410	25089b2dde71ebe0ed9fe1171ddba346ab6b9fc812c797f1b493c39f6c8f0ede	
Q9SJ16	retrieved	569	ebfd0a198226ef5af85d77212ccbfdfebcfc4b96d2b932dcb2fb3aa19197a837	
Q9SJ67	retrieved	189	1c3f71e91c31da6eef17ccabe47493dbf318cf8e5e405f42dd4230631613d726	
Q9SJA2	retrieved	690	1813cf4777f0d315824ff4bb1c0a33e5d0b3499e9d1a57030ab7a933987fe71c	
Q9SJA7	retrieved	416	5922e8d657cf46f10931f47cd8ef3973fbe9f838daeee45ced26b83ea2e39fa4	
Q9SJA8	retrieved	321	e58f82aa2ae5f53f428403bbc80e6d909f8463fa5a0a2532c64aaa2fb9f69c89	
Q9SJC2	retrieved	247	ab07362c58dd0b3f817e1e3fabad586eb7ba599b1520de02084ca869c344a022	
Q9SJF3	retrieved	367	0d4096364f8f86985c31f99c62cf05dbdef0bd3b7abd2b80daac74881c2318e8	
Q9SJG9	retrieved	606	627651b674962b4286b9c6ce8917be4127299dbf1ddea55b514b659dec2eae92	
Q9SJH8	retrieved	293	5b0d112c18d063e90afaa99af0e03bce58fbbc54689e0239f3027fa2fcb54805	
Q9SJJ0	retrieved	255	b931a4e0d7d3117dacd5c071b7f38dcceb69242f695f965e759f047baf251c09	
Q9SJJ5	retrieved	83	bd0a8cabe76e1e6dcd540df35731ed2364a9e849445135247a35935175b1bc42	
Q9SJJ7	retrieved	237	aebd0ee02d8644b16e40fae436fbd81295f4fd876483dbc9e763b54545d58e80	
Q9SJL7	retrieved	298	0fee6a97432a801f5019b494f0a58f8306c58440d69c3b72165524482bbbb5c9	
Q9SJL9	retrieved	299	0bb78627ccab5c514c6e38053083df041ee5562e6f52e135664cb9d989384b75	
Q9SJM1	retrieved	410	ccb1ca5f47570a2dd4c832adc28b83b3efca55975c9dd0f7a16a892e5cf4f695	
Q9SJM3	retrieved	949	ce2b800da79d0626680ef42957ebbbd9f9c96a9cebccd8644fa82b915895c0c6	
Q9SJN0	retrieved	442	168d2534e44b44cd230757bbaad40fccb079e75801225815a341d15bbda60978	
Q9SJR5	retrieved	398	4b7641479ad6e9e4e583cc9bc33249a4e0e20c7560ed7bae96607827c178559f	
Q9SJT7	retrieved	821	b111caa870c7fa7530c3f06f120f55a7552a3fc6895db8caee925cdfefd35e43	
Q9SJU0	retrieved	1058	596372049f1876d7b102b55df8de58ceaf7448ab130dda01b8856450a6748ed7	
Q9SJW6	retrieved	378	16e52461f00a5a31da319ae075d5676c70702fd3157c133c4f29e5df3e1c5e7d	
Q9SJW9	retrieved	571	26d6a043de749adb6935057d226ef67ac8b778648d8c9c163c20659e8273b71c	
Q9SJX8	retrieved	249	538e8c028703a29b482afbb6d22a18eab8919e8ac862ddb2802261e1495b4e1a	
Q9SJY4	retrieved	124	bdcefe2ff5fafbb751ece0e74ac9769c54bb8315b0050861dd19ca98c2e123b2	
Q9SJZ6	retrieved	219	8273cc981bb07427f54769476c85754062cc8afb944bc18da29a06fcb94257ef	
Q9SK47	retrieved	445	6efa3bbc18499a9bddb5ed3d271912b1e761ebb9a5bc60eb544ecc682ab3b02a	
Q9SK53	retrieved	294	cd8586f20e1e609e8c54e78ab5691a61f63bb8865f6d069a1867f70de631e893	
Q9SK55	retrieved	275	3a86c1d47fd6e058a31d9f1a6f1f48af5284ab3c1a32a3134e5a62db510a9853	
Q9SK87	retrieved	386	0d3ce3333ccf2c1a27d6e1d541e910cf14e536f1b1d8684e130de596f330d17a	
Q9SK92	retrieved	381	29b4b5e34e51182c373f1bf0294b25182ca75c225ea84135fe8f2a53e1668808	
Q9SK96	retrieved	564	9ef2881cc5edf0d4361a101b50bb2a59813e49ef466dd551b8a7775861846c1b	
Q9SKA8	retrieved	585	853ddf2a2bbdf20cb97d8921c1e377b073855a6736c9671f82045c19dcbcca96	
Q9SKB2	retrieved	641	bc7832074cd4dea66748fe318eaaf8542d7c9076e63f2ca31b70cd9f7558cd33	
Q9SKC1	retrieved	457	fda09c01fb918d6298094dba503cf95ef2e05d08449f4c7e9cab72a88d8117fa	
Q9SKC9	retrieved	103	1890672e23b67b3b835935bc603f8c0b5ed85d54407d110acf5387a36e3d408c	
Q9SKD9	retrieved	295	80c225cbad0fed5b6e7fab817fb6fe75720f809099739b1ea65ee7510eaf2c26	
Q9SKH9	retrieved	336	aa0b15a56c72f5db1316ffcd61f3329a2c5d3af0986c7ed4b91c0e428a71af13	
Q9SKK0	retrieved	628	8130070a045c46353e622c6d359c00f993b9120c19e2a83bcb60bd41fe81fdf1	
Q9SKN2	retrieved	434	b338537a425c40f3967cbfb2f3d22d7340f029b989c6363b75792eba36a2f872	
Q9SKW5	retrieved	314	65f70fc30060ce8790e8e44f55c39e58c57187303756b7a46ff53804d21f8f87	
Q9SKY2	retrieved	139	5319f0951d70511239253eb6bd42bbd0dd8ce93eeef68c82a42597d849b97ee0	
Q9SL15	retrieved	145	f65ba5c5eda58b1246c43052eed420ff3a4b896dafd527f49d51a9a31c4191a2	
Q9SL70	retrieved	571	b077f0f1af4e38dbf6fedb630587f4f35a02d71495ced144cfc4e18b288f1da8	
Q9SL90	retrieved	2464	88e3605932f829f9bbcc4113c0eaa6c6510e0269c64763deb7a2e15687ce4da3	
Q9SLB9	retrieved	450	d2afb11773cb13faf841fa5d1f1b954520a0202cf0f46a8b75222a2a8c6dff45	
Q9SLD4	retrieved	178	2b9763e240c854ba51e682b26fd06e5f4e422c86bea50cacb8f69fe754dc9976	
Q9SLG0	retrieved	141	563d3b6ccdf18afc475120c68d4f8e9c698aa19b89d810f575781c4a240ef0ec	
Q9SLH0	retrieved	584	32e991b156319b3aaeb190edc837a8fa7e671f989f5411599658f295ea66a793	
Q9SLH3	retrieved	587	1e450ee3e1aa03b3189ea88823cb86489973bdb98484010458c8f62370e42f5b	
Q9SLK2	retrieved	349	bac700f76fd3630c8d43f5f98a5796180d973fbd61ebb0a2df1364912f26fc14	
Q9SLN0	retrieved	336	3a07feb032e080c4b71ad772855b5b07ac14a18add4fc0740c3b85087eba7545	
Q9SLP1	retrieved	534	40d9d3391220f128e580a5285e9ae95513fd895fe0590af9a52f6a991a8b8fe6	
Q9SLV1	retrieved	225	f4cf885452dee3c6b8360c6f76140cc24f1c5e7d2a4b1be21dbbc0c3aa650186	
Q9SM23	retrieved	338	e2da1d4195b131b04766be1aec590163d8d042eec99666f51d34af1912a3a4c6	
Q9SMN1	retrieved	256	48f074a34a01923d6b4e85c18a55040799db7f510f4c24e79557ac4051871a56	
Q9SMP0	retrieved	234	b14271940abef1fa0d63b87766aa5b2ed1c16f54f980519c3c6878eb709722bf	
Q9SMW7	retrieved	165	647286cca5bf2238a093072003c7007fd110e1721a0931e71e83cc7c54db0daf	
Q9SMX3	retrieved	274	e72323e8c68759ee7f1295d94dc400d3542a0afda794859b47520fc142be009f	
Q9SMY8	retrieved	990	0f63c3bbd09d3132d2ab9b9526d9d10f3d845c1e4bd5d7e9f1db9f58e1d873fa	
Q9SN12	retrieved	301	ca842f158e3aa0563afee4c59620e9073a7ac66f1444d75640cd6ed0009be650	
Q9SN19	retrieved	502	cbd58530434c65389d41ed474d9639372a5d477c0c1119374b8a0cb2b167c963	
Q9SN23	retrieved	247	295150a10028e8d5e2875289c938219e6eb2f9d5b2e12d9eb2a0b4c2fa3f52a0	
Q9SN80	retrieved	1011	ed0ba05ab11de75ed98bb0d2f3d1a899ce0bfc7b641c6ca478b401a63f319f57	
Q9SN97	retrieved	838	faa0da416168746accf043c0c9c6b8d191450a811d610b68d0c34acde6c92cd3	
Q9SNA3	retrieved	889	b9deedaf3c3132d88cd8cac8f2c5c5a173fc28667f7dcdbc043f4f1a8112567f	
Q9SNB4	retrieved	323	72c91a18166e25dad6360bd4578797ec76d78e1478d98b396ca7000bde0e075a	
Q9SND6	retrieved	342	8e907910b151df4e4632c7b8389e648e9eaf0103f174af7a2c8a06fd7b33d1ee	
Q9SP32	retrieved	1909	599ba99799c83963e0ce0f2b15b3e68ea4d88125bfff79eb118328fbc59f74a5	
Q9SPI1	retrieved	307	266bd5953495da74c54c3295ff50673dd520c355cab448ef5d4d84916bee89b0	
Q9SPK4	retrieved	284	c77ee2977fd672d1fbf75e1b5b2a1220942a99cc5dba1ab8f7137b8cc604dcc9	
Q9SPU7	retrieved	1123	4016c47fb54a1d48e681fe2dd9bc0011aa8ab65df8cb0a304c75dae58d3aee31	
Q9SQI2	retrieved	1173	88b31a7e4be5a76e537a5830913f2e888b90e5d37c2210669fe0cc68e1edd995	
Q9SQR2	retrieved	272	8e4e695c1e60515fe46db24e7b2200b8cad76e92fefa808963bf2585ed75ce68	
Q9SQT9	retrieved	125	8727966a0aa7e429b3790ee3467c180b51b768b5f1d9c89e2c166ce9bed81c8f	
Q9SQX9	retrieved	447	d7c77d31cb7ae6cc0027b37d1a38f2529bc3110652cafe379fa5871d70cfceb7	
Q9SQY8	retrieved	287	e0171960996da2b1e75d5b6e76b2297e379238a11b6680cd3b7a184cf1ea46df	
Q9SQZ0	retrieved	584	1ba001d1d1697871baca17c88a95d75f311ab2699ddd1f7c91914d22fa642bbe	
Q9SR06	retrieved	444	11526255494c1c83a145dfbb9982b3b0515d9153a1467004eda536cfc37d03b8	
Q9SR07	retrieved	330	e4972591327f6429d4bb64ccb15e77da235daa42e47d4dc353b30119e189a8cc	
Q9SR34	retrieved	172	8db4e86a44154c915b3ca22fb9c8e1c5afd785a4948e09709c0114eafc886da7	
Q9SR37	retrieved	524	b38f7ee9a77d2585ab25e88d02178cd1d0c8484668272b9b883aac1533d5378c	
Q9SR38	retrieved	244	0fa38c9ed4e25faf5df4eecb8b6eb4ee98774f54564d21c8520bf2d23f952d17	
Q9SR71	retrieved	539	bd7591c66b3edb9ec2f53ddfd692b05ec59fd7eb2035381c434d02d9a3c458f7	
Q9SR93	retrieved	509	747fbfc5d48b64b9eac6bb416ffbdf55f1f86e8c4a9cd4891dfae2cb8e9f857f	
Q9SRH7	retrieved	490	82ff3069307b2005b0e4d2fb5b0c0b013ebb40ab1d16cafed3da9b3745d15d26	
Q9SRI1	retrieved	302	addaad0d45a5620e028a2a252890709e9daa4711d11226327d5d3df4c43769b5	
Q9SRL2	retrieved	957	46d57271f26ccd8bc8743ec8d314394ce4e258ed0eac6210ef1f8dafc4ddce12	
Q9SRL8	retrieved	165	3a99515ad2ea91c0329254ada0e2604b51797d999ce19eb351e147edcf2092d6	
Q9SRQ3	retrieved	248	7507524e617288fd077ba91089d22ccf12083fbb33f24e07ea43ad8f74839930	
Q9SRQ7	retrieved	538	337cf54addf2e2d9c5bb7de87c9b8db8b93a0d268ab79c37a7f456e0102fbe6a	
Q9SRQ8	retrieved	356	1f7ab943ab999756239b5fd384f434381052c782ad09d111e44630642b209e5d	
Q9SRS2	retrieved	235	cbc3247996bc89bb00156240f41b4c889c2b048d30535d4b79d04d48c60756e6	
Q9SRS5	retrieved	217	8fafb9e4dd30e6c37eed16322ddac9d450c598d729f60c18fe4018c7c9306bf2	
Q9SRT3	retrieved	682	140134482af125482251f5ef26329ebc60c834c3c835615ac9ecb2b067fce46c	
Q9SRT9	retrieved	357	dcf13663e7c3d5e4ba5e9c03ed891e5dffd78b8cc923a03147c05ab609be9498	
Q9SRV1	retrieved	465	7b691dcb14fcacfddad46c0fdf9eb6f1e2695049edd6fd6b9c92bb28c4180ad3	
Q9SRV7	retrieved	306	5b16df7f6b737b5e309dfed507f205a489a79d3d117555815013b9b6ad9e578e	
Q9SRY3	retrieved	120	c97984c4f95761d792be06782ab34f04c8e8f24cf6a29776ad1db9073536ea3b	
Q9SS37	retrieved	247	a39275f4c16149f51b03ce97d9b23ca01108ed1e0a853c79b5cf69aa129f9020	
Q9SS94	retrieved	820	6132bee13324c98bc25f18f461cc3026c1c81d41ef1514b394f64c835d2b0fa0	
Q9SSA8	retrieved	358	1ce933eb4b385b191255842e6eed6cb8094fabfee2bbdb3813e07a17d33d0d93	
Q9SSC7	retrieved	210	7e516d3123c2d576c933b0a8ae6d30dfc6cb9600711beb5a158ab1ecf94a32d0	
Q9SSD1	retrieved	496	56001022801889c94f0a9a91f43dae2c4adaa36a28831ea28da28502334e7c7a	
Q9SSF8	retrieved	541	56f83f1b7391584b16b65420dd9645ef5acc17e22d0d06f14e7470374053b2b7	
Q9SSK9	retrieved	335	92996f45c5191feed6a805c26db24be199b7eca9ecd740fdfbdd916e16eda58e	
Q9SSL9	retrieved	1123	d2b898bc6e53911a971bc65377ee85eaaf3e7f7090bf5ea8568f2ff1d3d3fab7	
Q9SSM7	retrieved	209	686e9cdc9b3ef4f8c709b00bcfa93b5b64201e0aac998dc10242467ad80eabc9	
Q9SSP5	retrieved	516	0e1e9893e350558124c4b185ddc0e0a4a07097c194860dc19e48dc4bb1388263	
Q9SSS9	retrieved	234	99aff36a38faf2a93c6871dc977e947cb101ed168f06aebeb06e8700a7651086	
Q9SSW0	retrieved	193	190f645d2fe8689180692a074818212e31ad817ecbb70ead3e160466527c2fcc	
Q9SSW1	retrieved	245	7a41c5cc6aafaf06dc1b04494a97231e682d467529c95af9b1b7c9f29e074ddc	
Q9STE8	retrieved	818	fb08e79d79f7a4ae6ac7a42f22eeaf3bbdf13ef6c84a4cd473297573699e0662	
Q9STF1	retrieved	276	2082c8df503ef77c5920bc823ae89a67d114fd3878e67115c4adc5af33d3998b	
Q9STF9	retrieved	257	d8abe7af5ec210680b2cc4093f2f1c10543c4cab1b116146c34c0123b837c72e	
Q9STG1	retrieved	204	84e5267535fde61f1826430447f08c4901e43e75d9bbe16ef52b68542d1b5bb2	
Q9STG2	retrieved	158	50b8e6f3980070d7eab11eb7b9d8c70fc0c9500cdde3ea8c666732298bbe2b34	
Q9STJ9	retrieved	130	c34a19e4f06d5c5f3eb479f80e67cb702707472389e690f5700f7d613fb122d3	
Q9STL2	retrieved	490	46004d275640258162484ecc965ae46b4f54a2c27f80154b06ef15914ef8ce39	
Q9STL4	retrieved	361	81c23dba882b254280fba231ae32705670c9cfb6afe12ee28f83df95903e8a78	
Q9STM3	retrieved	1360	36cd2c76214fd9a6b42d76f0b3f11a16b0ac901a74d0258f8719631b43a3df2d	
Q9STP8	retrieved	354	1ff96eb053f29bf2b22f4ed84b81c65bf8765a43d234da08de611874b3ae1ac3	
Q9STR4	retrieved	447	4eeb70ed353d6bd99aea4f969149b59d946d8ccb0a729fb8c012b8d0b1436f16	
Q9STS3	retrieved	579	2641b4b1c91fcf18bdf09b6aaa800481b3de402b4ba7158a07b1c1b452457922	
Q9STS6	retrieved	328	545be73b1d5d5d1afce1ac038b0b02208e10664fa2faaac1c9cb181f53772f8d	
Q9STT5	retrieved	935	b0b34b0cf27fdeac3a761ff5c83b3938fb48ff621381b69ec285af0aa9a474e9	
Q9STW3	retrieved	213	37390a8187b66201918cd43088c47358792b36ee7d00ce7a1093967b2cefefe0	
Q9STX0	retrieved	353	1a631132fa7aaadd9bee5ad3a12464e4b5a3bb1a06103a50d978be7fa74e4508	
Q9STY0	retrieved	227	c0ef866b68902e7f5ad0808dd12f6c3c3b78bd65eaec907c4cf9f0138d882e9a	
Q9SU24	retrieved	813	a55acb95876641e417c6333ea9c026ae5a72b253b73002309ff328b313265b41	
Q9SU25	retrieved	649	f570d8465bba784615db0ed73cb9cdd1389f23efaff027a91f484ca0d341bd54	
Q9SU56	retrieved	610	9315668e3d46ff580dad6afb21151e1de041352904c66900a52ff7c401b6e760	
Q9SU67	retrieved	208	c0032a32b99274abaa9192d95cd9cb652f8ea042bbd776695d6c5270be4e32c0	
Q9SU94	retrieved	390	d64a4b084ca1e80f944617d585275b37de6af59176d6ff2c1e50893f36bf23ed	
Q9SUA3	retrieved	506	b7fb280b240f2637f9a5bd8e773584beb425a3b340c413eedbbecdead50147b1	
Q9SUA6	retrieved	214	7a18d3a3c8e9066db826440ad6f0c226a285ecae363c943eb57178d5efac0ece	
Q9SUA7	missing	0		not returned by UniProt
Q9SUB0	retrieved	232	e0f1230d0ce1c52968c54ff3fa942733b63e8b10f62b47cca4d941c6eaeaa6ee	
Q9SUC0	retrieved	347	3928aa6b0bbfef3c28d9ea2ca0e66fa8a88dd5395f47929c5a03354c6aba66d7	
Q9SUD5	retrieved	359	be31395c26b8f8099ef2f39dd3adaae828a890e3cfc84029e2f30c16f3a964d9	
Q9SUH1	retrieved	214	dbdafcf06f36a8aa75c655ecae76efbf00a6f1f06cc6a33b47dbc561cb87471e	
Q9SUK8	retrieved	179	b8b00d498963b7b793f502d63e07b4ec32c0db06a43044bbb6e8b5069e06db05	
Q9SUL7	retrieved	426	9616a6a84cd894d5137dc2a4b19c2b947ad58d066ef946e83847b981c39773bb	
Q9SUM2	retrieved	88	18d1d59c3d8810d471557603d362d7ecd0e048b1c590efefc05bd46e6425b025	
Q9SUN5	retrieved	257	9beb549b43cfa7ad45d22bbd1a2ddbc5bb66ff1f34ed7d87170c9b4225b39a3f	
Q9SUP6	retrieved	324	923641b064b39860af96f07504886d3547542aec11f70a9b4ad7c40231eba8ff	
Q9SUQ8	retrieved	187	371c51cf806d7ae6b46c1c668a3bf6b9f2fde94e9fa072003171e7bba10f1fce	
Q9SUR5	retrieved	228	7bde83a7e351ea05613cf85230282bbecb9f196fed045e53e55f8cd7244d4148	
Q9SUR6	retrieved	422	622f70f090f3ba94c83849325f7d48735d41f3ea40272c458b81c68e78f80656	
Q9SUT6	retrieved	329	3e4b7a6f8970f5e86f6267cf9d18e4755411d72a9e2c640cc70b2fb5dcb652fd	
Q9SUU8	retrieved	377	a99548e3e969aea9c31b6ae500292ed9eee0bdf346878a1c58388c5b9d991b88	
Q9SUY9	retrieved	451	356cadca9b0c2bc180a901be65aadbcb43ab9d9d3843aab37e7e7db942a527e1	
Q9SV09	retrieved	540	3d3e6afa323f0fb8aeb6c40ffa03fc0932f3b36c0c4566a528c75d0611b8a867	
Q9SV15	retrieved	325	a436bee921a1c392ff78c417678e20eaf2189d7739de7fc757c57579301b29a0	
Q9SV15-2	missing	0		not returned by UniProt
Q9SV20	retrieved	948	cc0cfaf2b7ed18685710eefdd7f38dd89abb2e3a99b89cd2141c01cef059b657	
Q9SV31	retrieved	286	a6f1457533e7537569fd2e44776e391e71755cc9699f555faa51de260d8c768d	
Q9SV55	retrieved	425	6dbc1c6dca0fb46e03f981e6cc6a355e18c125e80c4f3b7922127080210719fa	
Q9SV74	retrieved	176	fd69aacb864e926b8003e723878271f2e9743a8de2d2bf4ea99e952b0d0904bd	
Q9SVD5	retrieved	282	9b838e8405a155aaf92c0465d7f1faa8ab2de69ec2036d640adec768c34c36fc	
Q9SVD7	retrieved	146	df1e095a4112f59c5869ee92a09bc5fff909cd9d1a562e9e3d0126dacceacea5	
Q9SVG9	retrieved	191	a1e556c2b7cad3d77710ddfa4bbcc41682efef705a43c642fcb86442287eb22a	
Q9SVL6	retrieved	203	74d60a37cdab8464788f88a77e85552a51e2524c9dfaec22a5d82da193563b42	
Q9SVN2	retrieved	800	b26ba74feec722a4298092d645ab2d9b61772de7677aff9f3eb6d47f8bd81cd7	
Q9SVQ0	retrieved	388	cb3154babcb059605f49df32fb400effe53ac2ad11d6573cc906b2af9e7e0b4a	
Q9SVQ3	retrieved	517	85baa686a0febbc214f76674b3cad32713a667542bebb3a70cadbf9302ad18aa	
Q9SVQ5	missing	0		not returned by UniProt
Q9SVQ9	retrieved	263	ec8e9c406e1774d305bdade5f1ccdb2ab5688ef9b08fb04558be2ddc7ea2b1b8	
Q9SVT8	retrieved	504	e2de448d44f192c60b26a0fe740e1239f9720b84ad0b5d63390f6061a0d88cb3	
Q9SVU0	retrieved	426	c1c1037b09f55b9a7601ce70cae129857d1465ddc42285d6b8bab98296d6d682	
Q9SVW8	retrieved	549	4303762e9f50e80a115b389b95757b45180d5047207c4f0a598d1c5a578434a0	
Q9SVX5	retrieved	277	396345bce10a89e5d1699585a5d3fce16b57e90e0f36ce2faff483086522b194	
Q9SWA6	retrieved	432	e8a0645eae381d33bf6a8897dcfb62c69af5402017c58e773c7c4ca55858205d	
Q9SWG3	retrieved	827	59e699f172c9a1e811b316ab22ab5cdb88c0508a2f2723e97c99bfc214350c59	
Q9SWI1	retrieved	439	cd3b5711aa3f14f4fc33e2b926c20595f4af404f0073068726c942e1d695d99b	
Q9SX27	retrieved	452	de42f1914cc86a94a52e433bd125f266a41d2ac327ffcdb90af9bef9990f8993	
Q9SX77	retrieved	257	443772e196aea574d9b2b212aaefb857cc69ec0772626be6fc70a34324359716	
Q9SX97	retrieved	209	ac9d86b6333fb07421d0f4bee3def05288230e7990d64588551feec648fa1ba2	
Q9SXJ7	retrieved	952	041308366e6880a8720f150dcc12ca0d6d762e1cdb9de8eb9e29643778b0940d	
Q9SXL4	retrieved	1207	443954b77a3284c2ff39d74fba408ead5f8422d0b96afeeeee1319512e03296a	
Q9SXS2	retrieved	631	80ae3b5593ada1ca8ee53b7ee981fa16fd3fa29a8ffceb06279b9b8356847e8c	
Q9SXS7	retrieved	323	37cd964efed4bea3a3a35207f8843dabdaf041371f4cfa26b3b24f89f7c5ac37	
Q9SXZ2-2	missing	0		not returned by UniProt
Q9SY29	retrieved	382	1276b08056e857012502de254b2ec72324bc3f3b6be5029db87c10dab07235e7	
Q9SY38	retrieved	162	9728e4b4cf8078cf246d608372b7668083447dbe3500f2efd42de043d650188f	
Q9SY69	retrieved	913	7e2c3716932cdd6aaaa7bb544404f9f5ba2c0436cdef2fcec7326d6dee2d8715	
Q9SYB9	retrieved	404	cfc8d647ea50237b637b9ba9bc554d9de598663fa5a97439b66dcac58e77a147	
Q9SYG2	retrieved	383	1746dfb5da9e76466843ea42590d91af7548130956375956d9949ef32a76a9fe	
Q9SYK4	retrieved	1136	d6b3ad21b69369b403c61d3c62c0763468057117a4ec1b3b4340b31df101358c	
Q9SYK5	retrieved	627	3cedb52e606aa841c90e915c84a1107f93486c7515161dc0baf0b955a42006ab	
Q9SYM2	retrieved	299	24d539ff4438685c8d95fee57737d8b055efb1cc01508b6200e62f2fafc6124c	
Q9SYM5	retrieved	669	17ed103f2fc640a6dc587fcf71a1fa589450e421007d1a3cd3efc70ab330b4f7	
Q9SYP1	retrieved	2171	71fc088dfee6b34d8c6bb46b9daa4076558cf40e4d1d82b33860772947e3b0e0	
Q9SYP2	retrieved	614	e4705e00dfe0805eae7a003ece99a5b8893d6aabe23041cabac2dfccf2f5b22d	
Q9SYQ8	retrieved	980	41170da6d7d62ce880fddf787baa01f2d604dbf22b859d51514e42733364de2a	
Q9SYS3	retrieved	654	aed74b1fbffd90519d9136e3c497555a995dd45d1f2dffc4d1544900b6d60a93	
Q9SYS6	retrieved	216	78020ce612ed5ed54d16267d7b0f10a7929048d4bad7bb18480e973b08828d90	
Q9SYT0	retrieved	317	b9ab1dc5f6f7f4742fa6c0796fd2d08263f3bb3887826078a08f2dfd3535258b	
Q9SYU4	retrieved	381	de19262c6fb277cd36b2c2866095b73cf2376cf43bc880ac90c8aa9798f8210c	
Q9SYX1	retrieved	262	76d35cea0e14e63a2f04a52bbf6ada612dd0287c0afc615b4cb21e7d326d3294	
Q9SYX2	retrieved	1029	fb9c00b6a24fbf5f9cd534c71c639511d8857d2a64ca574f0ec129ea21691b70	
Q9SZ03	retrieved	495	c958e6228f3aab3fb74430f9ccf5b99c2951a7030acbe5dc8b65963887355afe	
Q9SZ05	retrieved	397	3dfec2de6aa1f8ebf4f155bab0e0bf78e9ccc00b2f3f898a3ea5d7b22ef6c532	
Q9SZ15	retrieved	421	181a5f7d4280ba5e5981695a07dadbdf9080e8982e481171110b4c7a55f082c1	
Q9SZ44	retrieved	453	61869316e287be7c6fc47194549e4f5755397d7c0fe097a60598e6b8d90292ef	
Q9SZ65	retrieved	306	1c0245af4794f5822147f35e9e53f03a0a287d486ae6038fc80ff5aba3135a31	
Q9SZ75	retrieved	434	cb98a8916e54d3ed26759da73085df79db0f09f67276a1ce0788b5a5b18f0297	
Q9SZB3	retrieved	344	eeb26e2f8afb8491e170cb9f04fe82cd9815bb100520899bfa5ee07af122d66c	
Q9SZD1	retrieved	603	d72e2bcd5162742b9eaefe2b35c4c3c5c11aa3d20d59e6cc081916711e88edb4	
Q9SZD4	retrieved	443	a18d347d1972dd1c978aec28ef359809b0e105b652991cf8ff8a80885fbdccc2	
Q9SZE2	retrieved	532	6578614c9596b5f6965a77749e63cdcbc4e980659fcad2cdb138b02c51d6d355	
Q9SZF7	retrieved	531	3cb90c0792936ceca4297296a2a9062c8acb19e8e6e9efd3a36fe5d2a330a18d	
Q9SZI2	retrieved	372	a206daa5df4c3fc860adf17eecd703364100374566462ab55eb171a1971326bd	
Q9SZI3	retrieved	600	523f5404fb627ddb67aca141639eacdc7ff6605ff94c5ea4d188f583f8e61494	
Q9SZI6	retrieved	352	04083ac9f2cdf19e59b21eb23d26831b7e90eefa8790d5f7757da179896d2ac0	
Q9SZJ6	retrieved	228	a546c85176605729bcb79041d3420d8092a65677822eed697402aa0b90a87257	
Q9SZL5	retrieved	302	c4442365436096d6fba7d13b7bcf63f51db75e66bafcdc3870ed844c59a609f7	
Q9SZM3	retrieved	484	6f82cb51df49376ed02848026500e01f6f50e556a5827fbea1c1deb9422dbb9a	
Q9SZQ5	retrieved	321	0af53d0cbebb018a89a9eca6cbac3e66ac00553da19dabcdd503216eaf110fa2	
Q9SZR9	retrieved	638	ba64f019569d613c5fc185f32ac723a50ef751f0d17cf20556107a022b23c1d9	
Q9SZU7	retrieved	270	b40624111a87307410038f69d42549431069b5237db73fd5134cee9cdfd84a64	
Q9T031	retrieved	375	c41140714c2d6bcd06fa65830da84a8e6f52469d65ee9259dcd1e7dc8e14a065	
Q9T041	retrieved	864	92d389c1b5d8ae39f46bedaac36410f9b0ec4c008ea414dd68f9e6c2fa22e957	
Q9T072	retrieved	328	f83195a8bdb40ebe4ca642f8ccdb2e54e54cbc1888d457f55046c6814853156e	
Q9T074	retrieved	671	f1fab7b28e273580d86e6b57ed3e9d4d021d5639dcfa19d2b826e00035571047	
Q9T097	missing	0		not returned by UniProt
Q9T0A6	retrieved	198	4d5c46fd8ad6f756835cad268d6a5f1671add96f3c921dbc1306983e9f7e5285	
Q9T0A7	retrieved	350	9ac17a9f0b54f96f5231999294ac3b8cb8cd2c3cd6a95c75d5402e35a1f2985d	
Q9T0A8	retrieved	187	a102ee16e1e0277f3f9b53566368c189fccc189281362d831668f4232fc3a818	
Q9T6H8	retrieved	382	5f271d91bc3f5b6b6eedd20f97ae840996abe4b5ccb8dbfbe1adeaf0f09fc4fe	
Q9XEA1	retrieved	772	b2887a72ed8f830093690f130e8333514c1b978a6dfe73c0b82033b6183a06ef	
Q9XEC3	retrieved	528	4e47b417bf23be67b9c32ebe3cd0029a4148338f5ad102ac09e4ddd1ccfe94d4	
Q9XEC7	retrieved	646	bd1b70d26ad547781b8f4f1bc6384756682e08decc2d6290b478277f7be4e3e5	
Q9XED8	retrieved	638	9b78a2694b14760c158d7b63acc5858879119e41a6da97aaa4d3f2d6082242b5	
Q9XEF1	retrieved	371	0c6055f9629cf25a603f5f373bafe200dc003390c0c1104a63418e32bf3aca3b	
Q9XF67	retrieved	491	0523994889239164353ea77cab6dc47d7761c85dda7ebbd9b56eec802dfdb30e	
Q9XF88	retrieved	287	fe3ab1171b8556f41765efcc62c08788aa0cda84ffaf830fd809a11b53bbfa50	
Q9XF89	retrieved	280	49ffab168ced61f46dc520842eaeef98bc4b2b249674efc2e9f269fc6d7573e0	
Q9XF91	retrieved	265	ae44f8304939a21545d4aaa851fb22e790fa35f38eeecf7061e57b78af4deb3e	
Q9XF92	retrieved	170	3140d1134cdfe22c5b99ee6e9a0baa4f44e59e2f312703657ac8e6e93e512814	
Q9XFB0	retrieved	184	f6fe2f418efbb881ba6ce4302fa8fc83c874f2dbd52fdd4a9170b9e871cd84b5	
Q9XFD1	retrieved	257	bb9ebb15a08699160448c677cb1bdf446dcaca4dd9f769c2a895aea95a054a16	
Q9XFM0	retrieved	175	5f55a90fef937837cd4b09fce9d8e3817877bdea9344c7dc8939d680e3585acf	
Q9XFR5	retrieved	268	694c399631d6520f2bbf1971398492b0c87b42425b25cc0adf97204cfbca17c1	
Q9XGM3	retrieved	1217	fee0e10fa67d598870d6024d54e686a07eccd80613f55e98b40b550c86465586	
Q9XGZ3	retrieved	115	a0b06302a5ca466a476b59850b0b4f12d6dfbf9b88bc75bc2b26bbe6dbfde7ea	
Q9XI01	retrieved	501	e003ed3352d52cf5b6cacbffb94504ef3032792cbf21f3a1d17f54f5754f8525	
Q9XI07	retrieved	807	ae3c50f665628e3725502255a8db6f3052eacea7c167a8b0207597ab04349ecc	
Q9XI32	retrieved	147	2b0ae0b42a10808b81fe7ded7bd42ceeece93129f08dafcd114a720992c881e4	
Q9XI36	retrieved	384	a896632554ab3cc6f700240650f0713aeb86b238536176c203fe8ad621dd32b9	
Q9XI84	retrieved	482	1c8d8d47290dd8b9c0b025e77a546ff499715f42d458b38c3d1adb0b83a60932	
Q9XI87	retrieved	438	bae0d8bdb94dfc997fc26ef4ca0f4d9a07e1d885648e1197891b111cabc4879d	
Q9XI98	retrieved	206	410346c6c2d525b8c16b25e20b0c75ad3cb34d34f29c10b35760bfdaee12c360	
Q9XIB5	retrieved	226	deafc32ff59061d973e24508c4b750fedcdb317669b3943e5429e1fddba92a4f	
Q9XIC7	retrieved	628	a6444eeab4014957eeb8941bf608c9e3d98dce55f73f441f800fe3a7e706dc77	
Q9XID3	retrieved	829	de6bc2e8209453123e7d0110696d33c1e01ec592fed4e47f2eab765eebaf9445	
Q9XIE3	retrieved	155	025d4503faf765aa7a98ffa743f43d59e82bacd14ce41788fd46affee72837cb	
Q9XII1	retrieved	307	d73c747e32e9dac2dc8430f4d9fb1f62b71e2a71bc0d60c4ebaa68f982b93d8a	
Q9XII4	retrieved	231	e5f284f587c964cb73076e9aa762a3c5f769f58601e3d010fcc7ccf30ee60701	
Q9XIJ1	retrieved	174	efc658bd305b160aa5b6d74bbc9428e0e70227637b59704bffac1dd0993b013e	
Q9XIJ3	missing	0		not returned by UniProt
Q9XIN7	retrieved	335	c832a666cc8aa8d80dc8b71e93e7901f100f07773d9fc09080995132bc0e2806	
Q9XIP7	retrieved	468	667545a57ed8d127144219a8d9589d2c6e8a50320b934bbff0f856dd376e656d	
Q9XIR8	retrieved	74	ee21f8ab73513931efae91cda90e29b69eb1aeaa8175c5712740a1c35e0c0add	
Q9ZNR6	retrieved	314	ffb2737faca2f21e04aba0682a52fd233f6f7c11543e39fe412b0c362a7c3e91	
Q9ZNT0	retrieved	435	2dfa94dc64919aa9a0e465545636afe04d2172780e9b14666676a7f1b5b26b2b	
Q9ZNV8	retrieved	156	70f05ffe4ae584ec3ca0c84f4b004c011584af0d64d411c953f91a0da462a909	
Q9ZNV9	retrieved	154	d35df2f161010c123ea67381fb2b89a73d606958f0df4ffd9d7d3e4a9149acc2	
Q9ZNX9	retrieved	517	d42b2977602783cec7c850456c66238ebc8ffa461bac13bfd34b2b8792c34a78	
Q9ZPE4	retrieved	317	35424d2121d563dfe98e64601b048002b14f7bad408aaa24f0cee51b0bd998e4	
Q9ZPR7	retrieved	390	d8f253bf4c78940da3038a7826b2cced92c7ed69026bd2cee0f1721e8f17c7ea	
Q9ZPS9	retrieved	1143	895da68670b9f84a67baa580b64982b5b729db0e0fe6d5558d85d32031af0fd1	
Q9ZPV7	retrieved	221	b8d9a67d7fb0f69ce616837d3cde77afa14a901572f99db219997d849a16b87a	
Q9ZPW3-2	missing	0		not returned by UniProt
Q9ZPX9	retrieved	135	c9e86fe670af04684e1f808e5dc71dc99921ebc3bdb93ccbd434fe317ee9efbf	
Q9ZQ46	retrieved	683	b5f7a815600973e820076387f3a02273381b0f5f23a4af620d8d19bf8c3cf483	
Q9ZQ85	retrieved	432	634b43535b28c180c299065f204b9797dea4a207e8e85202b518a7daa2285ae2	
Q9ZQ87	retrieved	356	e8e4372a6203afcf1c9d14b4b6e918c1cd2643c2a5964cae9487b016325e4665	
Q9ZQC0	retrieved	106	2f07dcd7d94dfdf9618850d7bb106efddb6e7468fc8a104302c0560b87751199	
Q9ZQR3	retrieved	868	3a5b3ce5b7c27dc9e0ea4166ecac3c4e6d272bd2a6291efa10678a585e804782	
Q9ZR02	retrieved	154	0e467f1f2708cd748d0d1a3edb4ab5c5d0f4b32b58c72d51b929175e7a714123	
Q9ZR04	retrieved	302	3a48a35bef063f5cb3317d0e389bd3441fde0090e6a136c20d747f3469f955c1	
Q9ZR12	retrieved	585	9a701e928e2bdcf286407187614ae8d655c9f78fbadbd7c78a803841094c302e	
Q9ZR14	retrieved	250	88e13490e7175967a1014147e2d66299c4695e319e5a15a86f3d90a2c829838e	
Q9ZR79	retrieved	659	08d51fe768ff3b904328f0029ff4dd395dc9756829b4fe4fc2e6e8ae0b793829	
Q9ZRD6	retrieved	199	6322a0c8e1010e484d12562dd6aca46505e3185212e3c633bba108986a5628d0	
Q9ZRE2	retrieved	205	910febf3b492e96ed27c3e268f4a7b84f5df25a53492f2439aea48f8bb527888	
Q9ZRF9	retrieved	540	92a078e77de953928fa7a894a1a5e85d511f52fc42af21e9ba3cd63f6fa0cee9	
Q9ZRV4	retrieved	737	8ab84d09a596a53f0d4cb0c138638f68ae424dfdd58aae9d53663578c4b19df9	
Q9ZSA2	retrieved	531	0d47a65d82e157a83ed2d3822aa1fca581e6a4c866766b12f40cb65cfe7ab7c7	
Q9ZSD4	retrieved	346	9844cbffa40026d84a774d03bf24a102982952c8573cb30be0d0e3b86a9d9a55	
Q9ZSJ6	retrieved	116	ebb7a663fa5309c46fabd8f932eb054a5a42174d1ad8e35f7b9ddea0f0c288e3	
Q9ZSK2	retrieved	146	f98acdb6dd212f7fe915bdf4635042782c58c6dfef9904a63551c14af411d72f	
Q9ZSM8	retrieved	856	8c027beb0ad358c57988a4292da37a7eaad50d81668fbf6debc634218b42eb1b	
Q9ZST4	retrieved	196	1e60a75a0c9c7e4f1e19d725f06ec03803c1258ca09fc9fd9b659576a7855e9e	
Q9ZSZ8	retrieved	330	746355736b097afcf5ae3c580168e45f5c7aefc6d7ab35d478fa34578e205106	
Q9ZT48	retrieved	632	a3fa208315ae9f2112ddb51defa01a60e0b863cc57abb4a2f0ae9865358e4818	
Q9ZT50	retrieved	155	46f8d64c26367020aeaa0c28ec38bdd3a0703e39c8e7a4391e259031096640ab	
Q9ZT63	retrieved	398	f2437047d63d04e1bd89fde92d1381c14a8085ef769a787bea0330a477bbc32c	
Q9ZT91	retrieved	454	ad5c1ff0ee3d23fd82c625e91e89471fc074e5b0aa81aeacec76537b65f808e2	
Q9ZT92	retrieved	569	ebf1ae519e2e3f662dc299b12089c4bdc53f7b810cd1066ac91a3d49e95d0505	
Q9ZT96	retrieved	541	77c034adbc34c2118cb81b9a3d0dbe8e6db1432e62b734cb3b3d4e60ff618d33	
Q9ZU25	retrieved	503	fb1057eeb21afe525bb70f843aa8f87be129f3c3224c287b3e7736e2193f6b93	
Q9ZU51	retrieved	147	5885af648161b6c20bfdcd9e68e52c881a3a42e350ce68d2786e00d9a72c0f75	
Q9ZU82	retrieved	197	c0567dbcdf66087d27430828a6c3a60de053a7f7b45a850f7b0f54b02004465b	
Q9ZU90	retrieved	292	474efe24f5fe45eae1066b07babc138cefc76f19c5f3d5c8ff22280c49d3df76	
Q9ZU93	retrieved	458	7df8255603c076fd9a55cb206b46c177309bf3f41518595336108a2ab146587f	
Q9ZUB3	retrieved	334	84d392e494ce168e861ae782195d61df43a536fe0e07cc783bf5284fabad9482	
Q9ZUB5	retrieved	241	95220355d7dc86ad5490e03e79479062d463c8a32a3cca66ed89b8e12955294c	
Q9ZUC0	retrieved	137	7bf24dc062446cd94bf471eadd8c53bbf06fc20e1753d2ae25e2b48fa51790fe	
Q9ZUI8	retrieved	374	0f24b6cf7f5807a19e7aba46aa50538f8459a917945fa3bc499eb79735178ab4	
Q9ZUI9	retrieved	284	14bb37bbbf9ee717aa1c3508cc4e48461b2615d6057064922b202cc2d42866f3	
Q9ZUJ2	retrieved	173	3c470883169c43624d6a9f79a557e5b907721f90f1ce7ee1972396628dae8ce4	
Q9ZUL5	retrieved	763	55f379a7e5ed70729242c8e1b0690c72b4ba27587a128c4a7522dff3f9352891	
Q9ZUM8	retrieved	682	439b60b4792a9f156908e7e5549af016e33d672014a2b0105988e4396333a4c2	
Q9ZUN5	retrieved	270	61f650442e8b6093f61d37e50eda85891d45390d2bd6990864b47ac1b6c2cb79	
Q9ZUW3	retrieved	868	8d8e90693ae9b2bdf296c3e5ccb90c7bce2383f29b61cb1718f7569d664a3991	
Q9ZV02	retrieved	258	6ed4b59b580a34eb0e8b1d050259d5fca6593b54fbe557ed537d1275777c2f37	
Q9ZV06	retrieved	236	1c9011921b19b7624d41bead2c3c87165040c80f473f3523105768f70ce17c8a	
Q9ZV07	retrieved	289	4798457cf14cf29040fdb2b249d3e561f574b8485f64443252c4bff3fdef4a28	
Q9ZV08	retrieved	291	63db2b3be94c9b0022cac9cb62bcade1e5398e5938586fa5618dc4831bb7d5c6	
Q9ZV45	retrieved	88	bb974c2a1d1572a4f7d4c93765b8f385ddac4cf02dd30c68a450e19431612f88	
Q9ZV48	retrieved	862	b39009d1b2d0411967fb4ef4836637c2f94451dade049978b80cc2ccecac8fdb	
Q9ZV66	retrieved	168	4c56d2cb998acc5265eeaaaae34c4b7cf52ab5af716b3c51540d507a5e96d7f1	
Q9ZV90	retrieved	475	46c961019998ae2e4c0b689453d5c04e8fe00f04f7d28cfeba5367288dd35206	
Q9ZVA4	retrieved	441	efe1369d48577ad0a64c99361a4d2a5b63da8cf184daf654b3c6cc83c3521d24	
Q9ZVH3	retrieved	284	24491264236fa253f0a38f8c3e32ee3ac9d3691315d8197f99abd0d69c55e11d	
Q9ZVI3	retrieved	286	ca01510dc4016f447774a5f3ad9cb18a660aa17393eac1522f62932a401fc0b3	
Q9ZVI9	retrieved	421	1282ecc38534685cbbec459bf1389628a44cbac89cc7ce99a6892dd8f0b771b1	
Q9ZVJ4	retrieved	199	3ca2031a6a9ba55e92ddea4cde6100d52f58bf8cf5dd0f50bf0858ea0c47089e	
Q9ZVL8	retrieved	161	5f814b16edd51ecbe899261fe5c730275888c8df7dae28b24c25b0920931c0a6	
Q9ZVM9	retrieved	572	85e009c74016f2f1404c6fe52e39cdd296c4b63b5e916296315da5905e4a2357	
Q9ZVN6	retrieved	653	ed4ad916dc6c1e73bd23007fd76836b47c5f7ba75ddf91efcc8fad151102d641	
Q9ZVP0	retrieved	253	681155fb96dd38ccad76da847abcecfd7f327f4198c3717fb453237011ca4b40	
Q9ZVR7	retrieved	1008	ad042a91d63365e6e7590ae590e9c10ba99fe05d666bfb03905b5b84903a2409	
Q9ZVT7	retrieved	322	08ec355fa42172f0530b338bd10c8de9ca5de2129a61554c7ceae4170e570e67	
Q9ZVX5	retrieved	743	810e8e925bd6469f2905f91a0075b0cef7a905fe2dca1e6e936982a205883dea	
Q9ZVX8	retrieved	278	cec435dd5e5274ddd622510c4adc5a3bb5a7a4af341eb2715074520703530217	
Q9ZVY7	retrieved	241	c6bc81a5cc243ebbe21c81a1f651dcb99d652e9d3cf9b8a41b590a9bc5d8de58	
Q9ZW05	retrieved	169	d9ebf475424772bd0fca8463485424804e5b9b1211a26fbb26aff36b5e20e204	
Q9ZW19	retrieved	271	2597ab2ac2ff53aa439e97a962a6b11e8f8c82ea3d3853c28a588411b7edefcd	
Q9ZW21	retrieved	362	7b2000e1af49550b4de06d9f00ff615298386c9a70033e1d1b8943d83efcab92	
Q9ZW22	retrieved	272	e4d861854df649a6b7c9978c9ed0681fdcd9f32b1613b2a7fe50a742e91beef3	
Q9ZW30	retrieved	224	ad2e571106c065cc9d124f449a833f1c31adad5dc1595a7aea0528417bdefd39	
Q9ZW31	retrieved	153	e7c8717e885ae8c64da46ae1b6dd90f59024bbe88ff4edaea354d2ef18534c17	
Q9ZWC8	retrieved	1166	809fccf7ee3b7b9eb2addd71b303f7919891fcb95118145d57b9bf22fdf6c5f9	
Q9ZWJ9	retrieved	664	5ecf3493c359ea9d7693839c11d5a24e10b16585088985038492d46cbcd3fc9b	
Q9ZWS6	retrieved	186	94b84b4b7f211d648b3ee1cf962caab0f1be0ccfea8dd3074cdb9b29b31632bd	
Q9ZWS7	retrieved	206	91022aebeef1d724a6b8c0532c491c97adabb0a870ab409ef2d7201071b25977	
U5LV24	missing	0		not returned by UniProt
