protein_id	sequence_length	status	reason
A0A1I9LL75	267	eligible	within_max_length
A0A1I9LP47	955	eligible	within_max_length
A0A1I9LQ12	189	eligible	within_max_length
A0A1I9LQ53	672	eligible	within_max_length
A0A1P8ASI5	1029	excluded_length	sequence_exceeds_max_length
A0A1P8B1V0	547	eligible	within_max_length
A0A1P8B4Y6	678	eligible	within_max_length
A0A1P8B7M3	324	eligible	within_max_length
A0A1P8BAS1	717	eligible	within_max_length
A0A1P8BC43	689	eligible	within_max_length
A0A1R7T3H0	978	eligible	within_max_length
A1A6M1	387	eligible	within_max_length
A1L4W5	415	eligible	within_max_length
A1L4X0	431	eligible	within_max_length
A2RVS6	300	eligible	within_max_length
A2RVU3	231	eligible	within_max_length
A4D998	223	eligible	within_max_length
A4FVP6	564	eligible	within_max_length
A4VCM0	479	eligible	within_max_length
A8MRZ8	801	eligible	within_max_length
A8MS32	140	eligible	within_max_length
A8MS70	134	eligible	within_max_length
A8MSE3	276	eligible	within_max_length
A8R7E6	617	eligible	within_max_length
A9LNK9	631	eligible	within_max_length
B3H506	241	eligible	within_max_length
B3H5I5	67	eligible	within_max_length
B3H7H1	409	eligible	within_max_length
B4F7R9	251	eligible	within_max_length
B5X0I6	1091	excluded_length	sequence_exceeds_max_length
B5X0N6	597	eligible	within_max_length
B5X4Z4	613	eligible	within_max_length
B7U179	737	eligible	within_max_length
B9DFI7	616	eligible	within_max_length
B9DFS6	572	eligible	within_max_length
B9DG73	226	eligible	within_max_length
B9DG86	409	eligible	within_max_length
B9DGA1	361	eligible	within_max_length
B9DGD1	430	eligible	within_max_length
B9DGD6	743	eligible	within_max_length
B9DGI8	314	eligible	within_max_length
B9DHT4	710	eligible	within_max_length
C0LGD6	852	eligible	within_max_length
C0LGH4	1012	eligible	within_max_length
C0LGI2	929	eligible	within_max_length
C0LGN2	1020	eligible	within_max_length
C0LGP3	1009	eligible	within_max_length
C0LGP4	1010	eligible	within_max_length
C0LGR3	1091	excluded_length	sequence_exceeds_max_length
C0LGR9	676	eligible	within_max_length
C0LGS2	1136	excluded_length	sequence_exceeds_max_length
C0LGU7	695	eligible	within_max_length
C0LGW6	966	eligible	within_max_length
C0SUW7	398	eligible	within_max_length
C0SV91	183	eligible	within_max_length
C0SVN2	420	eligible	within_max_length
C6KIE6	861	eligible	within_max_length
D3K0M2	158	eligible	within_max_length
F4HPA7	189	eligible	within_max_length
F4HQ22	617	eligible	within_max_length
F4HTE0	385	eligible	within_max_length
F4HTH8	1181	excluded_length	sequence_exceeds_max_length
F4HVM3	356	eligible	within_max_length
F4HXZ1	846	eligible	within_max_length
F4HZB2	3601	excluded_length	sequence_exceeds_max_length
F4HZY9	460	eligible	within_max_length
F4I065	888	eligible	within_max_length
F4I0P9	297	eligible	within_max_length
F4I1G5	226	eligible	within_max_length
F4I1K2	489	eligible	within_max_length
F4I3C3	652	eligible	within_max_length
F4I3V3	636	eligible	within_max_length
F4I420	1294	excluded_length	sequence_exceeds_max_length
F4I421	1166	excluded_length	sequence_exceeds_max_length
F4I4R0	408	eligible	within_max_length
F4I5D7	509	eligible	within_max_length
F4I672	460	eligible	within_max_length
F4I6M4	821	eligible	within_max_length
F4I764	362	eligible	within_max_length
F4I7I0	543	eligible	within_max_length
F4I8E9	557	eligible	within_max_length
F4I9J8	513	eligible	within_max_length
F4IAG2	1042	excluded_length	sequence_exceeds_max_length
F4ICX9	759	eligible	within_max_length
F4IE21	228	eligible	within_max_length
F4IEM5	410	eligible	within_max_length
F4IFC5	650	eligible	within_max_length
F4IG60	136	eligible	within_max_length
F4IH98	133	eligible	within_max_length
F4IHL3	641	eligible	within_max_length
F4IHS2	3574	excluded_length	sequence_exceeds_max_length
F4IHS9	342	eligible	within_max_length
F4II29	798	eligible	within_max_length
F4IIM1	2150	excluded_length	sequence_exceeds_max_length
F4IIU4	1708	excluded_length	sequence_exceeds_max_length
F4IK01	299	eligible	within_max_length
F4IM73	496	eligible	within_max_length
F4IPE3	445	eligible	within_max_length
F4IS00	405	eligible	within_max_length
F4IS56	479	eligible	within_max_length
F4ISG1	631	eligible	within_max_length
F4ITL6	250	eligible	within_max_length
F4IUW3	550	eligible	within_max_length
F4IVJ8	1826	excluded_length	sequence_exceeds_max_length
F4IVZ7	441	eligible	within_max_length
F4IX22	1254	excluded_length	sequence_exceeds_max_length
F4IX26	313	eligible	within_max_length
F4IYD1	371	eligible	within_max_length
F4IZC0	493	eligible	within_max_length
F4IZC5	323	eligible	within_max_length
F4J030	399	eligible	within_max_length
F4J0W4	643	eligible	within_max_length
F4J153	607	eligible	within_max_length
F4J220	279	eligible	within_max_length
F4J2K4	1273	excluded_length	sequence_exceeds_max_length
F4J5M9	258	eligible	within_max_length
F4J6I6	507	eligible	within_max_length
F4J819	705	eligible	within_max_length
F4J8D3	1176	excluded_length	sequence_exceeds_max_length
F4JCR2	1606	excluded_length	sequence_exceeds_max_length
F4JKK0	1108	excluded_length	sequence_exceeds_max_length
F4JL28	234	eligible	within_max_length
F4JMN0	201	eligible	within_max_length
F4JP43	2037	excluded_length	sequence_exceeds_max_length
F4JP79	514	eligible	within_max_length
F4JP94	277	eligible	within_max_length
F4JQ95	492	eligible	within_max_length
F4JRR5	421	eligible	within_max_length
F4JS25	1052	excluded_length	sequence_exceeds_max_length
F4JSU0	305	eligible	within_max_length
F4JT76	1034	excluded_length	sequence_exceeds_max_length
F4JTI1	782	eligible	within_max_length
F4JVI3	493	eligible	within_max_length
F4JVN6	1380	excluded_length	sequence_exceeds_max_length
F4JXH7	987	eligible	within_max_length
F4JY84	459	eligible	within_max_length
F4JZD5	270	eligible	within_max_length
F4K0E8	741	eligible	within_max_length
F4K128	1064	excluded_length	sequence_exceeds_max_length
F4K1J1	453	eligible	within_max_length
F4K1U5	199	eligible	within_max_length
F4K210	389	eligible	within_max_length
F4K3G5	1297	excluded_length	sequence_exceeds_max_length
F4K5S0	1658	excluded_length	sequence_exceeds_max_length
F4K5X6	287	eligible	within_max_length
F4K6B8	1090	excluded_length	sequence_exceeds_max_length
F4K8Y6	683	eligible	within_max_length
F4K964	789	eligible	within_max_length
F4K9W6	493	eligible	within_max_length
F4KAS3	326	eligible	within_max_length
F4KBF5	282	eligible	within_max_length
F4KCH7	591	eligible	within_max_length
F4KCL7	603	eligible	within_max_length
F4KD38	1161	excluded_length	sequence_exceeds_max_length
F4KG64	761	eligible	within_max_length
F4KGE8	559	eligible	within_max_length
F4KGY6	387	eligible	within_max_length
F4KIB2	648	eligible	within_max_length
F4KIJ2	1040	excluded_length	sequence_exceeds_max_length
O04005	216	eligible	within_max_length
O04019	423	eligible	within_max_length
O04027	139	eligible	within_max_length
O04034	546	eligible	within_max_length
O04036	496	eligible	within_max_length
O04173	134	eligible	within_max_length
O04197	592	eligible	within_max_length
O04203	435	eligible	within_max_length
O04204	317	eligible	within_max_length
O04209	258	eligible	within_max_length
O04265	347	eligible	within_max_length
O04291	852	eligible	within_max_length
O04292	841	eligible	within_max_length
O04294	531	eligible	within_max_length
O04309	451	eligible	within_max_length
O04314	298	eligible	within_max_length
O04316	619	eligible	within_max_length
O04331	277	eligible	within_max_length
O04336	380	eligible	within_max_length
O04351	320	eligible	within_max_length
O04450	535	eligible	within_max_length
O04492	419	eligible	within_max_length
O04539	1326	excluded_length	sequence_exceeds_max_length
O04551	308	eligible	within_max_length
O04567	601	eligible	within_max_length
O04603	262	eligible	within_max_length
O04632	126	eligible	within_max_length
O04656	450	eligible	within_max_length
O04663	198	eligible	within_max_length
O04714	326	eligible	within_max_length
O04719	423	eligible	within_max_length
O04848	142	eligible	within_max_length
O04905	202	eligible	within_max_length
O04951	307	eligible	within_max_length
O22042	651	eligible	within_max_length
O22059	94	eligible	within_max_length
O22176	317	eligible	within_max_length
O22178	773	eligible	within_max_length
O22179	309	eligible	within_max_length
O22211	431	eligible	within_max_length
O22224	861	eligible	within_max_length
O22229	529	eligible	within_max_length
O22264	371	eligible	within_max_length
O22265	373	eligible	within_max_length
O22267	1122	excluded_length	sequence_exceeds_max_length
O22285	694	eligible	within_max_length
O22286	408	eligible	within_max_length
O22446	501	eligible	within_max_length
O22456	251	eligible	within_max_length
O22467	424	eligible	within_max_length
O22476	1196	excluded_length	sequence_exceeds_max_length
O22527	324	eligible	within_max_length
O22558	546	eligible	within_max_length
O22588	267	eligible	within_max_length
O22607	507	eligible	within_max_length
O22609	439	eligible	within_max_length
O22622	115	eligible	within_max_length
O22704	121	eligible	within_max_length
O22714	491	eligible	within_max_length
O22759	402	eligible	within_max_length
O22763	411	eligible	within_max_length
O22768	310	eligible	within_max_length
O22769	255	eligible	within_max_length
O22798	268	eligible	within_max_length
O22815	501	eligible	within_max_length
O22823	91	eligible	within_max_length
O22845	215	eligible	within_max_length
O22860	69	eligible	within_max_length
O22890	209	eligible	within_max_length
O22900	337	eligible	within_max_length
O22914	124	eligible	within_max_length
O22932	435	eligible	within_max_length
O22958	248	eligible	within_max_length
O22971	502	eligible	within_max_length
O22985	332	eligible	within_max_length
O23063	364	eligible	within_max_length
O23078	927	eligible	within_max_length
O23087	1054	excluded_length	sequence_exceeds_max_length
O23120	144	eligible	within_max_length
O23144	612	eligible	within_max_length
O23145	431	eligible	within_max_length
O23167	562	eligible	within_max_length
O23171	256	eligible	within_max_length
O23210	486	eligible	within_max_length
O23236	361	eligible	within_max_length
O23263	111	eligible	within_max_length
O23264	490	eligible	within_max_length
O23290	105	eligible	within_max_length
O23298	158	eligible	within_max_length
O23320	151	eligible	within_max_length
O23338	152	eligible	within_max_length
O23342	177	eligible	within_max_length
O23346	272	eligible	within_max_length
O23379	330	eligible	within_max_length
O23403	287	eligible	within_max_length
O23504	204	eligible	within_max_length
O23530	1437	excluded_length	sequence_exceeds_max_length
O23628	136	eligible	within_max_length
O23659	326	eligible	within_max_length
O23661	608	eligible	within_max_length
O23674	395	eligible	within_max_length
O23680	297	eligible	within_max_length
O23693	573	eligible	within_max_length
O23694	166	eligible	within_max_length
O23712	277	eligible	within_max_length
O23715	249	eligible	within_max_length
O23913	325	eligible	within_max_length
O24409	197	eligible	within_max_length
O24412	308	eligible	within_max_length
O24606	628	eligible	within_max_length
O24646	168	eligible	within_max_length
O48533	259	eligible	within_max_length
O48538	944	eligible	within_max_length
O48661	340	eligible	within_max_length
O48686	1330	excluded_length	sequence_exceeds_max_length
O48707	199	eligible	within_max_length
O48726	300	eligible	within_max_length
O48741	401	eligible	within_max_length
O48788	658	eligible	within_max_length
O48790	387	eligible	within_max_length
O48814	395	eligible	within_max_length
O48828	160	eligible	within_max_length
O48844	1004	eligible	within_max_length
O48845	134	eligible	within_max_length
O48847	787	eligible	within_max_length
O48916	237	eligible	within_max_length
O48917	477	eligible	within_max_length
O48946	1081	excluded_length	sequence_exceeds_max_length
O48963	996	eligible	within_max_length
O49160	900	eligible	within_max_length
O49213	323	eligible	within_max_length
O49299	583	eligible	within_max_length
O49396	512	eligible	within_max_length
O49404	284	eligible	within_max_length
O49413	406	eligible	within_max_length
O49460	288	eligible	within_max_length
O49515	303	eligible	within_max_length
O49519	75	eligible	within_max_length
O49538	374	eligible	within_max_length
O49552	1088	excluded_length	sequence_exceeds_max_length
O49553	145	eligible	within_max_length
O49653	353	eligible	within_max_length
O49654	688	eligible	within_max_length
O49660	491	eligible	within_max_length
O49663	176	eligible	within_max_length
O49686	191	eligible	within_max_length
O49687	589	eligible	within_max_length
O49697	262	eligible	within_max_length
O49839	426	eligible	within_max_length
O49840	426	eligible	within_max_length
O50055	355	eligible	within_max_length
O64399	295	eligible	within_max_length
O64425	249	eligible	within_max_length
O64471	315	eligible	within_max_length
O64477	828	eligible	within_max_length
O64503	332	eligible	within_max_length
O64511	399	eligible	within_max_length
O64531	399	eligible	within_max_length
O64602	510	eligible	within_max_length
O64636	512	eligible	within_max_length
O64638	515	eligible	within_max_length
O64647	356	eligible	within_max_length
O64682	438	eligible	within_max_length
O64687	148	eligible	within_max_length
O64778	807	eligible	within_max_length
O64798	389	eligible	within_max_length
O64816	432	eligible	within_max_length
O64817	333	eligible	within_max_length
O64823	336	eligible	within_max_length
O64903	231	eligible	within_max_length
O65154	107	eligible	within_max_length
O65155	165	eligible	within_max_length
O65282	253	eligible	within_max_length
O65373	215	eligible	within_max_length
O65389	329	eligible	within_max_length
O65397	108	eligible	within_max_length
O65398	283	eligible	within_max_length
O65421	209	eligible	within_max_length
O65469	265	eligible	within_max_length
O65499	284	eligible	within_max_length
O65508	377	eligible	within_max_length
O65515	238	eligible	within_max_length
O65554	441	eligible	within_max_length
O65555	441	eligible	within_max_length
O65567	904	eligible	within_max_length
O65665	272	eligible	within_max_length
O65685	532	eligible	within_max_length
O65719	649	eligible	within_max_length
O65782	499	eligible	within_max_length
O65784	498	eligible	within_max_length
O65786	504	eligible	within_max_length
O65896	301	eligible	within_max_length
O80345	479	eligible	within_max_length
O80365	225	eligible	within_max_length
O80366	234	eligible	within_max_length
O80438	190	eligible	within_max_length
O80452	839	eligible	within_max_length
O80474	263	eligible	within_max_length
O80480	538	eligible	within_max_length
O80482	207	eligible	within_max_length
O80492	428	eligible	within_max_length
O80501	208	eligible	within_max_length
O80513	202	eligible	within_max_length
O80517	202	eligible	within_max_length
O80536	524	eligible	within_max_length
O80548	693	eligible	within_max_length
O80565	343	eligible	within_max_length
O80574	347	eligible	within_max_length
O80582	409	eligible	within_max_length
O80605	594	eligible	within_max_length
O80626	123	eligible	within_max_length
O80632	394	eligible	within_max_length
O80638	374	eligible	within_max_length
O80651	260	eligible	within_max_length
O80653	613	eligible	within_max_length
O80654	244	eligible	within_max_length
O80674	253	eligible	within_max_length
O80719	365	eligible	within_max_length
O80722	588	eligible	within_max_length
O80739	827	eligible	within_max_length
O80748	251	eligible	within_max_length
O80759	318	eligible	within_max_length
O80762	406	eligible	within_max_length
O80765	383	eligible	within_max_length
O80786	727	eligible	within_max_length
O80805	279	eligible	within_max_length
O80837	190	eligible	within_max_length
O80860	695	eligible	within_max_length
O80861	260	eligible	within_max_length
O80871	396	eligible	within_max_length
O80902	431	eligible	within_max_length
O80915	220	eligible	within_max_length
O80917	244	eligible	within_max_length
O80920	207	eligible	within_max_length
O80931	367	eligible	within_max_length
O80952	296	eligible	within_max_length
O80963	776	eligible	within_max_length
O80982	345	eligible	within_max_length
O80992	190	eligible	within_max_length
O81001	530	eligible	within_max_length
O81069	884	eligible	within_max_length
O81098	205	eligible	within_max_length
O81108	1014	eligible	within_max_length
O81126	200	eligible	within_max_length
O81127	187	eligible	within_max_length
O81148	250	eligible	within_max_length
O81149	237	eligible	within_max_length
O81223	222	eligible	within_max_length
O81275	276	eligible	within_max_length
O81283	1503	excluded_length	sequence_exceeds_max_length
O81292	674	eligible	within_max_length
O81313	198	eligible	within_max_length
O81323	228	eligible	within_max_length
O81325	475	eligible	within_max_length
O81346	541	eligible	within_max_length
O81445	213	eligible	within_max_length
O81483	107	eligible	within_max_length
O81632	283	eligible	within_max_length
O81635	987	eligible	within_max_length
O81644	976	eligible	within_max_length
O81775	158	eligible	within_max_length
O81793	271	eligible	within_max_length
O81836	314	eligible	within_max_length
O81838	278	eligible	within_max_length
O81851	304	eligible	within_max_length
O81893	391	eligible	within_max_length
O81905	850	eligible	within_max_length
O82132	335	eligible	within_max_length
O82197	213	eligible	within_max_length
O82222	173	eligible	within_max_length
O82226	747	eligible	within_max_length
O82290	387	eligible	within_max_length
O82307	315	eligible	within_max_length
O82312	800	eligible	within_max_length
O82329	386	eligible	within_max_length
O82337	73	eligible	within_max_length
O82345	1043	excluded_length	sequence_exceeds_max_length
O82352	255	eligible	within_max_length
O82462	719	eligible	within_max_length
O82491	1074	excluded_length	sequence_exceeds_max_length
O82568	389	eligible	within_max_length
O82595	333	eligible	within_max_length
O82617	162	eligible	within_max_length
O82632	308	eligible	within_max_length
O82638	264	eligible	within_max_length
O82752	502	eligible	within_max_length
O82754	736	eligible	within_max_length
O82756	313	eligible	within_max_length
O82798	259	eligible	within_max_length
P04778	267	eligible	within_max_length
P05466	520	eligible	within_max_length
P0C2G4	393	eligible	within_max_length
P0C7P7	453	eligible	within_max_length
P0C7Q8	532	eligible	within_max_length
P0C896	576	eligible	within_max_length
P0C8R0	546	eligible	within_max_length
P0CB21	708	eligible	within_max_length
P0CW77	542	eligible	within_max_length
P0DKH5	1288	excluded_length	sequence_exceeds_max_length
P10795	180	eligible	within_max_length
P10798	181	eligible	within_max_length
P14712	1122	excluded_length	sequence_exceeds_max_length
P14713	1172	excluded_length	sequence_exceeds_max_length
P14714	1111	excluded_length	sequence_exceeds_max_length
P15459	164	eligible	within_max_length
P17597	670	eligible	within_max_length
P17839	252	eligible	within_max_length
P18064	383	eligible	within_max_length
P19456	948	eligible	within_max_length
P20115	474	eligible	within_max_length
P20649	949	eligible	within_max_length
P21240	600	eligible	within_max_length
P22738	390	eligible	within_max_length
P22953	651	eligible	within_max_length
P22954	653	eligible	within_max_length
P23321	332	eligible	within_max_length
P23586	522	eligible	within_max_length
P24100	294	eligible	within_max_length
P24636	444	eligible	within_max_length
P24704	152	eligible	within_max_length
P25071	324	eligible	within_max_length
P25697	395	eligible	within_max_length
P25818	251	eligible	within_max_length
P25819	492	eligible	within_max_length
P25856	396	eligible	within_max_length
P27140	347	eligible	within_max_length
P27202	140	eligible	within_max_length
P27323	700	eligible	within_max_length
P27450	419	eligible	within_max_length
P28187	214	eligible	within_max_length
P28188	203	eligible	within_max_length
P28297	576	eligible	within_max_length
P28493	239	eligible	within_max_length
P29381	248	eligible	within_max_length
P29383	258	eligible	within_max_length
P29385	246	eligible	within_max_length
P29513	449	eligible	within_max_length
P29517	444	eligible	within_max_length
P30181	916	eligible	within_max_length
P30184	520	eligible	within_max_length
P30186	250	eligible	within_max_length
P30187	191	eligible	within_max_length
P30302	285	eligible	within_max_length
P31167	381	eligible	within_max_length
P31169	66	eligible	within_max_length
P31582	200	eligible	within_max_length
P34047	270	eligible	within_max_length
P34788	152	eligible	within_max_length
P34791	260	eligible	within_max_length
P35510	725	eligible	within_max_length
P35631	256	eligible	within_max_length
P36210	191	eligible	within_max_length
P36397	181	eligible	within_max_length
P37106	479	eligible	within_max_length
P37107	564	eligible	within_max_length
P38418	896	eligible	within_max_length
P40228	287	eligible	within_max_length
P40940	182	eligible	within_max_length
P41127	206	eligible	within_max_length
P41376	412	eligible	within_max_length
P41377	412	eligible	within_max_length
P42697	610	eligible	within_max_length
P42698	387	eligible	within_max_length
P42730	911	eligible	within_max_length
P42752	361	eligible	within_max_length
P42762	945	eligible	within_max_length
P42776	382	eligible	within_max_length
P42777	270	eligible	within_max_length
P42795	182	eligible	within_max_length
P42801	511	eligible	within_max_length
P42813	230	eligible	within_max_length
P42818	465	eligible	within_max_length
P42825	419	eligible	within_max_length
P43254	675	eligible	within_max_length
P43273	330	eligible	within_max_length
P43286	287	eligible	within_max_length
P43287	285	eligible	within_max_length
P43291	363	eligible	within_max_length
P43294	443	eligible	within_max_length
P43298	942	eligible	within_max_length
P43299	716	eligible	within_max_length
P46014	581	eligible	within_max_length
P46077	267	eligible	within_max_length
P46286	258	eligible	within_max_length
P46312	448	eligible	within_max_length
P46573	412	eligible	within_max_length
P46600	282	eligible	within_max_length
P46639	398	eligible	within_max_length
P46665	336	eligible	within_max_length
P46897	258	eligible	within_max_length
P47192	221	eligible	within_max_length
P47735	999	eligible	within_max_length
P47998	322	eligible	within_max_length
P47999	392	eligible	within_max_length
P48006	231	eligible	within_max_length
P48007	208	eligible	within_max_length
P48349	248	eligible	within_max_length
P48641	499	eligible	within_max_length
P48731	473	eligible	within_max_length
P48785	796	eligible	within_max_length
P49177	377	eligible	within_max_length
P49205	141	eligible	within_max_length
P49333	738	eligible	within_max_length
P49597	434	eligible	within_max_length
P49598	399	eligible	within_max_length
P49677	168	eligible	within_max_length
P49689	62	eligible	within_max_length
P51102	382	eligible	within_max_length
P51566	467	eligible	within_max_length
P51567	427	eligible	within_max_length
P51568	400	eligible	within_max_length
P52032	236	eligible	within_max_length
P53780	464	eligible	within_max_length
P54609	809	eligible	within_max_length
P55034	386	eligible	within_max_length
P55228	520	eligible	within_max_length
P55737	699	eligible	within_max_length
P55852	100	eligible	within_max_length
P56755	172	eligible	within_max_length
P56760	81	eligible	within_max_length
P56761	353	eligible	within_max_length
P56762	329	eligible	within_max_length
P56764	1376	excluded_length	sequence_exceeds_max_length
P56771	320	eligible	within_max_length
P56773	215	eligible	within_max_length
P56780	73	eligible	within_max_length
P56785	1786	excluded_length	sequence_exceeds_max_length
P56792	122	eligible	within_max_length
P56795	160	eligible	within_max_length
P56804	100	eligible	within_max_length
P57742	151	eligible	within_max_length
P57758	270	eligible	within_max_length
P58684	192	eligible	within_max_length
P59220	149	eligible	within_max_length
P59229	166	eligible	within_max_length
P59232	157	eligible	within_max_length
P59233	157	eligible	within_max_length
P60112	85	eligible	within_max_length
P61837	286	eligible	within_max_length
P62598	596	eligible	within_max_length
P68349	260	eligible	within_max_length
P68350	175	eligible	within_max_length
P82280	352	eligible	within_max_length
P82715	297	eligible	within_max_length
P82805	187	eligible	within_max_length
P82873	210	eligible	within_max_length
P82874	202	eligible	within_max_length
P83484	556	eligible	within_max_length
P83755	353	eligible	within_max_length
P84634	1702	excluded_length	sequence_exceeds_max_length
P92525	184	eligible	within_max_length
P92557	148	eligible	within_max_length
P92935	618	eligible	within_max_length
P92942	780	eligible	within_max_length
P92958	512	eligible	within_max_length
P92963	211	eligible	within_max_length
P92965	350	eligible	within_max_length
P92973	608	eligible	within_max_length
P92978	197	eligible	within_max_length
P92981	454	eligible	within_max_length
P92983	499	eligible	within_max_length
P93002	593	eligible	within_max_length
P93004	280	eligible	within_max_length
P93022	1164	excluded_length	sequence_exceeds_max_length
P93024	902	eligible	within_max_length
P93025	915	eligible	within_max_length
P93045	240	eligible	within_max_length
P93048	86	eligible	within_max_length
P93050	617	eligible	within_max_length
P93303	158	eligible	within_max_length
P93306	394	eligible	within_max_length
P93743	269	eligible	within_max_length
P93819	332	eligible	within_max_length
P93822	133	eligible	within_max_length
P93831	902	eligible	within_max_length
P93832	405	eligible	within_max_length
P93836	445	eligible	within_max_length
P94077	189	eligible	within_max_length
P94102	342	eligible	within_max_length
Q00958	420	eligible	within_max_length
Q01474	193	eligible	within_max_length
Q01525	259	eligible	within_max_length
Q01667	241	eligible	within_max_length
Q02283	272	eligible	within_max_length
Q03509	149	eligible	within_max_length
Q05466	284	eligible	within_max_length
Q05609	821	eligible	within_max_length
Q05753	435	eligible	within_max_length
Q05763	565	eligible	within_max_length
Q058I9	354	eligible	within_max_length
Q058N0	495	eligible	within_max_length
Q058P7	445	eligible	within_max_length
Q06850	610	eligible	within_max_length
Q07098	306	eligible	within_max_length
Q08467	409	eligible	within_max_length
Q08733	286	eligible	within_max_length
Q08A69	412	eligible	within_max_length
Q0PCS3	910	eligible	within_max_length
Q0PW40	673	eligible	within_max_length
Q0V7X4	318	eligible	within_max_length
Q0V7Y3	404	eligible	within_max_length
Q0V811	229	eligible	within_max_length
Q0WKW1	779	eligible	within_max_length
Q0WKZ9	521	eligible	within_max_length
Q0WLB5	1703	excluded_length	sequence_exceeds_max_length
Q0WLS8	1377	excluded_length	sequence_exceeds_max_length
Q0WLZ8	196	eligible	within_max_length
Q0WM93	1265	excluded_length	sequence_exceeds_max_length
Q0WN54	500	eligible	within_max_length
Q0WNP7	463	eligible	within_max_length
Q0WPF2	808	eligible	within_max_length
Q0WPH8	956	eligible	within_max_length
Q0WQ91	157	eligible	within_max_length
Q0WQN9	298	eligible	within_max_length
Q0WR59	1048	excluded_length	sequence_exceeds_max_length
Q0WRC9	479	eligible	within_max_length
Q0WT48	687	eligible	within_max_length
Q0WTY4	222	eligible	within_max_length
Q0WUA3	382	eligible	within_max_length
Q0WVD6	601	eligible	within_max_length
Q0WVM4	634	eligible	within_max_length
Q0WVR4	345	eligible	within_max_length
Q0WVZ1	743	eligible	within_max_length
Q0WW40	383	eligible	within_max_length
Q0WW84	435	eligible	within_max_length
Q147F7	455	eligible	within_max_length
Q147J7	130	eligible	within_max_length
Q147N7	287	eligible	within_max_length
Q147Q9	384	eligible	within_max_length
Q17TI5	344	eligible	within_max_length
Q1EBV6	410	eligible	within_max_length
Q1EC57	317	eligible	within_max_length
Q1ECF1	211	eligible	within_max_length
Q1ECJ7	174	eligible	within_max_length
Q1ECK0	167	eligible	within_max_length
Q1G3F7	456	eligible	within_max_length
Q1G3K7	127	eligible	within_max_length
Q1G3Q4	256	eligible	within_max_length
Q1G3Z3	91	eligible	within_max_length
Q1H595	93	eligible	within_max_length
Q1H5F3	149	eligible	within_max_length
Q1HDT2	859	eligible	within_max_length
Q1JPM3	522	eligible	within_max_length
Q1JPN7	476	eligible	within_max_length
Q1JPP8	72	eligible	within_max_length
Q1KS66	493	eligible	within_max_length
Q1PDZ0	193	eligible	within_max_length
Q1PED2	194	eligible	within_max_length
Q1PEL7	177	eligible	within_max_length
Q1PET6	422	eligible	within_max_length
Q1PEU3	252	eligible	within_max_length
Q1PEY6	156	eligible	within_max_length
Q1PFB9	555	eligible	within_max_length
Q1PFV9	243	eligible	within_max_length
Q24JL3	342	eligible	within_max_length
Q27GL4	273	eligible	within_max_length
Q27GM2	245	eligible	within_max_length
Q27IK7	2066	excluded_length	sequence_exceeds_max_length
Q29PQ8	231	eligible	within_max_length
Q29PT3	156	eligible	within_max_length
Q29PZ8	150	eligible	within_max_length
Q29Q26	344	eligible	within_max_length
Q29Q28	345	eligible	within_max_length
Q29Q34	326	eligible	within_max_length
Q29Q72	147	eligible	within_max_length
Q2EF88	675	eligible	within_max_length
Q2HIK4	129	eligible	within_max_length
Q2HIV3	259	eligible	within_max_length
Q2HIW3	245	eligible	within_max_length
Q2LAE1	1759	excluded_length	sequence_exceeds_max_length
Q2V359	190	eligible	within_max_length
Q2V3B2	323	eligible	within_max_length
Q2V3H2	390	eligible	within_max_length
Q2VWA2	197	eligible	within_max_length
Q304A0	386	eligible	within_max_length
Q38796	953	eligible	within_max_length
Q38798	532	eligible	within_max_length
Q38819	450	eligible	within_max_length
Q38822	189	eligible	within_max_length
Q38824	189	eligible	within_max_length
Q38825	243	eligible	within_max_length
Q38826	321	eligible	within_max_length
Q38828	261	eligible	within_max_length
Q38832	228	eligible	within_max_length
Q38834	852	eligible	within_max_length
Q38838	221	eligible	within_max_length
Q38847	268	eligible	within_max_length
Q38851	236	eligible	within_max_length
Q38853	182	eligible	within_max_length
Q38856	347	eligible	within_max_length
Q38861	767	eligible	within_max_length
Q38869	501	eligible	within_max_length
Q38872	544	eligible	within_max_length
Q38874	382	eligible	within_max_length
Q38876	242	eligible	within_max_length
Q38879	133	eligible	within_max_length
Q38882	810	eligible	within_max_length
Q38885	551	eligible	within_max_length
Q38899	363	eligible	within_max_length
Q38900	173	eligible	within_max_length
Q38902	197	eligible	within_max_length
Q38906	313	eligible	within_max_length
Q38911	289	eligible	within_max_length
Q38919	195	eligible	within_max_length
Q38920	482	eligible	within_max_length
Q38935	153	eligible	within_max_length
Q38937	196	eligible	within_max_length
Q38960	346	eligible	within_max_length
Q38970	2254	excluded_length	sequence_exceeds_max_length
Q38997	512	eligible	within_max_length
Q38998	857	eligible	within_max_length
Q39008	608	eligible	within_max_length
Q39009	344	eligible	within_max_length
Q39010	412	eligible	within_max_length
Q39011	380	eligible	within_max_length
Q39019	421	eligible	within_max_length
Q39021	370	eligible	within_max_length
Q39023	370	eligible	within_max_length
Q39024	376	eligible	within_max_length
Q39026	395	eligible	within_max_length
Q39041	664	eligible	within_max_length
Q39050	457	eligible	within_max_length
Q39057	373	eligible	within_max_length
Q39065	170	eligible	within_max_length
Q39068	429	eligible	within_max_length
Q39079	538	eligible	within_max_length
Q39083	206	eligible	within_max_length
Q39090	442	eligible	within_max_length
Q39128	677	eligible	within_max_length
Q39132	155	eligible	within_max_length
Q39140	330	eligible	within_max_length
Q39142	266	eligible	within_max_length
Q39160	1520	excluded_length	sequence_exceeds_max_length
Q39161	586	eligible	within_max_length
Q39162	364	eligible	within_max_length
Q39163	330	eligible	within_max_length
Q39173	343	eligible	within_max_length
Q39183	586	eligible	within_max_length
Q39190	479	eligible	within_max_length
Q39191	735	eligible	within_max_length
Q39192	362	eligible	within_max_length
Q39193	361	eligible	within_max_length
Q39194	133	eligible	within_max_length
Q39204	623	eligible	within_max_length
Q39211	319	eligible	within_max_length
Q39212	319	eligible	within_max_length
Q39216	385	eligible	within_max_length
Q39218	391	eligible	within_max_length
Q39221	393	eligible	within_max_length
Q39233	279	eligible	within_max_length
Q39241	118	eligible	within_max_length
Q39254	441	eligible	within_max_length
Q39255	160	eligible	within_max_length
Q39262	235	eligible	within_max_length
Q3E7I5	788	eligible	within_max_length
Q3E7N5	126	eligible	within_max_length
Q3E875	376	eligible	within_max_length
Q3E8H4	73	eligible	within_max_length
Q3E922	156	eligible	within_max_length
Q3E958	189	eligible	within_max_length
Q3E9B8	624	eligible	within_max_length
Q3E9X6	690	eligible	within_max_length
Q3EAV6	111	eligible	within_max_length
Q3EB02	128	eligible	within_max_length
Q3EBC8	1388	excluded_length	sequence_exceeds_max_length
Q3EBD3	505	eligible	within_max_length
Q3EBQ3	807	eligible	within_max_length
Q3EC11	536	eligible	within_max_length
Q3EC60	312	eligible	within_max_length
Q3EC92	62	eligible	within_max_length
Q3ECB8	467	eligible	within_max_length
Q3ECS5	116	eligible	within_max_length
Q3MK94	428	eligible	within_max_length
Q3YL57	756	eligible	within_max_length
Q41906	125	eligible	within_max_length
Q41931	320	eligible	within_max_length
Q41932	230	eligible	within_max_length
Q41951	250	eligible	within_max_length
Q41969	268	eligible	within_max_length
Q42029	263	eligible	within_max_length
Q42093	1623	excluded_length	sequence_exceeds_max_length
Q42290	531	eligible	within_max_length
Q42328	89	eligible	within_max_length
Q42338	88	eligible	within_max_length
Q42344	138	eligible	within_max_length
Q42347	164	eligible	within_max_length
Q42381	403	eligible	within_max_length
Q42384	486	eligible	within_max_length
Q42396	490	eligible	within_max_length
Q42404	427	eligible	within_max_length
Q42479	529	eligible	within_max_length
Q42533	280	eligible	within_max_length
Q42545	433	eligible	within_max_length
Q42565	276	eligible	within_max_length
Q42580	327	eligible	within_max_length
Q42581	403	eligible	within_max_length
Q42583	400	eligible	within_max_length
Q42588	314	eligible	within_max_length
Q42593	426	eligible	within_max_length
Q42601	1187	excluded_length	sequence_exceeds_max_length
Q42602	506	eligible	within_max_length
Q42605	351	eligible	within_max_length
Q43125	681	eligible	within_max_length
Q43127	430	eligible	within_max_length
Q43295	276	eligible	within_max_length
Q43386	204	eligible	within_max_length
Q43725	430	eligible	within_max_length
Q43870	476	eligible	within_max_length
Q4FE47	462	eligible	within_max_length
Q4PL95	276	eligible	within_max_length
Q4PSE2	187	eligible	within_max_length
Q4PSE3	120	eligible	within_max_length
Q4PSU4	264	eligible	within_max_length
Q4V3B8	540	eligible	within_max_length
Q4VP08	90	eligible	within_max_length
Q500U8	326	eligible	within_max_length
Q500V6	534	eligible	within_max_length
Q500X1	241	eligible	within_max_length
Q501B2	409	eligible	within_max_length
Q501F9	370	eligible	within_max_length
Q56WM6	576	eligible	within_max_length
Q56X95	355	eligible	within_max_length
Q56XE4	207	eligible	within_max_length
Q56XU4	413	eligible	within_max_length
Q56XY2	298	eligible	within_max_length
Q56Y52	467	eligible	within_max_length
Q56YA5	401	eligible	within_max_length
Q56YW9	450	eligible	within_max_length
Q56Z59	490	eligible	within_max_length
Q56ZZ7	546	eligible	within_max_length
Q570C0	594	eligible	within_max_length
Q58G47	310	eligible	within_max_length
Q5BPT7	291	eligible	within_max_length
Q5HZ36	398	eligible	within_max_length
Q5HZ38	407	eligible	within_max_length
Q5ICL9	574	eligible	within_max_length
Q5M731	522	eligible	within_max_length
Q5PNT1	375	eligible	within_max_length
Q5PP28	394	eligible	within_max_length
Q5PP38	470	eligible	within_max_length
Q5S2C3	1282	excluded_length	sequence_exceeds_max_length
Q5S2C4	1425	excluded_length	sequence_exceeds_max_length
Q5UBY2	687	eligible	within_max_length
Q5W7F2	827	eligible	within_max_length
Q5XEV4	345	eligible	within_max_length
Q5XEV6	308	eligible	within_max_length
Q5XEZ5	771	eligible	within_max_length
Q5XF32	409	eligible	within_max_length
Q5XF35	408	eligible	within_max_length
Q5XPJ6	1170	excluded_length	sequence_exceeds_max_length
Q5XPJ9	1399	excluded_length	sequence_exceeds_max_length
Q5XV52	526	eligible	within_max_length
Q5XXE7	246	eligible	within_max_length
Q5XXJ3	248	eligible	within_max_length
Q5XXL4	250	eligible	within_max_length
Q5XXN8	251	eligible	within_max_length
Q5YGP7	568	eligible	within_max_length
Q645J1	170	eligible	within_max_length
Q67XJ2	176	eligible	within_max_length
Q67XQ1	157	eligible	within_max_length
Q67XT7	189	eligible	within_max_length
Q67XX3	502	eligible	within_max_length
Q67Y93	191	eligible	within_max_length
Q67YI6	411	eligible	within_max_length
Q67ZB3	558	eligible	within_max_length
Q67ZF6	224	eligible	within_max_length
Q681Q7	272	eligible	within_max_length
Q682T9	149	eligible	within_max_length
Q682V0	264	eligible	within_max_length
Q683D5	400	eligible	within_max_length
Q6AWS7	251	eligible	within_max_length
Q6AWX6	821	eligible	within_max_length
Q6BDA0	1340	excluded_length	sequence_exceeds_max_length
Q6DBF6	165	eligible	within_max_length
Q6DSS2	174	eligible	within_max_length
Q6E248	76	eligible	within_max_length
Q6EVK6	2193	excluded_length	sequence_exceeds_max_length
Q6ID77	115	eligible	within_max_length
Q6IDL4	217	eligible	within_max_length
Q6IDS6	323	eligible	within_max_length
Q6J9Q2	348	eligible	within_max_length
Q6LA43	535	eligible	within_max_length
Q6NKS4	258	eligible	within_max_length
Q6NLB0	237	eligible	within_max_length
Q6NLB7	150	eligible	within_max_length
Q6NLE5	187	eligible	within_max_length
Q6NLQ6	538	eligible	within_max_length
Q6NM15	162	eligible	within_max_length
Q6NM17	345	eligible	within_max_length
Q6NM52	187	eligible	within_max_length
Q6NMB6	344	eligible	within_max_length
Q6NNH1	387	eligible	within_max_length
Q6NNI3	190	eligible	within_max_length
Q6NNI6	204	eligible	within_max_length
Q6NNP0	509	eligible	within_max_length
Q6NPD8	201	eligible	within_max_length
Q6NPE4	292	eligible	within_max_length
Q6NPE9	246	eligible	within_max_length
Q6NPF4	219	eligible	within_max_length
Q6NPF9	172	eligible	within_max_length
Q6NPM7	163	eligible	within_max_length
Q6NQ88	557	eligible	within_max_length
Q6NQA8	488	eligible	within_max_length
Q6NQD9	207	eligible	within_max_length
Q6NQJ7	732	eligible	within_max_length
Q6R0A6	294	eligible	within_max_length
Q6R0C4	249	eligible	within_max_length
Q6R0E4	390	eligible	within_max_length
Q6R0H1	645	eligible	within_max_length
Q6S591	253	eligible	within_max_length
Q6S592	207	eligible	within_max_length
Q6S799	195	eligible	within_max_length
Q6TLJ2	176	eligible	within_max_length
Q6X7K0	350	eligible	within_max_length
Q6XAT2	967	eligible	within_max_length
Q6XL73	414	eligible	within_max_length
Q700D2	503	eligible	within_max_length
Q700E3	263	eligible	within_max_length
Q700E4	358	eligible	within_max_length
Q70E96	484	eligible	within_max_length
Q710E8	809	eligible	within_max_length
Q75QN6	929	eligible	within_max_length
Q7DLR9	246	eligible	within_max_length
Q7DMA9	635	eligible	within_max_length
Q7FRS8	256	eligible	within_max_length
Q7G8T1	398	eligible	within_max_length
Q7G8V2	206	eligible	within_max_length
Q7X659	787	eligible	within_max_length
Q7X6T3	188	eligible	within_max_length
Q7X7A9	312	eligible	within_max_length
Q7X887	256	eligible	within_max_length
Q7X9H6	249	eligible	within_max_length
Q7X9H9	289	eligible	within_max_length
Q7X9N2	287	eligible	within_max_length
Q7X9V2	2055	excluded_length	sequence_exceeds_max_length
Q7XA88	259	eligible	within_max_length
Q7XJ62	101	eligible	within_max_length
Q7XJK7	218	eligible	within_max_length
Q7XJK8	278	eligible	within_max_length
Q7XJL1	223	eligible	within_max_length
Q7XJU2	149	eligible	within_max_length
Q7Y1C4	1155	excluded_length	sequence_exceeds_max_length
Q7Y1C5	1151	excluded_length	sequence_exceeds_max_length
Q7Y1Z8	518	eligible	within_max_length
Q7Y224	399	eligible	within_max_length
Q84J71	463	eligible	within_max_length
Q84JC2	232	eligible	within_max_length
Q84JF0	310	eligible	within_max_length
Q84JF2	236	eligible	within_max_length
Q84JG2	469	eligible	within_max_length
Q84JH2	458	eligible	within_max_length
Q84JI2	138	eligible	within_max_length
Q84JJ0	250	eligible	within_max_length
Q84JP1	190	eligible	within_max_length
Q84JQ4	647	eligible	within_max_length
Q84JR3	492	eligible	within_max_length
Q84JS6	327	eligible	within_max_length
Q84JU4	257	eligible	within_max_length
Q84JU6	927	eligible	within_max_length
Q84JY3	238	eligible	within_max_length
Q84K05	189	eligible	within_max_length
Q84K71	521	eligible	within_max_length
Q84K84	201	eligible	within_max_length
Q84KJ5	569	eligible	within_max_length
Q84L30	378	eligible	within_max_length
Q84L31	419	eligible	within_max_length
Q84L32	368	eligible	within_max_length
Q84L33	371	eligible	within_max_length
Q84LG2	389	eligible	within_max_length
Q84LH3	288	eligible	within_max_length
Q84LH8	444	eligible	within_max_length
Q84M91	444	eligible	within_max_length
Q84MB2	361	eligible	within_max_length
Q84MC7	187	eligible	within_max_length
Q84MD6	257	eligible	within_max_length
Q84MD8	379	eligible	within_max_length
Q84ME1	378	eligible	within_max_length
Q84N34	358	eligible	within_max_length
Q84P25	565	eligible	within_max_length
Q84R09	233	eligible	within_max_length
Q84R15	1196	excluded_length	sequence_exceeds_max_length
Q84RD1	112	eligible	within_max_length
Q84TD4	275	eligible	within_max_length
Q84TD6	359	eligible	within_max_length
Q84TF4	150	eligible	within_max_length
Q84TF7	104	eligible	within_max_length
Q84TK1	458	eligible	within_max_length
Q84TK3	152	eligible	within_max_length
Q84VQ1	283	eligible	within_max_length
Q84VW0	123	eligible	within_max_length
Q84VW3	204	eligible	within_max_length
Q84VW5	151	eligible	within_max_length
Q84VX3	626	eligible	within_max_length
Q84W01	121	eligible	within_max_length
Q84W04	137	eligible	within_max_length
Q84W40	404	eligible	within_max_length
Q84W66	234	eligible	within_max_length
Q84W89	633	eligible	within_max_length
Q84WC8	374	eligible	within_max_length
Q84WG0	545	eligible	within_max_length
Q84WP6	365	eligible	within_max_length
Q84WU2	1115	excluded_length	sequence_exceeds_max_length
Q84WU9	596	eligible	within_max_length
Q84WV6	635	eligible	within_max_length
Q84WW1	422	eligible	within_max_length
Q84XF3	610	eligible	within_max_length
Q8GRT9	263	eligible	within_max_length
Q8GRU8	526	eligible	within_max_length
Q8GTS1	227	eligible	within_max_length
Q8GUK8	469	eligible	within_max_length
Q8GUM1	714	eligible	within_max_length
Q8GUN5	413	eligible	within_max_length
Q8GUP1	734	eligible	within_max_length
Q8GUU3	613	eligible	within_max_length
Q8GV05	106	eligible	within_max_length
Q8GW19	311	eligible	within_max_length
Q8GW31	373	eligible	within_max_length
Q8GW49	116	eligible	within_max_length
Q8GW77	347	eligible	within_max_length
Q8GWB3	281	eligible	within_max_length
Q8GWC7	102	eligible	within_max_length
Q8GWD1	170	eligible	within_max_length
Q8GWE1	234	eligible	within_max_length
Q8GWE6	413	eligible	within_max_length
Q8GWF1	289	eligible	within_max_length
Q8GWI7	315	eligible	within_max_length
Q8GWJ6	119	eligible	within_max_length
Q8GWJ7	645	eligible	within_max_length
Q8GWK2	428	eligible	within_max_length
Q8GWL1	286	eligible	within_max_length
Q8GWM8	87	eligible	within_max_length
Q8GWQ6	232	eligible	within_max_length
Q8GWR2	241	eligible	within_max_length
Q8GWT9	63	eligible	within_max_length
Q8GWU7	94	eligible	within_max_length
Q8GWV6	165	eligible	within_max_length
Q8GWW6	342	eligible	within_max_length
Q8GX26	371	eligible	within_max_length
Q8GX78	541	eligible	within_max_length
Q8GXA4	489	eligible	within_max_length
Q8GXD2	175	eligible	within_max_length
Q8GXD9	644	eligible	within_max_length
Q8GXE6	888	eligible	within_max_length
Q8GXN6	219	eligible	within_max_length
Q8GXN7	298	eligible	within_max_length
Q8GXP4	436	eligible	within_max_length
Q8GXT3	454	eligible	within_max_length
Q8GXW1	547	eligible	within_max_length
Q8GXW6	482	eligible	within_max_length
Q8GXX7	397	eligible	within_max_length
Q8GXZ7	78	eligible	within_max_length
Q8GY11	109	eligible	within_max_length
Q8GY12	231	eligible	within_max_length
Q8GY25	268	eligible	within_max_length
Q8GY55	315	eligible	within_max_length
Q8GY61	335	eligible	within_max_length
Q8GY79	393	eligible	within_max_length
Q8GY88	300	eligible	within_max_length
Q8GYA2	278	eligible	within_max_length
Q8GYA4	669	eligible	within_max_length
Q8GYD2	230	eligible	within_max_length
Q8GYF5	622	eligible	within_max_length
Q8GYG0	376	eligible	within_max_length
Q8GYK6	337	eligible	within_max_length
Q8GYN0	146	eligible	within_max_length
Q8GYN2	99	eligible	within_max_length
Q8GYN5	211	eligible	within_max_length
Q8GYP4	479	eligible	within_max_length
Q8GYQ5	372	eligible	within_max_length
Q8GYQ9	453	eligible	within_max_length
Q8GYT3	55	eligible	within_max_length
Q8GYU3	1465	excluded_length	sequence_exceeds_max_length
Q8GZ22	240	eligible	within_max_length
Q8GZ99	953	eligible	within_max_length
Q8GZM7	478	eligible	within_max_length
Q8H0V5	354	eligible	within_max_length
Q8H0X6	234	eligible	within_max_length
Q8H104	532	eligible	within_max_length
Q8H107	464	eligible	within_max_length
Q8H115	312	eligible	within_max_length
Q8H116	572	eligible	within_max_length
Q8H125	597	eligible	within_max_length
Q8H133	525	eligible	within_max_length
Q8H175	522	eligible	within_max_length
Q8H181	619	eligible	within_max_length
Q8H1B3	675	eligible	within_max_length
Q8H1D2	182	eligible	within_max_length
Q8H1D6	467	eligible	within_max_length
Q8H1D9	605	eligible	within_max_length
Q8H1E4	334	eligible	within_max_length
Q8H1E5	783	eligible	within_max_length
Q8H1F1	562	eligible	within_max_length
Q8H1F2	459	eligible	within_max_length
Q8H1F4	181	eligible	within_max_length
Q8H1G5	404	eligible	within_max_length
Q8H1R4	271	eligible	within_max_length
Q8H1S5	475	eligible	within_max_length
Q8H2D5	672	eligible	within_max_length
Q8H7F6	293	eligible	within_max_length
Q8L3T0	244	eligible	within_max_length
Q8L3Z8	483	eligible	within_max_length
Q8L402	381	eligible	within_max_length
Q8L467	283	eligible	within_max_length
Q8L4H0	500	eligible	within_max_length
Q8L4J2	429	eligible	within_max_length
Q8L4R0	350	eligible	within_max_length
Q8L500	468	eligible	within_max_length
Q8L540	376	eligible	within_max_length
Q8L586	287	eligible	within_max_length
Q8L5R3	1254	excluded_length	sequence_exceeds_max_length
Q8L5W8	416	eligible	within_max_length
Q8L5Y2	471	eligible	within_max_length
Q8L5Y4	1509	excluded_length	sequence_exceeds_max_length
Q8L5Z0	464	eligible	within_max_length
Q8L5Z2	96	eligible	within_max_length
Q8L616	497	eligible	within_max_length
Q8L708	409	eligible	within_max_length
Q8L736	467	eligible	within_max_length
Q8L746	586	eligible	within_max_length
Q8L765	407	eligible	within_max_length
Q8L770	330	eligible	within_max_length
Q8L793	587	eligible	within_max_length
Q8L797	262	eligible	within_max_length
Q8L7A6	73	eligible	within_max_length
Q8L7E2	98	eligible	within_max_length
Q8L7F2	325	eligible	within_max_length
Q8L7G0	665	eligible	within_max_length
Q8L7G2	171	eligible	within_max_length
Q8L7G8	300	eligible	within_max_length
Q8L7H4	709	eligible	within_max_length
Q8L7I1	984	eligible	within_max_length
Q8L7K9	607	eligible	within_max_length
Q8L7L8	578	eligible	within_max_length
Q8L7N4	343	eligible	within_max_length
Q8L7U0	328	eligible	within_max_length
Q8L7U7	229	eligible	within_max_length
Q8L7V8	554	eligible	within_max_length
Q8L7W0	351	eligible	within_max_length
Q8L7W3	878	eligible	within_max_length
Q8L7Y8	1313	excluded_length	sequence_exceeds_max_length
Q8L7Z3	272	eligible	within_max_length
Q8L831	772	eligible	within_max_length
Q8L837	397	eligible	within_max_length
Q8L838	738	eligible	within_max_length
Q8L860	675	eligible	within_max_length
Q8L866	776	eligible	within_max_length
Q8L8A5	210	eligible	within_max_length
Q8L8Q3	159	eligible	within_max_length
Q8L8Z1	190	eligible	within_max_length
Q8L940	309	eligible	within_max_length
Q8L9E3	87	eligible	within_max_length
Q8L9M8	138	eligible	within_max_length
Q8L9Y3	382	eligible	within_max_length
Q8LA96	313	eligible	within_max_length
Q8LAA6	287	eligible	within_max_length
Q8LAD4	188	eligible	within_max_length
Q8LAH7	372	eligible	within_max_length
Q8LAI1	275	eligible	within_max_length
Q8LAK5	88	eligible	within_max_length
Q8LAL2	269	eligible	within_max_length
Q8LAS7	226	eligible	within_max_length
Q8LAW2	372	eligible	within_max_length
Q8LAZ7	357	eligible	within_max_length
Q8LB02	280	eligible	within_max_length
Q8LB17	403	eligible	within_max_length
Q8LB60	221	eligible	within_max_length
Q8LB88	433	eligible	within_max_length
Q8LBB2	424	eligible	within_max_length
Q8LBC0	317	eligible	within_max_length
Q8LBH4	256	eligible	within_max_length
Q8LBK6	169	eligible	within_max_length
Q8LBM2	131	eligible	within_max_length
Q8LBP4	462	eligible	within_max_length
Q8LCG7	199	eligible	within_max_length
Q8LCH5	154	eligible	within_max_length
Q8LCT3	236	eligible	within_max_length
Q8LCY3	106	eligible	within_max_length
Q8LD46	154	eligible	within_max_length
Q8LDI1	222	eligible	within_max_length
Q8S8A0	156	eligible	within_max_length
Q8S8A2	401	eligible	within_max_length
Q8S8E3	215	eligible	within_max_length
Q8S8M9	256	eligible	within_max_length
Q8S8N6	148	eligible	within_max_length
Q8S8Q2	579	eligible	within_max_length
Q8S9G8	801	eligible	within_max_length
Q8S9K8	275	eligible	within_max_length
Q8S9K9	310	eligible	within_max_length
Q8S9L7	317	eligible	within_max_length
Q8SAB7	1830	excluded_length	sequence_exceeds_max_length
Q8VWG7	380	eligible	within_max_length
Q8VWK4	300	eligible	within_max_length
Q8VWQ4	195	eligible	within_max_length
Q8VXU9	278	eligible	within_max_length
Q8VXV7	844	eligible	within_max_length
Q8VXY0	186	eligible	within_max_length
Q8VXZ7	437	eligible	within_max_length
Q8VY07	560	eligible	within_max_length
Q8VY16	819	eligible	within_max_length
Q8VY20	475	eligible	within_max_length
Q8VY21	406	eligible	within_max_length
Q8VY60	178	eligible	within_max_length
Q8VY89	558	eligible	within_max_length
Q8VYB9	840	eligible	within_max_length
Q8VYD2	386	eligible	within_max_length
Q8VYD4	867	eligible	within_max_length
Q8VYF7	238	eligible	within_max_length
Q8VYI1	260	eligible	within_max_length
Q8VYI3	309	eligible	within_max_length
Q8VYJ7	964	eligible	within_max_length
Q8VYK7	121	eligible	within_max_length
Q8VYL4	546	eligible	within_max_length
Q8VYP5	307	eligible	within_max_length
Q8VYQ4	348	eligible	within_max_length
Q8VYR5	444	eligible	within_max_length
Q8VYU8	396	eligible	within_max_length
Q8VYW7	1180	excluded_length	sequence_exceeds_max_length
Q8VZ17	790	eligible	within_max_length
Q8VZ22	301	eligible	within_max_length
Q8VZ24	287	eligible	within_max_length
Q8VZ38	299	eligible	within_max_length
Q8VZ73	296	eligible	within_max_length
Q8VZ95	256	eligible	within_max_length
Q8VZD5	410	eligible	within_max_length
Q8VZG8	1045	excluded_length	sequence_exceeds_max_length
Q8VZI3	281	eligible	within_max_length
Q8VZJ1	379	eligible	within_max_length
Q8VZK0	267	eligible	within_max_length
Q8VZK4	185	eligible	within_max_length
Q8VZM9	159	eligible	within_max_length
Q8VZP6	497	eligible	within_max_length
Q8VZR8	496	eligible	within_max_length
Q8VZS8	221	eligible	within_max_length
Q8VZT3	462	eligible	within_max_length
Q8VZU2	304	eligible	within_max_length
Q8VZW1	296	eligible	within_max_length
Q8W0Z6	613	eligible	within_max_length
Q8W115	209	eligible	within_max_length
Q8W117	511	eligible	within_max_length
Q8W234	877	eligible	within_max_length
Q8W245	364	eligible	within_max_length
Q8W2F3	430	eligible	within_max_length
Q8W420	611	eligible	within_max_length
Q8W470	111	eligible	within_max_length
Q8W490	470	eligible	within_max_length
Q8W497	589	eligible	within_max_length
Q8W4A3	253	eligible	within_max_length
Q8W4I4	782	eligible	within_max_length
Q8W4I7	528	eligible	within_max_length
Q8W4J8	267	eligible	within_max_length
Q8W4J9	908	eligible	within_max_length
Q8W4K5	498	eligible	within_max_length
Q8W4N1	563	eligible	within_max_length
Q8W4P1	513	eligible	within_max_length
Q8W4S5	614	eligible	within_max_length
Q8W575	429	eligible	within_max_length
Q8W5B1	440	eligible	within_max_length
Q93V43	365	eligible	within_max_length
Q93V47	100	eligible	within_max_length
Q93V56	212	eligible	within_max_length
Q93V62	250	eligible	within_max_length
Q93V99	743	eligible	within_max_length
Q93VA8	350	eligible	within_max_length
Q93VB4	418	eligible	within_max_length
Q93VH1	280	eligible	within_max_length
Q93VH5	287	eligible	within_max_length
Q93VK7	178	eligible	within_max_length
Q93VP3	159	eligible	within_max_length
Q93VP9	411	eligible	within_max_length
Q93VQ5	216	eligible	within_max_length
Q93VQ7	136	eligible	within_max_length
Q93VT9	220	eligible	within_max_length
Q93VV0	286	eligible	within_max_length
Q93W05	139	eligible	within_max_length
Q93W30	109	eligible	within_max_length
Q93W87	202	eligible	within_max_length
Q93W92	164	eligible	within_max_length
Q93WB2	220	eligible	within_max_length
Q93WB5	153	eligible	within_max_length
Q93WB8	321	eligible	within_max_length
Q93WC4	251	eligible	within_max_length
Q93WJ9	403	eligible	within_max_length
Q93WU6	330	eligible	within_max_length
Q93WY4	218	eligible	within_max_length
Q93XM6	481	eligible	within_max_length
Q93XN8	423	eligible	within_max_length
Q93XW9	306	eligible	within_max_length
Q93XX0	347	eligible	within_max_length
Q93XX5	426	eligible	within_max_length
Q93XY0	60	eligible	within_max_length
Q93XY2	264	eligible	within_max_length
Q93XY4	302	eligible	within_max_length
Q93XY9	123	eligible	within_max_length
Q93YN0	187	eligible	within_max_length
Q93YP9	488	eligible	within_max_length
Q93YQ1	1344	excluded_length	sequence_exceeds_max_length
Q93YS8	394	eligible	within_max_length
Q93YT1	912	eligible	within_max_length
Q93YU2	497	eligible	within_max_length
Q93YW4	532	eligible	within_max_length
Q93Z00	489	eligible	within_max_length
Q93Z08	477	eligible	within_max_length
Q93Z27	204	eligible	within_max_length
Q93Z30	459	eligible	within_max_length
Q93Z51	196	eligible	within_max_length
Q93Z81	459	eligible	within_max_length
Q93Z92	390	eligible	within_max_length
Q93ZB7	620	eligible	within_max_length
Q93ZF6	153	eligible	within_max_length
Q93ZH7	461	eligible	within_max_length
Q93ZJ3	100	eligible	within_max_length
Q93ZJ9	605	eligible	within_max_length
Q93ZM9	197	eligible	within_max_length
Q93ZQ3	384	eligible	within_max_length
Q93ZQ9	312	eligible	within_max_length
Q93ZT2	154	eligible	within_max_length
Q93ZT6	780	eligible	within_max_length
Q93ZV8	605	eligible	within_max_length
Q93ZX1	339	eligible	within_max_length
Q93ZY2	548	eligible	within_max_length
Q940C2	360	eligible	within_max_length
Q940D0	690	eligible	within_max_length
Q940G3	127	eligible	within_max_length
Q940G6	344	eligible	within_max_length
Q940H6	362	eligible	within_max_length
Q940H8	532	eligible	within_max_length
Q940I0	439	eligible	within_max_length
Q940I8	394	eligible	within_max_length
Q940J1	294	eligible	within_max_length
Q940J7	140	eligible	within_max_length
Q940P5	221	eligible	within_max_length
Q940T0	417	eligible	within_max_length
Q940T9	362	eligible	within_max_length
Q940U5	297	eligible	within_max_length
Q940U6	316	eligible	within_max_length
Q940V1	447	eligible	within_max_length
Q940V4	465	eligible	within_max_length
Q940X7	118	eligible	within_max_length
Q940Y1	721	eligible	within_max_length
Q940Y5	619	eligible	within_max_length
Q940Y6	471	eligible	within_max_length
Q940Z1	316	eligible	within_max_length
Q941C0	105	eligible	within_max_length
Q941C9	369	eligible	within_max_length
Q941D1	149	eligible	within_max_length
Q941L0	1065	excluded_length	sequence_exceeds_max_length
Q941L2	192	eligible	within_max_length
Q944A6	487	eligible	within_max_length
Q944G5	636	eligible	within_max_length
Q944H1	388	eligible	within_max_length
Q944J2	401	eligible	within_max_length
Q944K2	437	eligible	within_max_length
Q944N8	418	eligible	within_max_length
Q944Q0	563	eligible	within_max_length
Q945F0	543	eligible	within_max_length
Q945K9	247	eligible	within_max_length
Q945M1	117	eligible	within_max_length
Q945M9	303	eligible	within_max_length
Q945P2	195	eligible	within_max_length
Q945P6	245	eligible	within_max_length
Q945P7	294	eligible	within_max_length
Q945Q1	101	eligible	within_max_length
Q945S8	363	eligible	within_max_length
Q946Y7	245	eligible	within_max_length
Q949M4	924	eligible	within_max_length
Q949M9	353	eligible	within_max_length
Q949S3	202	eligible	within_max_length
Q949U4	572	eligible	within_max_length
Q949U7	234	eligible	within_max_length
Q949V0	357	eligible	within_max_length
Q949V7	459	eligible	within_max_length
Q949Y0	482	eligible	within_max_length
Q94A20	256	eligible	within_max_length
Q94A21	318	eligible	within_max_length
Q94A76	820	eligible	within_max_length
Q94AA3	333	eligible	within_max_length
Q94AA4	489	eligible	within_max_length
Q94AC3	379	eligible	within_max_length
Q94AG2	625	eligible	within_max_length
Q94AH8	860	eligible	within_max_length
Q94AI4	775	eligible	within_max_length
Q94AI7	1131	excluded_length	sequence_exceeds_max_length
Q94AJ5	444	eligible	within_max_length
Q94AK6	110	eligible	within_max_length
Q94AN4	345	eligible	within_max_length
Q94AQ0	427	eligible	within_max_length
Q94AT3	378	eligible	within_max_length
Q94AU3	330	eligible	within_max_length
Q94AU9	174	eligible	within_max_length
Q94AW9	241	eligible	within_max_length
Q94AX2	277	eligible	within_max_length
Q94AZ4	148	eligible	within_max_length
Q94AZ5	272	eligible	within_max_length
Q94AZ8	88	eligible	within_max_length
Q94B55	456	eligible	within_max_length
Q94B65	323	eligible	within_max_length
Q94B75	326	eligible	within_max_length
Q94BM7	794	eligible	within_max_length
Q94BN0	364	eligible	within_max_length
Q94BN2	359	eligible	within_max_length
Q94BQ3	757	eligible	within_max_length
Q94BR1	702	eligible	within_max_length
Q94BS7	447	eligible	within_max_length
Q94BT6	609	eligible	within_max_length
Q94BT9	76	eligible	within_max_length
Q94BU8	185	eligible	within_max_length
Q94BV4	528	eligible	within_max_length
Q94BX4	447	eligible	within_max_length
Q94BY2	146	eligible	within_max_length
Q94BY8	325	eligible	within_max_length
Q94BZ6	405	eligible	within_max_length
Q94C25	452	eligible	within_max_length
Q94C27	351	eligible	within_max_length
Q94C33	521	eligible	within_max_length
Q94C65	221	eligible	within_max_length
Q94C69	301	eligible	within_max_length
Q94CC9	138	eligible	within_max_length
Q94CE4	280	eligible	within_max_length
Q94CH8	375	eligible	within_max_length
Q94CI7	474	eligible	within_max_length
Q94CK0	480	eligible	within_max_length
Q94CK1	376	eligible	within_max_length
Q94CK3	167	eligible	within_max_length
Q94EI3	245	eligible	within_max_length
Q94EI9	340	eligible	within_max_length
Q94F00	371	eligible	within_max_length
Q94F08	696	eligible	within_max_length
Q94F39	231	eligible	within_max_length
Q94F58	340	eligible	within_max_length
Q94F62	615	eligible	within_max_length
Q94FB9	1337	excluded_length	sequence_exceeds_max_length
Q94HV7	338	eligible	within_max_length
Q94JM3	859	eligible	within_max_length
Q94JQ6	1084	excluded_length	sequence_exceeds_max_length
Q94JQ7	144	eligible	within_max_length
Q94JR1	542	eligible	within_max_length
Q94JU3	260	eligible	within_max_length
Q94JV1	562	eligible	within_max_length
Q94JX9	217	eligible	within_max_length
Q94JY4	85	eligible	within_max_length
Q94K05	549	eligible	within_max_length
Q94K07	374	eligible	within_max_length
Q94K18	103	eligible	within_max_length
Q94K72	92	eligible	within_max_length
Q94KB4	460	eligible	within_max_length
Q94KI8	733	eligible	within_max_length
Q95747	179	eligible	within_max_length
Q95749	556	eligible	within_max_length
Q96247	485	eligible	within_max_length
Q96250	325	eligible	within_max_length
Q96251	238	eligible	within_max_length
Q96253	70	eligible	within_max_length
Q96254	445	eligible	within_max_length
Q96266	263	eligible	within_max_length
Q96276	219	eligible	within_max_length
Q96282	779	eligible	within_max_length
Q96285	661	eligible	within_max_length
Q96286	366	eligible	within_max_length
Q96288	248	eligible	within_max_length
Q96293	377	eligible	within_max_length
Q96321	532	eligible	within_max_length
Q96524	612	eligible	within_max_length
Q9AR19	568	eligible	within_max_length
Q9ASQ2	309	eligible	within_max_length
Q9ASR1	843	eligible	within_max_length
Q9ASS2	601	eligible	within_max_length
Q9ASS6	259	eligible	within_max_length
Q9ASX6	137	eligible	within_max_length
Q9ASX9	251	eligible	within_max_length
Q9ASY2	210	eligible	within_max_length
Q9ASY3	255	eligible	within_max_length
Q9ATB4	487	eligible	within_max_length
Q9C4Z6	326	eligible	within_max_length
Q9C4Z7	229	eligible	within_max_length
Q9C4Z8	176	eligible	within_max_length
Q9C504	112	eligible	within_max_length
Q9C508	390	eligible	within_max_length
Q9C519	553	eligible	within_max_length
Q9C524	384	eligible	within_max_length
Q9C525	524	eligible	within_max_length
Q9C533	596	eligible	within_max_length
Q9C551	537	eligible	within_max_length
Q9C553	621	eligible	within_max_length
Q9C557	249	eligible	within_max_length
Q9C562	479	eligible	within_max_length
Q9C595	251	eligible	within_max_length
Q9C5A9	559	eligible	within_max_length
Q9C5C0	615	eligible	within_max_length
Q9C5C7	481	eligible	within_max_length
Q9C5C8	202	eligible	within_max_length
Q9C5E5	509	eligible	within_max_length
Q9C5G2	423	eligible	within_max_length
Q9C5G5	597	eligible	within_max_length
Q9C5G8	467	eligible	within_max_length
Q9C5H4	690	eligible	within_max_length
Q9C5H9	678	eligible	within_max_length
Q9C5I3	166	eligible	within_max_length
Q9C5J5	319	eligible	within_max_length
Q9C5J7	485	eligible	within_max_length
Q9C5K8	187	eligible	within_max_length
Q9C5L8	585	eligible	within_max_length
Q9C5Q2	262	eligible	within_max_length
Q9C5S9	674	eligible	within_max_length
Q9C5T4	310	eligible	within_max_length
Q9C5T5	166	eligible	within_max_length
Q9C5U0	1080	excluded_length	sequence_exceeds_max_length
Q9C5U1	1036	excluded_length	sequence_exceeds_max_length
Q9C5U2	1176	excluded_length	sequence_exceeds_max_length
Q9C5X8	819	eligible	within_max_length
Q9C5Z2	337	eligible	within_max_length
Q9C5Z3	441	eligible	within_max_length
Q9C616	388	eligible	within_max_length
Q9C658	611	eligible	within_max_length
Q9C6A1	445	eligible	within_max_length
Q9C6B8	622	eligible	within_max_length
Q9C6C8	254	eligible	within_max_length
Q9C6M0	483	eligible	within_max_length
Q9C6M5	361	eligible	within_max_length
Q9C6S5	495	eligible	within_max_length
Q9C6T7	119	eligible	within_max_length
Q9C6Y3	460	eligible	within_max_length
Q9C758	324	eligible	within_max_length
Q9C788	524	eligible	within_max_length
Q9C794	350	eligible	within_max_length
Q9C7A8	210	eligible	within_max_length
Q9C7I9	590	eligible	within_max_length
Q9C7K0	282	eligible	within_max_length
Q9C7N3	237	eligible	within_max_length
Q9C7R6	729	eligible	within_max_length
Q9C7S5	1095	excluded_length	sequence_exceeds_max_length
Q9C7Y2	229	eligible	within_max_length
Q9C803	175	eligible	within_max_length
Q9C809	395	eligible	within_max_length
Q9C827	926	eligible	within_max_length
Q9C836	178	eligible	within_max_length
Q9C865	439	eligible	within_max_length
Q9C888	762	eligible	within_max_length
Q9C895	900	eligible	within_max_length
Q9C899	361	eligible	within_max_length
Q9C8C4	404	eligible	within_max_length
Q9C8D1	431	eligible	within_max_length
Q9C8F7	112	eligible	within_max_length
Q9C8G5	724	eligible	within_max_length
Q9C8J8	678	eligible	within_max_length
Q9C8M0	314	eligible	within_max_length
Q9C8M5	476	eligible	within_max_length
Q9C8T1	229	eligible	within_max_length
Q9C8W5	225	eligible	within_max_length
Q9C8W7	136	eligible	within_max_length
Q9C8Y3	511	eligible	within_max_length
Q9C8Y7	456	eligible	within_max_length
Q9C8Z9	221	eligible	within_max_length
Q9C932	317	eligible	within_max_length
Q9C933	366	eligible	within_max_length
Q9C941	454	eligible	within_max_length
Q9C944	134	eligible	within_max_length
Q9C952	693	eligible	within_max_length
Q9C960	191	eligible	within_max_length
Q9C966	179	eligible	within_max_length
Q9C977	596	eligible	within_max_length
Q9C994	485	eligible	within_max_length
Q9C995	161	eligible	within_max_length
Q9C9A5	195	eligible	within_max_length
Q9C9A6	628	eligible	within_max_length
Q9C9A9	392	eligible	within_max_length
Q9C9B5	151	eligible	within_max_length
Q9C9D4	224	eligible	within_max_length
Q9C9E3	269	eligible	within_max_length
Q9C9F0	374	eligible	within_max_length
Q9C9G5	160	eligible	within_max_length
Q9C9H1	244	eligible	within_max_length
Q9C9H5	484	eligible	within_max_length
Q9C9H8	909	eligible	within_max_length
Q9C9I0	164	eligible	within_max_length
Q9C9N5	685	eligible	within_max_length
Q9C9N6	607	eligible	within_max_length
Q9C9N8	433	eligible	within_max_length
Q9C9Q4	651	eligible	within_max_length
Q9C9U2	398	eligible	within_max_length
Q9C9U4	576	eligible	within_max_length
Q9C9V2	78	eligible	within_max_length
Q9C9W0	263	eligible	within_max_length
Q9C9W9	619	eligible	within_max_length
Q9C9X0	622	eligible	within_max_length
Q9C9Y8	640	eligible	within_max_length
Q9CA19	154	eligible	within_max_length
Q9CA67	467	eligible	within_max_length
Q9CA89	515	eligible	within_max_length
Q9CA98	240	eligible	within_max_length
Q9CAC1	492	eligible	within_max_length
Q9CAC5	191	eligible	within_max_length
Q9CAD1	534	eligible	within_max_length
Q9CAD5	883	eligible	within_max_length
Q9CAF6	950	eligible	within_max_length
Q9CAG5	782	eligible	within_max_length
Q9CAI2	414	eligible	within_max_length
Q9CAJ0	511	eligible	within_max_length
Q9CAJ8	166	eligible	within_max_length
Q9CAK8	231	eligible	within_max_length
Q9CAP8	691	eligible	within_max_length
Q9CAR7	286	eligible	within_max_length
Q9CAT5	314	eligible	within_max_length
Q9CAX3	204	eligible	within_max_length
Q9CB01	202	eligible	within_max_length
Q9FDX1	300	eligible	within_max_length
Q9FDX9	98	eligible	within_max_length
Q9FE06	305	eligible	within_max_length
Q9FE22	292	eligible	within_max_length
Q9FE25	248	eligible	within_max_length
Q9FE67	200	eligible	within_max_length
Q9FE78	344	eligible	within_max_length
Q9FE83	527	eligible	within_max_length
Q9FEF7	216	eligible	within_max_length
Q9FEG2	291	eligible	within_max_length
Q9FF49	704	eligible	within_max_length
Q9FF53	291	eligible	within_max_length
Q9FF87	457	eligible	within_max_length
Q9FF91	946	eligible	within_max_length
Q9FF99	467	eligible	within_max_length
Q9FFA7	368	eligible	within_max_length
Q9FFC0	145	eligible	within_max_length
Q9FFD3	597	eligible	within_max_length
Q9FFD5	153	eligible	within_max_length
Q9FFD7	204	eligible	within_max_length
Q9FFH0	386	eligible	within_max_length
Q9FFJ0	130	eligible	within_max_length
Q9FFJ2	271	eligible	within_max_length
Q9FFK1	336	eligible	within_max_length
Q9FFN7	712	eligible	within_max_length
Q9FFR5	117	eligible	within_max_length
Q9FFR9	810	eligible	within_max_length
Q9FFS8	180	eligible	within_max_length
Q9FFT6	112	eligible	within_max_length
Q9FFW6	594	eligible	within_max_length
Q9FFW8	506	eligible	within_max_length
Q9FFX4	161	eligible	within_max_length
Q9FG00	491	eligible	within_max_length
Q9FG01	504	eligible	within_max_length
Q9FG05	191	eligible	within_max_length
Q9FG14	518	eligible	within_max_length
Q9FG20	242	eligible	within_max_length
Q9FG38	402	eligible	within_max_length
Q9FG61	448	eligible	within_max_length
Q9FG65	502	eligible	within_max_length
Q9FG68	329	eligible	within_max_length
Q9FG74	498	eligible	within_max_length
Q9FG81	251	eligible	within_max_length
Q9FG87	529	eligible	within_max_length
Q9FG94	331	eligible	within_max_length
Q9FGF5	175	eligible	within_max_length
Q9FGJ6	166	eligible	within_max_length
Q9FGJ8	264	eligible	within_max_length
Q9FGK0	125	eligible	within_max_length
Q9FGK5	221	eligible	within_max_length
Q9FGL2	250	eligible	within_max_length
Q9FGM1	188	eligible	within_max_length
Q9FGN0	836	eligible	within_max_length
Q9FGP3	383	eligible	within_max_length
Q9FGP7	202	eligible	within_max_length
Q9FGQ7	367	eligible	within_max_length
Q9FGR0	1442	excluded_length	sequence_exceeds_max_length
Q9FGS5	210	eligible	within_max_length
Q9FGS7	346	eligible	within_max_length
Q9FGU1	195	eligible	within_max_length
Q9FGW5	612	eligible	within_max_length
Q9FGW7	302	eligible	within_max_length
Q9FGX2	145	eligible	within_max_length
Q9FGY3	307	eligible	within_max_length
Q9FGZ5	285	eligible	within_max_length
Q9FH05	473	eligible	within_max_length
Q9FH13	166	eligible	within_max_length
Q9FH18	509	eligible	within_max_length
Q9FH22	150	eligible	within_max_length
Q9FH28	354	eligible	within_max_length
Q9FH63	306	eligible	within_max_length
Q9FH75	860	eligible	within_max_length
Q9FH95	352	eligible	within_max_length
Q9FH99	228	eligible	within_max_length
Q9FHB0	328	eligible	within_max_length
Q9FHN8	1260	excluded_length	sequence_exceeds_max_length
Q9FHP0	432	eligible	within_max_length
Q9FHQ3	137	eligible	within_max_length
Q9FHQ9	163	eligible	within_max_length
Q9FHR7	274	eligible	within_max_length
Q9FHS0	130	eligible	within_max_length
Q9FHS6	403	eligible	within_max_length
Q9FHW2	171	eligible	within_max_length
Q9FHW7	171	eligible	within_max_length
Q9FHZ1	405	eligible	within_max_length
Q9FI00	573	eligible	within_max_length
Q9FI10	197	eligible	within_max_length
Q9FI47	154	eligible	within_max_length
Q9FI70	372	eligible	within_max_length
Q9FI87	259	eligible	within_max_length
Q9FIC3	93	eligible	within_max_length
Q9FIF5	413	eligible	within_max_length
Q9FIG0	96	eligible	within_max_length
Q9FIG9	801	eligible	within_max_length
Q9FII5	1041	excluded_length	sequence_exceeds_max_length
Q9FII6	304	eligible	within_max_length
Q9FII8	447	eligible	within_max_length
Q9FIJ0	921	eligible	within_max_length
Q9FIJ5	431	eligible	within_max_length
Q9FIK0	444	eligible	within_max_length
Q9FIP0	245	eligible	within_max_length
Q9FIP9	592	eligible	within_max_length
Q9FIQ4	226	eligible	within_max_length
Q9FIR9	94	eligible	within_max_length
Q9FIU1	472	eligible	within_max_length
Q9FIW6	329	eligible	within_max_length
Q9FIW9	334	eligible	within_max_length
Q9FIX0	355	eligible	within_max_length
Q9FIY6	137	eligible	within_max_length
Q9FJ00	307	eligible	within_max_length
Q9FJ49	159	eligible	within_max_length
Q9FJ50	161	eligible	within_max_length
Q9FJ77	346	eligible	within_max_length
Q9FJ80	291	eligible	within_max_length
Q9FJ90	232	eligible	within_max_length
Q9FJB4	381	eligible	within_max_length
Q9FJE2	651	eligible	within_max_length
Q9FJF5	423	eligible	within_max_length
Q9FJH0	217	eligible	within_max_length
Q9FJK3	321	eligible	within_max_length
Q9FJL3	578	eligible	within_max_length
Q9FJV0	356	eligible	within_max_length
Q9FJW0	469	eligible	within_max_length
Q9FJZ3	431	eligible	within_max_length
Q9FK10	601	eligible	within_max_length
Q9FK25	363	eligible	within_max_length
Q9FK28	219	eligible	within_max_length
Q9FK42	147	eligible	within_max_length
Q9FK45	320	eligible	within_max_length
Q9FK46	133	eligible	within_max_length
Q9FK55	76	eligible	within_max_length
Q9FK72	345	eligible	within_max_length
Q9FK91	814	eligible	within_max_length
Q9FKA0	285	eligible	within_max_length
Q9FKD7	286	eligible	within_max_length
Q9FKF6	219	eligible	within_max_length
Q9FKF9	317	eligible	within_max_length
Q9FKG1	241	eligible	within_max_length
Q9FKH1	446	eligible	within_max_length
Q9FKI0	687	eligible	within_max_length
Q9FKJ4	439	eligible	within_max_length
Q9FKK2	299	eligible	within_max_length
Q9FKM7	171	eligible	within_max_length
Q9FKP8	279	eligible	within_max_length
Q9FKQ7	150	eligible	within_max_length
Q9FKR2	426	eligible	within_max_length
Q9FKR9	472	eligible	within_max_length
Q9FKT7	150	eligible	within_max_length
Q9FKY2	215	eligible	within_max_length
Q9FL03	584	eligible	within_max_length
Q9FL13	183	eligible	within_max_length
Q9FL19	385	eligible	within_max_length
Q9FL28	1173	excluded_length	sequence_exceeds_max_length
Q9FL33	776	eligible	within_max_length
Q9FL82	252	eligible	within_max_length
Q9FL96	73	eligible	within_max_length
Q9FLA1	436	eligible	within_max_length
Q9FLB1	203	eligible	within_max_length
Q9FLD4	256	eligible	within_max_length
Q9FLE2	424	eligible	within_max_length
Q9FLF7	445	eligible	within_max_length
Q9FLH5	211	eligible	within_max_length
Q9FLI3	416	eligible	within_max_length
Q9FLJ2	336	eligible	within_max_length
Q9FLL0	330	eligible	within_max_length
Q9FLM0	212	eligible	within_max_length
Q9FLM8	51	eligible	within_max_length
Q9FLN5	70	eligible	within_max_length
Q9FLP5	111	eligible	within_max_length
Q9FLQ2	448	eligible	within_max_length
Q9FLT8	917	eligible	within_max_length
Q9FLV4	872	eligible	within_max_length
Q9FLX5	589	eligible	within_max_length
Q9FLZ5	412	eligible	within_max_length
Q9FM10	240	eligible	within_max_length
Q9FM11	297	eligible	within_max_length
Q9FM16	268	eligible	within_max_length
Q9FM19	286	eligible	within_max_length
Q9FM43	353	eligible	within_max_length
Q9FM69	277	eligible	within_max_length
Q9FM97	498	eligible	within_max_length
Q9FMA3	728	eligible	within_max_length
Q9FMA5	465	eligible	within_max_length
Q9FMB6	298	eligible	within_max_length
Q9FMC2	165	eligible	within_max_length
Q9FMC7	178	eligible	within_max_length
Q9FME2	460	eligible	within_max_length
Q9FME4	521	eligible	within_max_length
Q9FME9	144	eligible	within_max_length
Q9FMF5	746	eligible	within_max_length
Q9FMF7	563	eligible	within_max_length
Q9FMH5	355	eligible	within_max_length
Q9FMH6	155	eligible	within_max_length
Q9FMH8	463	eligible	within_max_length
Q9FMJ0	1121	excluded_length	sequence_exceeds_max_length
Q9FMK7	365	eligible	within_max_length
Q9FML2	471	eligible	within_max_length
Q9FMM7	370	eligible	within_max_length
Q9FMN2	930	eligible	within_max_length
Q9FMP4	124	eligible	within_max_length
Q9FMR9	458	eligible	within_max_length
Q9FMS4	93	eligible	within_max_length
Q9FMT9	70	eligible	within_max_length
Q9FMV7	510	eligible	within_max_length
Q9FMX0	263	eligible	within_max_length
Q9FMY3	341	eligible	within_max_length
Q9FMZ0	337	eligible	within_max_length
Q9FN02	413	eligible	within_max_length
Q9FN03	440	eligible	within_max_length
Q9FN37	1036	excluded_length	sequence_exceeds_max_length
Q9FND1	566	eligible	within_max_length
Q9FNE4	1008	eligible	within_max_length
Q9FNM5	681	eligible	within_max_length
Q9FNP4	174	eligible	within_max_length
Q9FNQ0	625	eligible	within_max_length
Q9FNR3	639	eligible	within_max_length
Q9FNV8	139	eligible	within_max_length
Q9FNY0	485	eligible	within_max_length
Q9FNY2	385	eligible	within_max_length
Q9FNY3	292	eligible	within_max_length
Q9FNZ2	430	eligible	within_max_length
Q9FPE8	344	eligible	within_max_length
Q9FPJ4	202	eligible	within_max_length
Q9FPQ8	291	eligible	within_max_length
Q9FPR2	209	eligible	within_max_length
Q9FPS7	695	eligible	within_max_length
Q9FQ08	621	eligible	within_max_length
Q9FQ09	680	eligible	within_max_length
Q9FRH7	445	eligible	within_max_length
Q9FRK5	617	eligible	within_max_length
Q9FRK9	315	eligible	within_max_length
Q9FRL8	213	eligible	within_max_length
Q9FRS9	125	eligible	within_max_length
Q9FT76	164	eligible	within_max_length
Q9FUA4	373	eligible	within_max_length
Q9FUD3	277	eligible	within_max_length
Q9FUP0	391	eligible	within_max_length
Q9FUQ7	214	eligible	within_max_length
Q9FUS9	227	eligible	within_max_length
Q9FUT3	678	eligible	within_max_length
Q9FUY2	931	eligible	within_max_length
Q9FUZ2	273	eligible	within_max_length
Q9FV52	369	eligible	within_max_length
Q9FV71	469	eligible	within_max_length
Q9FVC1	240	eligible	within_max_length
Q9FVC8	365	eligible	within_max_length
Q9FVI6	686	eligible	within_max_length
Q9FVR6	296	eligible	within_max_length
Q9FVT5	362	eligible	within_max_length
Q9FWR4	213	eligible	within_max_length
Q9FWS9	524	eligible	within_max_length
Q9FWT2	161	eligible	within_max_length
Q9FWW2	483	eligible	within_max_length
Q9FX31	722	eligible	within_max_length
Q9FX53	406	eligible	within_max_length
Q9FX67	344	eligible	within_max_length
Q9FX99	663	eligible	within_max_length
Q9FXD6	521	eligible	within_max_length
Q9FXG6	444	eligible	within_max_length
Q9FXG8	538	eligible	within_max_length
Q9FXT6	507	eligible	within_max_length
Q9FY69	326	eligible	within_max_length
Q9FY82	489	eligible	within_max_length
Q9FY93	252	eligible	within_max_length
Q9FYA2	145	eligible	within_max_length
Q9FYC2	537	eligible	within_max_length
Q9FYD1	551	eligible	within_max_length
Q9FYE6	240	eligible	within_max_length
Q9FYF9	379	eligible	within_max_length
Q9FYK6	131	eligible	within_max_length
Q9FYR1	112	eligible	within_max_length
Q9FZ33	473	eligible	within_max_length
Q9FZ47	290	eligible	within_max_length
Q9FZ48	153	eligible	within_max_length
Q9FZ54	93	eligible	within_max_length
Q9FZ76	233	eligible	within_max_length
Q9FZ98	102	eligible	within_max_length
Q9FZF2	184	eligible	within_max_length
Q9FZK0	393	eligible	within_max_length
Q9FZK1	467	eligible	within_max_length
Q9FZK5	200	eligible	within_max_length
Q9LD37	764	eligible	within_max_length
Q9LD40	696	eligible	within_max_length
Q9LD45	247	eligible	within_max_length
Q9LD55	987	eligible	within_max_length
Q9LD83	556	eligible	within_max_length
Q9LD90	565	eligible	within_max_length
Q9LDC0	365	eligible	within_max_length
Q9LDE3	394	eligible	within_max_length
Q9LDI3	446	eligible	within_max_length
Q9LDL7	490	eligible	within_max_length
Q9LDM5	666	eligible	within_max_length
Q9LDU5	274	eligible	within_max_length
Q9LDU6	432	eligible	within_max_length
Q9LDZ0	682	eligible	within_max_length
Q9LE80	253	eligible	within_max_length
Q9LE82	535	eligible	within_max_length
Q9LEA3	523	eligible	within_max_length
Q9LEQ3	706	eligible	within_max_length
Q9LES0	245	eligible	within_max_length
Q9LET0	230	eligible	within_max_length
Q9LEV3	206	eligible	within_max_length
Q9LEX0	290	eligible	within_max_length
Q9LEZ3	529	eligible	within_max_length
Q9LF22	127	eligible	within_max_length
Q9LF53	523	eligible	within_max_length
Q9LF57	149	eligible	within_max_length
Q9LF98	358	eligible	within_max_length
Q9LFB5	475	eligible	within_max_length
Q9LFB6	267	eligible	within_max_length
Q9LFE0	820	eligible	within_max_length
Q9LFH4	512	eligible	within_max_length
Q9LFH6	299	eligible	within_max_length
Q9LFK6	99	eligible	within_max_length
Q9LFP1	221	eligible	within_max_length
Q9LFP7	493	eligible	within_max_length
Q9LFQ1	87	eligible	within_max_length
Q9LFR3	275	eligible	within_max_length
Q9LFS4	638	eligible	within_max_length
Q9LFT2	348	eligible	within_max_length
Q9LFT6	258	eligible	within_max_length
Q9LFT8	505	eligible	within_max_length
Q9LFU3	186	eligible	within_max_length
Q9LHA6	370	eligible	within_max_length
Q9LHA8	650	eligible	within_max_length
Q9LHE5	309	eligible	within_max_length
Q9LHF5	602	eligible	within_max_length
Q9LHG0	293	eligible	within_max_length
Q9LHG8	398	eligible	within_max_length
Q9LHG9	203	eligible	within_max_length
Q9LHI0	133	eligible	within_max_length
Q9LHI7	571	eligible	within_max_length
Q9LHJ9	385	eligible	within_max_length
Q9LHL6	556	eligible	within_max_length
Q9LHL8	196	eligible	within_max_length
Q9LHN2	274	eligible	within_max_length
Q9LHP1	244	eligible	within_max_length
Q9LHP2	262	eligible	within_max_length
Q9LHQ4	338	eligible	within_max_length
Q9LHS9	226	eligible	within_max_length
Q9LIA4	578	eligible	within_max_length
Q9LIA8	480	eligible	within_max_length
Q9LIB5	190	eligible	within_max_length
Q9LIC7	188	eligible	within_max_length
Q9LID1	395	eligible	within_max_length
Q9LID6	603	eligible	within_max_length
Q9LIF6	188	eligible	within_max_length
Q9LIH5	676	eligible	within_max_length
Q9LIJ8	370	eligible	within_max_length
Q9LIP9	677	eligible	within_max_length
Q9LIQ6	234	eligible	within_max_length
Q9LIR8	364	eligible	within_max_length
Q9LIS3	460	eligible	within_max_length
Q9LJ44	364	eligible	within_max_length
Q9LJ45	210	eligible	within_max_length
Q9LJ50	440	eligible	within_max_length
Q9LJ68	415	eligible	within_max_length
Q9LJD8	1368	excluded_length	sequence_exceeds_max_length
Q9LJE2	602	eligible	within_max_length
Q9LJE5	667	eligible	within_max_length
Q9LJF3	1164	excluded_length	sequence_exceeds_max_length
Q9LJF5	359	eligible	within_max_length
Q9LJG8	443	eligible	within_max_length
Q9LJL9	599	eligible	within_max_length
Q9LJM4	991	eligible	within_max_length
Q9LJP2	363	eligible	within_max_length
Q9LJQ3	96	eligible	within_max_length
Q9LJU6	119	eligible	within_max_length
Q9LJY7	510	eligible	within_max_length
Q9LJZ2	523	eligible	within_max_length
Q9LK09	347	eligible	within_max_length
Q9LK25	279	eligible	within_max_length
Q9LK29	307	eligible	within_max_length
Q9LK40	1172	excluded_length	sequence_exceeds_max_length
Q9LK50	685	eligible	within_max_length
Q9LK52	230	eligible	within_max_length
Q9LK72	276	eligible	within_max_length
Q9LK74	360	eligible	within_max_length
Q9LK95	226	eligible	within_max_length
Q9LKA4	404	eligible	within_max_length
Q9LKA5	395	eligible	within_max_length
Q9LKB9	1505	excluded_length	sequence_exceeds_max_length
Q9LKC2	453	eligible	within_max_length
Q9LKF9	739	eligible	within_max_length
Q9LKU3	917	eligible	within_max_length
Q9LKW9	1146	excluded_length	sequence_exceeds_max_length
Q9LKZ3	1013	eligible	within_max_length
Q9LM15	261	eligible	within_max_length
Q9LM46	335	eligible	within_max_length
Q9LM59	599	eligible	within_max_length
Q9LM77	215	eligible	within_max_length
Q9LM91	265	eligible	within_max_length
Q9LM92	131	eligible	within_max_length
Q9LMA8	253	eligible	within_max_length
Q9LMC7	285	eligible	within_max_length
Q9LML3	261	eligible	within_max_length
Q9LMM5	369	eligible	within_max_length
Q9LMN7	733	eligible	within_max_length
Q9LMN8	741	eligible	within_max_length
Q9LMR2	390	eligible	within_max_length
Q9LMR3	358	eligible	within_max_length
Q9LMU0	328	eligible	within_max_length
Q9LMX5	348	eligible	within_max_length
Q9LN03	641	eligible	within_max_length
Q9LN63	335	eligible	within_max_length
Q9LNC5	987	eligible	within_max_length
Q9LND7	436	eligible	within_max_length
Q9LNG8	323	eligible	within_max_length
Q9LNK0	106	eligible	within_max_length
Q9LNM6	110	eligible	within_max_length
Q9LNP9	511	eligible	within_max_length
Q9LNR3	919	eligible	within_max_length
Q9LNT6	285	eligible	within_max_length
Q9LNT9	163	eligible	within_max_length
Q9LNV3	498	eligible	within_max_length
Q9LNW3	442	eligible	within_max_length
Q9LP46	1020	eligible	within_max_length
Q9LP48	193	eligible	within_max_length
Q9LP51	520	eligible	within_max_length
Q9LPD5	261	eligible	within_max_length
Q9LPF1	370	eligible	within_max_length
Q9LPK5	155	eligible	within_max_length
Q9LPL4	360	eligible	within_max_length
Q9LPR6	271	eligible	within_max_length
Q9LPR8	482	eligible	within_max_length
Q9LPT1	686	eligible	within_max_length
Q9LPT6	208	eligible	within_max_length
Q9LPU8	373	eligible	within_max_length
Q9LPW3	450	eligible	within_max_length
Q9LPZ0	363	eligible	within_max_length
Q9LPZ9	830	eligible	within_max_length
Q9LQ02	1453	excluded_length	sequence_exceeds_max_length
Q9LQ10	557	eligible	within_max_length
Q9LQ12	542	eligible	within_max_length
Q9LQ28	184	eligible	within_max_length
Q9LQ65	148	eligible	within_max_length
Q9LQ96	255	eligible	within_max_length
Q9LQ98	345	eligible	within_max_length
Q9LQI9	419	eligible	within_max_length
Q9LQM7	485	eligible	within_max_length
Q9LQM8	305	eligible	within_max_length
Q9LQQ9	363	eligible	within_max_length
Q9LQR8	487	eligible	within_max_length
Q9LQT3	125	eligible	within_max_length
Q9LQT8	533	eligible	within_max_length
Q9LQW3	168	eligible	within_max_length
Q9LQZ2	206	eligible	within_max_length
Q9LQZ7	331	eligible	within_max_length
Q9LR30	481	eligible	within_max_length
Q9LR44	469	eligible	within_max_length
Q9LRA7	867	eligible	within_max_length
Q9LRJ9	252	eligible	within_max_length
Q9LRM4	121	eligible	within_max_length
Q9LRR4	1054	excluded_length	sequence_exceeds_max_length
Q9LRX8	206	eligible	within_max_length
Q9LRX9	186	eligible	within_max_length
Q9LRY5	354	eligible	within_max_length
Q9LRZ3	641	eligible	within_max_length
Q9LRZ4	351	eligible	within_max_length
Q9LRZ6	598	eligible	within_max_length
Q9LS08	344	eligible	within_max_length
Q9LS19	498	eligible	within_max_length
Q9LS24	292	eligible	within_max_length
Q9LS42	689	eligible	within_max_length
Q9LS61	216	eligible	within_max_length
Q9LSB2	386	eligible	within_max_length
Q9LSC7	296	eligible	within_max_length
Q9LSE2	494	eligible	within_max_length
Q9LSF1	421	eligible	within_max_length
Q9LSH4	1149	excluded_length	sequence_exceeds_max_length
Q9LSI9	605	eligible	within_max_length
Q9LSK7	480	eligible	within_max_length
Q9LST0	477	eligible	within_max_length
Q9LSX7	283	eligible	within_max_length
Q9LSX9	153	eligible	within_max_length
Q9LSY0	125	eligible	within_max_length
Q9LSY1	152	eligible	within_max_length
Q9LT47	369	eligible	within_max_length
Q9LT56	356	eligible	within_max_length
Q9LT75	611	eligible	within_max_length
Q9LT81	386	eligible	within_max_length
Q9LT87	663	eligible	within_max_length
Q9LTC7	320	eligible	within_max_length
Q9LTD6	172	eligible	within_max_length
Q9LTF2	179	eligible	within_max_length
Q9LTI0	396	eligible	within_max_length
Q9LTJ6	385	eligible	within_max_length
Q9LTM0	501	eligible	within_max_length
Q9LTM3	502	eligible	within_max_length
Q9LTM4	502	eligible	within_max_length
Q9LTT8	1344	excluded_length	sequence_exceeds_max_length
Q9LTW2	307	eligible	within_max_length
Q9LTW5	577	eligible	within_max_length
Q9LTX2	619	eligible	within_max_length
Q9LTX5	537	eligible	within_max_length
Q9LTX9	718	eligible	within_max_length
Q9LTZ4	274	eligible	within_max_length
Q9LU01	280	eligible	within_max_length
Q9LU08	98	eligible	within_max_length
Q9LU15	127	eligible	within_max_length
Q9LU44	804	eligible	within_max_length
Q9LU46	591	eligible	within_max_length
Q9LU64	305	eligible	within_max_length
Q9LU77	647	eligible	within_max_length
Q9LUA2	332	eligible	within_max_length
Q9LUA3	122	eligible	within_max_length
Q9LUA9	373	eligible	within_max_length
Q9LUC4	442	eligible	within_max_length
Q9LUG9	1309	excluded_length	sequence_exceeds_max_length
Q9LUH2	477	eligible	within_max_length
Q9LUI6	378	eligible	within_max_length
Q9LUJ3	163	eligible	within_max_length
Q9LUJ5	293	eligible	within_max_length
Q9LUL2	480	eligible	within_max_length
Q9LUN2	714	eligible	within_max_length
Q9LUN4	800	eligible	within_max_length
Q9LUN5	398	eligible	within_max_length
Q9LUS8	493	eligible	within_max_length
Q9LUV4	532	eligible	within_max_length
Q9LUV9	400	eligible	within_max_length
Q9LUZ4	607	eligible	within_max_length
Q9LV04	670	eligible	within_max_length
Q9LV09	304	eligible	within_max_length
Q9LV28	326	eligible	within_max_length
Q9LV35	609	eligible	within_max_length
Q9LV58	148	eligible	within_max_length
Q9LV75	113	eligible	within_max_length
Q9LV87	92	eligible	within_max_length
Q9LV90	479	eligible	within_max_length
Q9LVA7	229	eligible	within_max_length
Q9LVA9	420	eligible	within_max_length
Q9LVC0	60	eligible	within_max_length
Q9LVC8	288	eligible	within_max_length
Q9LVG2	485	eligible	within_max_length
Q9LVI4	352	eligible	within_max_length
Q9LVI6	647	eligible	within_max_length
Q9LVM1	728	eligible	within_max_length
Q9LVM5	324	eligible	within_max_length
Q9LVN7	1095	excluded_length	sequence_exceeds_max_length
Q9LVQ7	500	eligible	within_max_length
Q9LVQ8	414	eligible	within_max_length
Q9LVR4	398	eligible	within_max_length
Q9LVS0	365	eligible	within_max_length
Q9LVU5	221	eligible	within_max_length
Q9LVV6	170	eligible	within_max_length
Q9LVW0	401	eligible	within_max_length
Q9LW29	575	eligible	within_max_length
Q9LW45	173	eligible	within_max_length
Q9LW57	284	eligible	within_max_length
Q9LW64	87	eligible	within_max_length
Q9LW66	568	eligible	within_max_length
Q9LW74	93	eligible	within_max_length
Q9LX13	219	eligible	within_max_length
Q9LX33	326	eligible	within_max_length
Q9LX49	287	eligible	within_max_length
Q9LX51	520	eligible	within_max_length
Q9LX56	475	eligible	within_max_length
Q9LX86	170	eligible	within_max_length
Q9LX93	301	eligible	within_max_length
Q9LX99	1273	excluded_length	sequence_exceeds_max_length
Q9LXB3	500	eligible	within_max_length
Q9LXB9	280	eligible	within_max_length
Q9LXC9	300	eligible	within_max_length
Q9LXE3	409	eligible	within_max_length
Q9LXF3	187	eligible	within_max_length
Q9LXG5	94	eligible	within_max_length
Q9LXG8	548	eligible	within_max_length
Q9LXJ0	473	eligible	within_max_length
Q9LXJ2	72	eligible	within_max_length
Q9LXK1	107	eligible	within_max_length
Q9LXM2	280	eligible	within_max_length
Q9LXM5	204	eligible	within_max_length
Q9LXU1	311	eligible	within_max_length
Q9LXV0	488	eligible	within_max_length
Q9LXV1	73	eligible	within_max_length
Q9LXV2	280	eligible	within_max_length
Q9LXW7	1580	excluded_length	sequence_exceeds_max_length
Q9LY00	294	eligible	within_max_length
Q9LY28	479	eligible	within_max_length
Q9LY43	351	eligible	within_max_length
Q9LY50	814	eligible	within_max_length
Q9LYA5	256	eligible	within_max_length
Q9LYC7	332	eligible	within_max_length
Q9LYC8	102	eligible	within_max_length
Q9LYD3	236	eligible	within_max_length
Q9LYD7	314	eligible	within_max_length
Q9LYE4	344	eligible	within_max_length
Q9LYF8	902	eligible	within_max_length
Q9LYG3	588	eligible	within_max_length
Q9LYG8	273	eligible	within_max_length
Q9LYK2	493	eligible	within_max_length
Q9LYK7	590	eligible	within_max_length
Q9LYL6	446	eligible	within_max_length
Q9LYN0	209	eligible	within_max_length
Q9LYN8	1192	excluded_length	sequence_exceeds_max_length
Q9LYP4	303	eligible	within_max_length
Q9LYR4	438	eligible	within_max_length
Q9LYU5	370	eligible	within_max_length
Q9LZ41	123	eligible	within_max_length
Q9LZ61	322	eligible	within_max_length
Q9LZ65	222	eligible	within_max_length
Q9LZ78	127	eligible	within_max_length
Q9LZB8	634	eligible	within_max_length
Q9LZD2	70	eligible	within_max_length
Q9LZH9	256	eligible	within_max_length
Q9LZM1	453	eligible	within_max_length
Q9LZM6	267	eligible	within_max_length
Q9LZM8	575	eligible	within_max_length
Q9LZN0	546	eligible	within_max_length
Q9LZP8	146	eligible	within_max_length
Q9LZP9	131	eligible	within_max_length
Q9LZQ9	726	eligible	within_max_length
Q9LZR5	294	eligible	within_max_length
Q9LZS7	359	eligible	within_max_length
Q9LZV6	263	eligible	within_max_length
Q9LZV7	967	eligible	within_max_length
Q9LZW4	442	eligible	within_max_length
Q9LZW6	217	eligible	within_max_length
Q9M000	623	eligible	within_max_length
Q9M007	767	eligible	within_max_length
Q9M012	223	eligible	within_max_length
Q9M020	688	eligible	within_max_length
Q9M021	682	eligible	within_max_length
Q9M035	427	eligible	within_max_length
Q9M053	293	eligible	within_max_length
Q9M085	412	eligible	within_max_length
Q9M0A4	733	eligible	within_max_length
Q9M0E0	129	eligible	within_max_length
Q9M0F7	415	eligible	within_max_length
Q9M0F9	473	eligible	within_max_length
Q9M0G2	356	eligible	within_max_length
Q9M0G7	1013	eligible	within_max_length
Q9M0I6	348	eligible	within_max_length
Q9M0I7	648	eligible	within_max_length
Q9M0I9	256	eligible	within_max_length
Q9M0K4	283	eligible	within_max_length
Q9M0M4	343	eligible	within_max_length
Q9M0V0	197	eligible	within_max_length
Q9M0V3	1088	excluded_length	sequence_exceeds_max_length
Q9M0V5	250	eligible	within_max_length
Q9M0X8	298	eligible	within_max_length
Q9M101	520	eligible	within_max_length
Q9M111	809	eligible	within_max_length
Q9M155	714	eligible	within_max_length
Q9M1B4	403	eligible	within_max_length
Q9M1E5	481	eligible	within_max_length
Q9M1E6	245	eligible	within_max_length
Q9M1K0	258	eligible	within_max_length
Q9M1K1	253	eligible	within_max_length
Q9M1K9	272	eligible	within_max_length
Q9M1L9	372	eligible	within_max_length
Q9M1P5	181	eligible	within_max_length
Q9M1S9	486	eligible	within_max_length
Q9M1U2	204	eligible	within_max_length
Q9M1U3	91	eligible	within_max_length
Q9M1V9	239	eligible	within_max_length
Q9M1X3	69	eligible	within_max_length
Q9M1X4	153	eligible	within_max_length
Q9M1Y3	611	eligible	within_max_length
Q9M205	230	eligible	within_max_length
Q9M219	558	eligible	within_max_length
Q9M223	228	eligible	within_max_length
Q9M246	238	eligible	within_max_length
Q9M274	334	eligible	within_max_length
Q9M2B3	341	eligible	within_max_length
Q9M2D2	410	eligible	within_max_length
Q9M2H8	307	eligible	within_max_length
Q9M2K4	329	eligible	within_max_length
Q9M2K8	256	eligible	within_max_length
Q9M2L4	1025	excluded_length	sequence_exceeds_max_length
Q9M2M5	426	eligible	within_max_length
Q9M2R4	662	eligible	within_max_length
Q9M2S6	273	eligible	within_max_length
Q9M2S7	190	eligible	within_max_length
Q9M2U8	296	eligible	within_max_length
Q9M2Y9	310	eligible	within_max_length
Q9M2Z4	233	eligible	within_max_length
Q9M310	411	eligible	within_max_length
Q9M329	114	eligible	within_max_length
Q9M337	82	eligible	within_max_length
Q9M339	249	eligible	within_max_length
Q9M345	677	eligible	within_max_length
Q9M350	745	eligible	within_max_length
Q9M367	517	eligible	within_max_length
Q9M376	240	eligible	within_max_length
Q9M384	653	eligible	within_max_length
Q9M390	570	eligible	within_max_length
Q9M392	203	eligible	within_max_length
Q9M3B3	522	eligible	within_max_length
Q9M3C3	154	eligible	within_max_length
Q9M439	388	eligible	within_max_length
Q9M4A1	383	eligible	within_max_length
Q9M565	210	eligible	within_max_length
Q9M591	409	eligible	within_max_length
Q9M5A9	388	eligible	within_max_length
Q9M5K2	507	eligible	within_max_length
Q9M5K3	507	eligible	within_max_length
Q9M622	310	eligible	within_max_length
Q9M651	545	eligible	within_max_length
Q9M658	2001	excluded_length	sequence_exceeds_max_length
Q9M7Q2	431	eligible	within_max_length
Q9M7Q4	416	eligible	within_max_length
Q9M811	543	eligible	within_max_length
Q9M812	156	eligible	within_max_length
Q9M817	607	eligible	within_max_length
Q9M844	198	eligible	within_max_length
Q9M886	263	eligible	within_max_length
Q9M898	348	eligible	within_max_length
Q9M8J9	406	eligible	within_max_length
Q9M8K6	202	eligible	within_max_length
Q9M8M7	457	eligible	within_max_length
Q9M8T0	627	eligible	within_max_length
Q9M8U1	165	eligible	within_max_length
Q9M8W6	207	eligible	within_max_length
Q9M8Y0	977	eligible	within_max_length
Q9M9B3	319	eligible	within_max_length
Q9M9C3	392	eligible	within_max_length
Q9M9C5	670	eligible	within_max_length
Q9M9E8	943	eligible	within_max_length
Q9M9E9	343	eligible	within_max_length
Q9M9F0	311	eligible	within_max_length
Q9M9G6	461	eligible	within_max_length
Q9M9N9	368	eligible	within_max_length
Q9M9S0	312	eligible	within_max_length
Q9M9S4	728	eligible	within_max_length
Q9M9T4	442	eligible	within_max_length
Q9M9V8	545	eligible	within_max_length
Q9MAA7	345	eligible	within_max_length
Q9MAB3	533	eligible	within_max_length
Q9MAB4	593	eligible	within_max_length
Q9MAB9	117	eligible	within_max_length
Q9MAH3	438	eligible	within_max_length
Q9MAH4	590	eligible	within_max_length
Q9MAH8	391	eligible	within_max_length
Q9MAL9	195	eligible	within_max_length
Q9MAM1	447	eligible	within_max_length
Q9MAN1	358	eligible	within_max_length
Q9MAP3	222	eligible	within_max_length
Q9MAQ0	610	eligible	within_max_length
Q9MAS5	220	eligible	within_max_length
Q9MAT6	448	eligible	within_max_length
Q9MAU3	549	eligible	within_max_length
Q9MAU6	447	eligible	within_max_length
Q9MAX3	653	eligible	within_max_length
Q9MBA2	326	eligible	within_max_length
Q9S6Z7	324	eligible	within_max_length
Q9S6Z8	408	eligible	within_max_length
Q9S701	336	eligible	within_max_length
Q9S735	532	eligible	within_max_length
Q9S744	151	eligible	within_max_length
Q9S745	541	eligible	within_max_length
Q9S750	238	eligible	within_max_length
Q9S752	388	eligible	within_max_length
Q9S763	147	eligible	within_max_length
Q9S7A9	174	eligible	within_max_length
Q9S7D1	808	eligible	within_max_length
Q9S7G6	991	eligible	within_max_length
Q9S7H1	208	eligible	within_max_length
Q9S7H5	413	eligible	within_max_length
Q9S7J8	1001	eligible	within_max_length
Q9S7L5	195	eligible	within_max_length
Q9S7L6	706	eligible	within_max_length
Q9S7M2	249	eligible	within_max_length
Q9S7P9	300	eligible	within_max_length
Q9S7Q2	862	eligible	within_max_length
Q9S7Q7	196	eligible	within_max_length
Q9S7W5	355	eligible	within_max_length
Q9S814	1294	excluded_length	sequence_exceeds_max_length
Q9S816	521	eligible	within_max_length
Q9S818	358	eligible	within_max_length
Q9S834	298	eligible	within_max_length
Q9S836	483	eligible	within_max_length
Q9S841	331	eligible	within_max_length
Q9S9K7	142	eligible	within_max_length
Q9S9P2	286	eligible	within_max_length
Q9S9U3	957	eligible	within_max_length
Q9S9U6	460	eligible	within_max_length
Q9S9Z2	365	eligible	within_max_length
Q9SA00	310	eligible	within_max_length
Q9SA19	277	eligible	within_max_length
Q9SA23	232	eligible	within_max_length
Q9SA56	204	eligible	within_max_length
Q9SAA2	271	eligible	within_max_length
Q9SAA9	488	eligible	within_max_length
Q9SAD4	328	eligible	within_max_length
Q9SAF1	427	eligible	within_max_length
Q9SAG6	213	eligible	within_max_length
Q9SAG7	900	eligible	within_max_length
Q9SAH1	80	eligible	within_max_length
Q9SAH7	302	eligible	within_max_length
Q9SAH8	532	eligible	within_max_length
Q9SAI2	274	eligible	within_max_length
Q9SAJ6	422	eligible	within_max_length
Q9SAK9	126	eligible	within_max_length
Q9SAU2	281	eligible	within_max_length
Q9SAZ5	155	eligible	within_max_length
Q9SB04	184	eligible	within_max_length
Q9SB48	692	eligible	within_max_length
Q9SB61	220	eligible	within_max_length
Q9SB92	292	eligible	within_max_length
Q9SBA7	507	eligible	within_max_length
Q9SBJ6	197	eligible	within_max_length
Q9SCK0	603	eligible	within_max_length
Q9SCL7	347	eligible	within_max_length
Q9SCM4	249	eligible	within_max_length
Q9SCP2	483	eligible	within_max_length
Q9SCQ6	452	eligible	within_max_length
Q9SCR0	542	eligible	within_max_length
Q9SCU5	549	eligible	within_max_length
Q9SCU7	323	eligible	within_max_length
Q9SCW1	847	eligible	within_max_length
Q9SCY2	208	eligible	within_max_length
Q9SCY5	289	eligible	within_max_length
Q9SCZ4	895	eligible	within_max_length
Q9SD02	361	eligible	within_max_length
Q9SD33	410	eligible	within_max_length
Q9SD45	323	eligible	within_max_length
Q9SD73	608	eligible	within_max_length
Q9SD88	107	eligible	within_max_length
Q9SD94	405	eligible	within_max_length
Q9SD96	251	eligible	within_max_length
Q9SDQ4	921	eligible	within_max_length
Q9SDS7	375	eligible	within_max_length
Q9SDY5	184	eligible	within_max_length
Q9SE37	174	eligible	within_max_length
Q9SE83	914	eligible	within_max_length
Q9SEE9	414	eligible	within_max_length
Q9SEI3	399	eligible	within_max_length
Q9SEI4	408	eligible	within_max_length
Q9SEU4	287	eligible	within_max_length
Q9SEU8	186	eligible	within_max_length
Q9SEX2	523	eligible	within_max_length
Q9SEZ1	242	eligible	within_max_length
Q9SF16	557	eligible	within_max_length
Q9SF34	527	eligible	within_max_length
Q9SF47	904	eligible	within_max_length
Q9SF85	344	eligible	within_max_length
Q9SF92	205	eligible	within_max_length
Q9SFB0	526	eligible	within_max_length
Q9SFD8	238	eligible	within_max_length
Q9SFE9	341	eligible	within_max_length
Q9SFF4	629	eligible	within_max_length
Q9SFU2	360	eligible	within_max_length
Q9SFV2	320	eligible	within_max_length
Q9SG80	678	eligible	within_max_length
Q9SG82	335	eligible	within_max_length
Q9SG86	675	eligible	within_max_length
Q9SGA6	143	eligible	within_max_length
Q9SGE2	111	eligible	within_max_length
Q9SGH4	220	eligible	within_max_length
Q9SGN7	470	eligible	within_max_length
Q9SGP6	137	eligible	within_max_length
Q9SGS2	338	eligible	within_max_length
Q9SGV6	334	eligible	within_max_length
Q9SH71	587	eligible	within_max_length
Q9SHC2	164	eligible	within_max_length
Q9SHC8	239	eligible	within_max_length
Q9SHD3	222	eligible	within_max_length
Q9SHG7	154	eligible	within_max_length
Q9SHH8	220	eligible	within_max_length
Q9SHI2	1101	excluded_length	sequence_exceeds_max_length
Q9SHI3	729	eligible	within_max_length
Q9SHP0	422	eligible	within_max_length
Q9SHQ6	476	eligible	within_max_length
Q9SHY1	371	eligible	within_max_length
Q9SHZ6	343	eligible	within_max_length
Q9SI03	300	eligible	within_max_length
Q9SI09	162	eligible	within_max_length
Q9SI20	231	eligible	within_max_length
Q9SI54	99	eligible	within_max_length
Q9SI61	566	eligible	within_max_length
Q9SI62	343	eligible	within_max_length
Q9SIA5	476	eligible	within_max_length
Q9SIC8	199	eligible	within_max_length
Q9SIF2	780	eligible	within_max_length
Q9SIH1	164	eligible	within_max_length
Q9SII8	551	eligible	within_max_length
Q9SIK1	523	eligible	within_max_length
Q9SIL6	286	eligible	within_max_length
Q9SIN1	691	eligible	within_max_length
Q9SIP7	250	eligible	within_max_length
Q9SIR8	155	eligible	within_max_length
Q9SIU2	848	eligible	within_max_length
Q9SIV0	462	eligible	within_max_length
Q9SIW1	482	eligible	within_max_length
Q9SIX1	512	eligible	within_max_length
Q9SIY7	213	eligible	within_max_length
Q9SIZ2	344	eligible	within_max_length
Q9SIZ5	410	eligible	within_max_length
Q9SJ16	569	eligible	within_max_length
Q9SJ67	189	eligible	within_max_length
Q9SJA2	690	eligible	within_max_length
Q9SJA7	416	eligible	within_max_length
Q9SJA8	321	eligible	within_max_length
Q9SJC2	247	eligible	within_max_length
Q9SJF3	367	eligible	within_max_length
Q9SJG9	606	eligible	within_max_length
Q9SJH8	293	eligible	within_max_length
Q9SJJ0	255	eligible	within_max_length
Q9SJJ5	83	eligible	within_max_length
Q9SJJ7	237	eligible	within_max_length
Q9SJL7	298	eligible	within_max_length
Q9SJL9	299	eligible	within_max_length
Q9SJM1	410	eligible	within_max_length
Q9SJM3	949	eligible	within_max_length
Q9SJN0	442	eligible	within_max_length
Q9SJR5	398	eligible	within_max_length
Q9SJT7	821	eligible	within_max_length
Q9SJU0	1058	excluded_length	sequence_exceeds_max_length
Q9SJW6	378	eligible	within_max_length
Q9SJW9	571	eligible	within_max_length
Q9SJX8	249	eligible	within_max_length
Q9SJY4	124	eligible	within_max_length
Q9SJZ6	219	eligible	within_max_length
Q9SK47	445	eligible	within_max_length
Q9SK53	294	eligible	within_max_length
Q9SK55	275	eligible	within_max_length
Q9SK87	386	eligible	within_max_length
Q9SK92	381	eligible	within_max_length
Q9SK96	564	eligible	within_max_length
Q9SKA8	585	eligible	within_max_length
Q9SKB2	641	eligible	within_max_length
Q9SKC1	457	eligible	within_max_length
Q9SKC9	103	eligible	within_max_length
Q9SKD9	295	eligible	within_max_length
Q9SKH9	336	eligible	within_max_length
Q9SKK0	628	eligible	within_max_length
Q9SKN2	434	eligible	within_max_length
Q9SKW5	314	eligible	within_max_length
Q9SKY2	139	eligible	within_max_length
Q9SL15	145	eligible	within_max_length
Q9SL70	571	eligible	within_max_length
Q9SL90	2464	excluded_length	sequence_exceeds_max_length
Q9SLB9	450	eligible	within_max_length
Q9SLD4	178	eligible	within_max_length
Q9SLG0	141	eligible	within_max_length
Q9SLH0	584	eligible	within_max_length
Q9SLH3	587	eligible	within_max_length
Q9SLK2	349	eligible	within_max_length
Q9SLN0	336	eligible	within_max_length
Q9SLP1	534	eligible	within_max_length
Q9SLV1	225	eligible	within_max_length
Q9SM23	338	eligible	within_max_length
Q9SMN1	256	eligible	within_max_length
Q9SMP0	234	eligible	within_max_length
Q9SMW7	165	eligible	within_max_length
Q9SMX3	274	eligible	within_max_length
Q9SMY8	990	eligible	within_max_length
Q9SN12	301	eligible	within_max_length
Q9SN19	502	eligible	within_max_length
Q9SN23	247	eligible	within_max_length
Q9SN80	1011	eligible	within_max_length
Q9SN97	838	eligible	within_max_length
Q9SNA3	889	eligible	within_max_length
Q9SNB4	323	eligible	within_max_length
Q9SND6	342	eligible	within_max_length
Q9SP32	1909	excluded_length	sequence_exceeds_max_length
Q9SPI1	307	eligible	within_max_length
Q9SPK4	284	eligible	within_max_length
Q9SPU7	1123	excluded_length	sequence_exceeds_max_length
Q9SQI2	1173	excluded_length	sequence_exceeds_max_length
Q9SQR2	272	eligible	within_max_length
Q9SQT9	125	eligible	within_max_length
Q9SQX9	447	eligible	within_max_length
Q9SQY8	287	eligible	within_max_length
Q9SQZ0	584	eligible	within_max_length
Q9SR06	444	eligible	within_max_length
Q9SR07	330	eligible	within_max_length
Q9SR34	172	eligible	within_max_length
Q9SR37	524	eligible	within_max_length
Q9SR38	244	eligible	within_max_length
Q9SR71	539	eligible	within_max_length
Q9SR93	509	eligible	within_max_length
Q9SRH7	490	eligible	within_max_length
Q9SRI1	302	eligible	within_max_length
Q9SRL2	957	eligible	within_max_length
Q9SRL8	165	eligible	within_max_length
Q9SRQ3	248	eligible	within_max_length
Q9SRQ7	538	eligible	within_max_length
Q9SRQ8	356	eligible	within_max_length
Q9SRS2	235	eligible	within_max_length
Q9SRS5	217	eligible	within_max_length
Q9SRT3	682	eligible	within_max_length
Q9SRT9	357	eligible	within_max_length
Q9SRV1	465	eligible	within_max_length
Q9SRV7	306	eligible	within_max_length
Q9SRY3	120	eligible	within_max_length
Q9SS37	247	eligible	within_max_length
Q9SS94	820	eligible	within_max_length
Q9SSA8	358	eligible	within_max_length
Q9SSC7	210	eligible	within_max_length
Q9SSD1	496	eligible	within_max_length
Q9SSF8	541	eligible	within_max_length
Q9SSK9	335	eligible	within_max_length
Q9SSL9	1123	excluded_length	sequence_exceeds_max_length
Q9SSM7	209	eligible	within_max_length
Q9SSP5	516	eligible	within_max_length
Q9SSS9	234	eligible	within_max_length
Q9SSW0	193	eligible	within_max_length
Q9SSW1	245	eligible	within_max_length
Q9STE8	818	eligible	within_max_length
Q9STF1	276	eligible	within_max_length
Q9STF9	257	eligible	within_max_length
Q9STG1	204	eligible	within_max_length
Q9STG2	158	eligible	within_max_length
Q9STJ9	130	eligible	within_max_length
Q9STL2	490	eligible	within_max_length
Q9STL4	361	eligible	within_max_length
Q9STM3	1360	excluded_length	sequence_exceeds_max_length
Q9STP8	354	eligible	within_max_length
Q9STR4	447	eligible	within_max_length
Q9STS3	579	eligible	within_max_length
Q9STS6	328	eligible	within_max_length
Q9STT5	935	eligible	within_max_length
Q9STW3	213	eligible	within_max_length
Q9STX0	353	eligible	within_max_length
Q9STY0	227	eligible	within_max_length
Q9SU24	813	eligible	within_max_length
Q9SU25	649	eligible	within_max_length
Q9SU56	610	eligible	within_max_length
Q9SU67	208	eligible	within_max_length
Q9SU94	390	eligible	within_max_length
Q9SUA3	506	eligible	within_max_length
Q9SUA6	214	eligible	within_max_length
Q9SUB0	232	eligible	within_max_length
Q9SUC0	347	eligible	within_max_length
Q9SUD5	359	eligible	within_max_length
Q9SUH1	214	eligible	within_max_length
Q9SUK8	179	eligible	within_max_length
Q9SUL7	426	eligible	within_max_length
Q9SUM2	88	eligible	within_max_length
Q9SUN5	257	eligible	within_max_length
Q9SUP6	324	eligible	within_max_length
Q9SUQ8	187	eligible	within_max_length
Q9SUR5	228	eligible	within_max_length
Q9SUR6	422	eligible	within_max_length
Q9SUT6	329	eligible	within_max_length
Q9SUU8	377	eligible	within_max_length
Q9SUY9	451	eligible	within_max_length
Q9SV09	540	eligible	within_max_length
Q9SV15	325	eligible	within_max_length
Q9SV20	948	eligible	within_max_length
Q9SV31	286	eligible	within_max_length
Q9SV55	425	eligible	within_max_length
Q9SV74	176	eligible	within_max_length
Q9SVD5	282	eligible	within_max_length
Q9SVD7	146	eligible	within_max_length
Q9SVG9	191	eligible	within_max_length
Q9SVL6	203	eligible	within_max_length
Q9SVN2	800	eligible	within_max_length
Q9SVQ0	388	eligible	within_max_length
Q9SVQ3	517	eligible	within_max_length
Q9SVQ9	263	eligible	within_max_length
Q9SVT8	504	eligible	within_max_length
Q9SVU0	426	eligible	within_max_length
Q9SVW8	549	eligible	within_max_length
Q9SVX5	277	eligible	within_max_length
Q9SWA6	432	eligible	within_max_length
Q9SWG3	827	eligible	within_max_length
Q9SWI1	439	eligible	within_max_length
Q9SX27	452	eligible	within_max_length
Q9SX77	257	eligible	within_max_length
Q9SX97	209	eligible	within_max_length
Q9SXJ7	952	eligible	within_max_length
Q9SXL4	1207	excluded_length	sequence_exceeds_max_length
Q9SXS2	631	eligible	within_max_length
Q9SXS7	323	eligible	within_max_length
Q9SY29	382	eligible	within_max_length
Q9SY38	162	eligible	within_max_length
Q9SY69	913	eligible	within_max_length
Q9SYB9	404	eligible	within_max_length
Q9SYG2	383	eligible	within_max_length
Q9SYK4	1136	excluded_length	sequence_exceeds_max_length
Q9SYK5	627	eligible	within_max_length
Q9SYM2	299	eligible	within_max_length
Q9SYM5	669	eligible	within_max_length
Q9SYP1	2171	excluded_length	sequence_exceeds_max_length
Q9SYP2	614	eligible	within_max_length
Q9SYQ8	980	eligible	within_max_length
Q9SYS3	654	eligible	within_max_length
Q9SYS6	216	eligible	within_max_length
Q9SYT0	317	eligible	within_max_length
Q9SYU4	381	eligible	within_max_length
Q9SYX1	262	eligible	within_max_length
Q9SYX2	1029	excluded_length	sequence_exceeds_max_length
Q9SZ03	495	eligible	within_max_length
Q9SZ05	397	eligible	within_max_length
Q9SZ15	421	eligible	within_max_length
Q9SZ44	453	eligible	within_max_length
Q9SZ65	306	eligible	within_max_length
Q9SZ75	434	eligible	within_max_length
Q9SZB3	344	eligible	within_max_length
Q9SZD1	603	eligible	within_max_length
Q9SZD4	443	eligible	within_max_length
Q9SZE2	532	eligible	within_max_length
Q9SZF7	531	eligible	within_max_length
Q9SZI2	372	eligible	within_max_length
Q9SZI3	600	eligible	within_max_length
Q9SZI6	352	eligible	within_max_length
Q9SZJ6	228	eligible	within_max_length
Q9SZL5	302	eligible	within_max_length
Q9SZM3	484	eligible	within_max_length
Q9SZQ5	321	eligible	within_max_length
Q9SZR9	638	eligible	within_max_length
Q9SZU7	270	eligible	within_max_length
Q9T031	375	eligible	within_max_length
Q9T041	864	eligible	within_max_length
Q9T072	328	eligible	within_max_length
Q9T074	671	eligible	within_max_length
Q9T0A6	198	eligible	within_max_length
Q9T0A7	350	eligible	within_max_length
Q9T0A8	187	eligible	within_max_length
Q9T6H8	382	eligible	within_max_length
Q9XEA1	772	eligible	within_max_length
Q9XEC3	528	eligible	within_max_length
Q9XEC7	646	eligible	within_max_length
Q9XED8	638	eligible	within_max_length
Q9XEF1	371	eligible	within_max_length
Q9XF67	491	eligible	within_max_length
Q9XF88	287	eligible	within_max_length
Q9XF89	280	eligible	within_max_length
Q9XF91	265	eligible	within_max_length
Q9XF92	170	eligible	within_max_length
Q9XFB0	184	eligible	within_max_length
Q9XFD1	257	eligible	within_max_length
Q9XFM0	175	eligible	within_max_length
Q9XFR5	268	eligible	within_max_length
Q9XGM3	1217	excluded_length	sequence_exceeds_max_length
Q9XGZ3	115	eligible	within_max_length
Q9XI01	501	eligible	within_max_length
Q9XI07	807	eligible	within_max_length
Q9XI32	147	eligible	within_max_length
Q9XI36	384	eligible	within_max_length
Q9XI84	482	eligible	within_max_length
Q9XI87	438	eligible	within_max_length
Q9XI98	206	eligible	within_max_length
Q9XIB5	226	eligible	within_max_length
Q9XIC7	628	eligible	within_max_length
Q9XID3	829	eligible	within_max_length
Q9XIE3	155	eligible	within_max_length
Q9XII1	307	eligible	within_max_length
Q9XII4	231	eligible	within_max_length
Q9XIJ1	174	eligible	within_max_length
Q9XIN7	335	eligible	within_max_length
Q9XIP7	468	eligible	within_max_length
Q9XIR8	74	eligible	within_max_length
Q9ZNR6	314	eligible	within_max_length
Q9ZNT0	435	eligible	within_max_length
Q9ZNV8	156	eligible	within_max_length
Q9ZNV9	154	eligible	within_max_length
Q9ZNX9	517	eligible	within_max_length
Q9ZPE4	317	eligible	within_max_length
Q9ZPR7	390	eligible	within_max_length
Q9ZPS9	1143	excluded_length	sequence_exceeds_max_length
Q9ZPV7	221	eligible	within_max_length
Q9ZPX9	135	eligible	within_max_length
Q9ZQ46	683	eligible	within_max_length
Q9ZQ85	432	eligible	within_max_length
Q9ZQ87	356	eligible	within_max_length
Q9ZQC0	106	eligible	within_max_length
Q9ZQR3	868	eligible	within_max_length
Q9ZR02	154	eligible	within_max_length
Q9ZR04	302	eligible	within_max_length
Q9ZR12	585	eligible	within_max_length
Q9ZR14	250	eligible	within_max_length
Q9ZR79	659	eligible	within_max_length
Q9ZRD6	199	eligible	within_max_length
Q9ZRE2	205	eligible	within_max_length
Q9ZRF9	540	eligible	within_max_length
Q9ZRV4	737	eligible	within_max_length
Q9ZSA2	531	eligible	within_max_length
Q9ZSD4	346	eligible	within_max_length
Q9ZSJ6	116	eligible	within_max_length
Q9ZSK2	146	eligible	within_max_length
Q9ZSM8	856	eligible	within_max_length
Q9ZST4	196	eligible	within_max_length
Q9ZSZ8	330	eligible	within_max_length
Q9ZT48	632	eligible	within_max_length
Q9ZT50	155	eligible	within_max_length
Q9ZT63	398	eligible	within_max_length
Q9ZT91	454	eligible	within_max_length
Q9ZT92	569	eligible	within_max_length
Q9ZT96	541	eligible	within_max_length
Q9ZU25	503	eligible	within_max_length
Q9ZU51	147	eligible	within_max_length
Q9ZU82	197	eligible	within_max_length
Q9ZU90	292	eligible	within_max_length
Q9ZU93	458	eligible	within_max_length
Q9ZUB3	334	eligible	within_max_length
Q9ZUB5	241	eligible	within_max_length
Q9ZUC0	137	eligible	within_max_length
Q9ZUI8	374	eligible	within_max_length
Q9ZUI9	284	eligible	within_max_length
Q9ZUJ2	173	eligible	within_max_length
Q9ZUL5	763	eligible	within_max_length
Q9ZUM8	682	eligible	within_max_length
Q9ZUN5	270	eligible	within_max_length
Q9ZUW3	868	eligible	within_max_length
Q9ZV02	258	eligible	within_max_length
Q9ZV06	236	eligible	within_max_length
Q9ZV07	289	eligible	within_max_length
Q9ZV08	291	eligible	within_max_length
Q9ZV45	88	eligible	within_max_length
Q9ZV48	862	eligible	within_max_length
Q9ZV66	168	eligible	within_max_length
Q9ZV90	475	eligible	within_max_length
Q9ZVA4	441	eligible	within_max_length
Q9ZVH3	284	eligible	within_max_length
Q9ZVI3	286	eligible	within_max_length
Q9ZVI9	421	eligible	within_max_length
Q9ZVJ4	199	eligible	within_max_length
Q9ZVL8	161	eligible	within_max_length
Q9ZVM9	572	eligible	within_max_length
Q9ZVN6	653	eligible	within_max_length
Q9ZVP0	253	eligible	within_max_length
Q9ZVR7	1008	eligible	within_max_length
Q9ZVT7	322	eligible	within_max_length
Q9ZVX5	743	eligible	within_max_length
Q9ZVX8	278	eligible	within_max_length
Q9ZVY7	241	eligible	within_max_length
Q9ZW05	169	eligible	within_max_length
Q9ZW19	271	eligible	within_max_length
Q9ZW21	362	eligible	within_max_length
Q9ZW22	272	eligible	within_max_length
Q9ZW30	224	eligible	within_max_length
Q9ZW31	153	eligible	within_max_length
Q9ZWC8	1166	excluded_length	sequence_exceeds_max_length
Q9ZWJ9	664	eligible	within_max_length
Q9ZWS6	186	eligible	within_max_length
Q9ZWS7	206	eligible	within_max_length
